id,month_year,from_period,to_period,state_board_id,port_board_id,data_table_type_id,created_on,created_by_user_id
1,2017-05-01 00:00:00,,,,9,1,2018-06-14 11:20:41,28
2,2017-04-01 00:00:00,,,,9,1,2018-06-14 11:22:11,28
3,2017-06-01 00:00:00,,,,9,1,2018-06-14 11:22:57,28
4,2017-07-01 00:00:00,,,,9,1,2018-06-14 11:23:46,28
5,2017-08-01 00:00:00,,,,9,1,2018-06-14 11:24:29,28
6,2017-05-01 00:00:00,,,,9,1,2018-06-14 11:42:47,28
7,2017-06-01 00:00:00,,,,13,1,2018-06-18 12:21:01,14
8,2017-05-01 00:00:00,,,,13,1,2018-06-18 12:32:58,14
9,2017-07-01 00:00:00,,,,13,1,2018-06-18 12:34:52,14
10,2017-06-01 00:00:00,,,,8,1,2018-06-18 14:59:54,123
11,2017-06-01 00:00:00,,,,8,1,2018-06-18 15:00:20,123
12,2017-08-01 00:00:00,,,,13,1,2018-06-21 14:25:08,14
13,2017-09-01 00:00:00,,,,13,1,2018-06-21 14:25:36,14
14,2017-04-01 00:00:00,,,,8,1,2018-07-03 16:39:42,123
15,2017-05-01 00:00:00,,,,8,1,2018-07-03 16:41:33,123
16,2017-06-01 00:00:00,,,,8,1,2018-07-03 16:45:12,123
17,2017-07-01 00:00:00,,,,8,1,2018-07-03 16:50:35,123
18,2017-08-01 00:00:00,,,,8,1,2018-07-03 16:53:00,123
19,,2017-04-01 00:00:00,2018-03-01 00:00:00,,10,3,2018-07-06 15:35:31,45
20,2017-05-01 00:00:00,,,,10,1,2018-07-06 15:40:30,45
21,2017-04-01 00:00:00,,,,10,1,2018-07-06 15:45:52,45
22,2017-06-01 00:00:00,,,,10,1,2018-07-06 15:47:41,45
23,2017-07-01 00:00:00,,,,10,1,2018-07-06 15:51:05,45
24,2017-08-01 00:00:00,,,,10,1,2018-07-06 15:52:28,45
25,2017-09-01 00:00:00,,,,10,1,2018-07-06 15:53:25,45
26,2017-10-01 00:00:00,,,,10,1,2018-07-06 15:54:37,45
27,2017-11-01 00:00:00,,,,10,1,2018-07-06 15:55:53,45
28,2017-12-01 00:00:00,,,,10,1,2018-07-06 15:56:57,45
29,2018-01-01 00:00:00,,,,10,1,2018-07-06 15:57:59,45
30,2018-02-01 00:00:00,,,,10,1,2018-07-06 15:58:56,45
31,2018-03-01 00:00:00,,,,10,1,2018-07-06 15:59:57,45
32,2018-04-01 00:00:00,,,,10,1,2018-07-06 16:12:13,45
33,2017-09-01 00:00:00,,,,3,1,2018-07-25 12:06:42,54
34,2017-10-01 00:00:00,,,,3,1,2018-07-25 12:07:14,54
35,2017-11-01 00:00:00,,,,3,1,2018-07-25 12:07:43,54
36,2017-12-01 00:00:00,,,,3,1,2018-07-25 12:08:53,54
37,2018-02-01 00:00:00,,,,3,1,2018-07-25 12:09:20,54
38,2017-08-01 00:00:00,,,,3,1,2018-07-25 12:10:13,54
39,2017-07-01 00:00:00,,,,3,1,2018-07-25 12:10:51,54
40,2017-06-01 00:00:00,,,,3,1,2018-07-25 12:11:25,54
41,2017-04-01 00:00:00,,,,3,1,2018-07-25 12:12:08,54
42,2017-05-01 00:00:00,,,,3,1,2018-07-25 12:12:39,54
43,2017-05-01 00:00:00,,,,3,1,2018-07-25 12:13:29,54
44,2017-04-01 00:00:00,,,,3,1,2018-07-25 12:14:08,54
45,2017-07-01 00:00:00,,,,3,1,2018-07-25 12:15:04,54
46,2017-08-01 00:00:00,,,,3,1,2018-07-25 12:16:15,54
47,2017-04-01 00:00:00,,,,9,1,2018-07-25 16:07:19,28
48,2017-05-01 00:00:00,,,,9,1,2018-07-25 16:12:23,28
49,2017-06-01 00:00:00,,,,9,1,2018-07-25 16:14:53,28
50,2017-07-01 00:00:00,,,,9,1,2018-07-25 16:16:55,28
51,2017-08-01 00:00:00,,,,9,1,2018-07-25 16:19:31,28
52,2017-09-01 00:00:00,,,,9,1,2018-07-25 16:22:48,28
53,,2017-04-01 00:00:00,2017-09-01 00:00:00,,9,2,2018-07-25 16:28:41,28
54,2017-05-01 00:00:00,,,,9,1,2018-07-25 16:30:52,28
55,2017-10-01 00:00:00,,,,9,1,2018-07-25 16:33:03,28
56,2017-11-01 00:00:00,,,,9,1,2018-07-25 16:35:12,28
57,2017-12-01 00:00:00,,,,9,1,2018-07-25 16:39:03,28
58,2018-01-01 00:00:00,,,,9,1,2018-07-25 16:43:13,28
59,2018-02-01 00:00:00,,,,9,1,2018-07-25 16:45:23,28
60,2018-03-01 00:00:00,,,,9,1,2018-07-25 16:47:10,28
61,2017-04-01 00:00:00,,,,6,1,2018-07-25 16:47:39,39
62,,2017-10-01 00:00:00,2018-03-01 00:00:00,,9,2,2018-07-25 16:49:07,28
63,,2017-04-01 00:00:00,2018-03-01 00:00:00,,9,3,2018-07-25 16:52:31,28
64,2018-04-01 00:00:00,,,,9,1,2018-07-25 16:54:42,28
65,2018-05-01 00:00:00,,,,9,1,2018-07-25 16:56:34,28
66,2017-05-01 00:00:00,,,,6,1,2018-07-25 17:01:54,39
67,2017-06-01 00:00:00,,,,6,1,2018-07-25 17:06:12,39
68,2017-07-01 00:00:00,,,,6,1,2018-07-25 17:17:46,39
69,2017-08-01 00:00:00,,,,6,1,2018-07-25 17:20:06,39
70,2017-09-01 00:00:00,,,,6,1,2018-07-25 17:22:26,39
71,2017-09-01 00:00:00,,,,3,1,2018-07-25 17:22:39,54
72,2017-10-01 00:00:00,,,,3,1,2018-07-25 17:28:26,54
73,2017-11-01 00:00:00,,,,3,1,2018-07-25 17:32:19,54
74,2017-12-01 00:00:00,,,,3,1,2018-07-25 17:38:40,54
75,2018-02-01 00:00:00,,,,3,1,2018-07-25 17:41:44,54
76,2017-10-01 00:00:00,,,,6,1,2018-07-25 17:48:19,39
77,2017-10-01 00:00:00,,,,6,1,2018-07-25 17:57:56,39
78,2017-11-01 00:00:00,,,,6,1,2018-07-25 18:00:18,39
79,2017-12-01 00:00:00,,,,6,1,2018-07-25 18:02:18,39
80,2018-01-01 00:00:00,,,,6,1,2018-07-25 18:03:53,39
81,2018-02-01 00:00:00,,,,6,1,2018-07-25 18:05:24,39
82,2018-03-01 00:00:00,,,,6,1,2018-07-25 18:13:06,39
83,2016-04-01 00:00:00,,,,9,1,2018-07-26 10:21:17,28
84,2016-05-01 00:00:00,,,,9,1,2018-07-26 10:23:29,28
85,2016-06-01 00:00:00,,,,9,1,2018-07-26 10:25:25,28
86,2016-07-01 00:00:00,,,,9,1,2018-07-26 10:27:17,28
87,2016-08-01 00:00:00,,,,9,1,2018-07-26 10:29:02,28
88,2016-09-01 00:00:00,,,,9,1,2018-07-26 10:30:44,28
89,2016-10-01 00:00:00,,,,9,1,2018-07-26 10:32:20,28
90,2016-11-01 00:00:00,,,,9,1,2018-07-26 11:09:41,28
91,2016-12-01 00:00:00,,,,9,1,2018-07-26 11:11:54,28
92,2017-01-01 00:00:00,,,,9,1,2018-07-26 11:13:58,28
93,2017-02-01 00:00:00,,,,9,1,2018-07-26 11:15:26,28
94,2017-03-01 00:00:00,,,,9,1,2018-07-26 11:17:01,28
95,,2016-04-01 00:00:00,2016-09-01 00:00:00,,9,2,2018-07-26 11:19:24,28
96,,2016-10-01 00:00:00,2017-03-01 00:00:00,,9,2,2018-07-26 11:22:04,28
97,,2016-04-01 00:00:00,2017-03-01 00:00:00,,9,3,2018-07-26 11:28:21,28
98,2017-04-01 00:00:00,,,,7,1,2018-07-26 12:01:55,19
99,2017-05-01 00:00:00,,,,7,1,2018-07-26 12:04:11,19
100,2017-06-01 00:00:00,,,,7,1,2018-07-26 12:06:31,19
101,2017-07-01 00:00:00,,,,7,1,2018-07-26 12:08:47,19
102,2017-08-01 00:00:00,,,,7,1,2018-07-26 12:11:13,19
103,2017-09-01 00:00:00,,,,7,1,2018-07-26 12:15:18,19
104,2017-10-01 00:00:00,,,,7,1,2018-07-26 12:18:04,19
105,2017-11-01 00:00:00,,,,7,1,2018-07-26 12:20:40,19
106,2017-12-01 00:00:00,,,,7,1,2018-07-26 12:25:25,19
107,2018-01-01 00:00:00,,,,7,1,2018-07-26 12:29:54,19
108,2018-02-01 00:00:00,,,,7,1,2018-07-26 12:33:47,19
109,2018-03-01 00:00:00,,,,7,1,2018-07-26 12:38:36,19
110,2018-06-01 00:00:00,,,,7,1,2018-07-26 12:45:38,19
111,2018-04-01 00:00:00,,,,7,1,2018-07-26 12:50:25,19
112,2018-05-01 00:00:00,,,,7,1,2018-07-26 12:52:43,19
113,2017-01-01 00:00:00,,,,6,1,2018-07-26 16:03:14,39
114,2017-02-01 00:00:00,,,,6,1,2018-07-26 16:06:04,39
115,2017-03-01 00:00:00,,,,6,1,2018-07-26 16:09:22,39
116,2016-04-01 00:00:00,,,,6,1,2018-07-26 16:12:52,39
117,2018-03-01 00:00:00,,,,3,1,2018-07-26 16:17:41,54
118,2016-05-01 00:00:00,,,,6,1,2018-07-26 16:18:05,39
119,2016-06-01 00:00:00,,,,6,1,2018-07-26 16:23:15,39
120,2016-07-01 00:00:00,,,,6,1,2018-07-26 16:31:16,39
121,2016-08-01 00:00:00,,,,6,1,2018-07-26 16:34:44,39
122,2016-09-01 00:00:00,,,,6,1,2018-07-26 16:38:04,39
123,2016-10-01 00:00:00,,,,6,1,2018-07-26 16:48:06,39
124,2016-11-01 00:00:00,,,,6,1,2018-07-26 16:52:15,39
125,2016-12-01 00:00:00,,,,6,1,2018-07-26 16:55:12,39
126,,2017-04-01 00:00:00,2018-03-01 00:00:00,,6,3,2018-07-26 17:40:00,39
127,,2016-04-01 00:00:00,2017-03-01 00:00:00,,6,3,2018-07-26 17:44:36,39
128,,2016-10-01 00:00:00,2017-03-01 00:00:00,,6,2,2018-07-26 17:59:18,39
129,,2016-04-01 00:00:00,2016-09-01 00:00:00,,6,2,2018-07-26 18:01:22,39
130,,2017-04-01 00:00:00,2017-09-01 00:00:00,,6,2,2018-07-26 18:04:56,39
131,2018-05-01 00:00:00,,,,6,1,2018-07-27 18:35:37,39
132,2018-05-01 00:00:00,,,,6,1,2018-07-27 18:37:15,39
133,2018-06-01 00:00:00,,,,6,1,2018-08-04 00:31:41,39
134,,2017-10-01 00:00:00,2018-03-01 00:00:00,,6,2,2018-08-04 00:36:10,39
135,2018-04-01 00:00:00,,,,10,1,2018-08-10 11:30:43,45
136,2018-05-01 00:00:00,,,,10,1,2018-08-10 11:41:40,45
137,2018-08-01 00:00:00,,,,2,1,2018-09-19 16:13:50,154
138,2018-05-01 00:00:00,,,6,42,1,2018-09-29 12:43:35,83
139,2018-08-01 00:00:00,,,6,42,1,2018-09-29 13:19:25,83
140,2018-07-01 00:00:00,,,6,42,1,2018-09-29 13:24:02,83
141,2018-08-01 00:00:00,,,5,81,1,2018-10-01 13:14:18,157
142,2018-08-01 00:00:00,,,5,81,1,2018-10-01 13:14:39,157
143,2018-08-01 00:00:00,,,,7,1,2018-10-03 12:56:39,19
144,2018-05-01 00:00:00,,,,7,1,2018-10-03 13:09:30,19
145,2018-04-01 00:00:00,,,,7,1,2018-10-03 13:33:48,19
146,2018-08-01 00:00:00,,,,7,1,2018-10-04 10:58:27,19
147,2018-09-01 00:00:00,,,,7,1,2018-10-04 11:00:39,19
148,2018-04-01 00:00:00,,,,9,1,2018-10-04 16:18:08,28
149,2018-05-01 00:00:00,,,,9,1,2018-10-04 16:22:01,28
150,2018-06-01 00:00:00,,,,9,1,2018-10-04 16:32:12,28
151,2018-07-01 00:00:00,,,,9,1,2018-10-04 16:34:06,28
152,2018-08-01 00:00:00,,,,9,1,2018-10-04 16:36:25,28
153,2018-09-01 00:00:00,,,,9,1,2018-10-04 16:38:45,28
154,2018-08-01 00:00:00,,,,9,1,2018-10-04 16:40:56,28
155,2018-04-01 00:00:00,,,5,81,1,2018-10-06 13:10:17,157
156,2018-09-01 00:00:00,,,6,42,1,2018-10-08 12:12:18,83
157,2018-08-01 00:00:00,,,6,39,1,2018-10-16 12:01:17,165
158,2017-09-01 00:00:00,,,,10,1,2018-10-17 11:25:55,45
159,2017-09-01 00:00:00,,,,10,1,2018-10-17 11:41:20,45
160,2017-08-01 00:00:00,,,,10,1,2018-10-17 11:48:57,45
161,2017-08-01 00:00:00,,,,10,1,2018-10-17 12:47:25,45
162,2017-08-01 00:00:00,,,,10,1,2018-10-17 12:49:57,45
163,2017-08-01 00:00:00,,,,10,1,2018-10-17 12:52:21,45
164,2017-07-01 00:00:00,,,,10,1,2018-10-17 13:17:38,45
165,2017-07-01 00:00:00,,,,10,1,2018-10-17 13:19:03,45
166,2017-07-01 00:00:00,,,,10,1,2018-10-17 13:24:36,45
167,2017-07-01 00:00:00,,,,10,1,2018-10-17 15:00:56,45
168,2017-06-01 00:00:00,,,,10,1,2018-10-17 17:12:19,45
169,2018-09-01 00:00:00,,,5,73,1,2018-10-17 17:15:39,161
170,2018-09-01 00:00:00,,,5,73,1,2018-10-17 17:18:22,161
171,2017-06-01 00:00:00,,,,10,1,2018-10-17 17:19:55,45
172,2017-05-01 00:00:00,,,,10,1,2018-10-19 15:17:23,45
173,2017-05-01 00:00:00,,,,10,1,2018-10-19 15:18:35,45
174,2017-04-01 00:00:00,,,,10,1,2018-10-19 15:26:03,45
175,2017-04-01 00:00:00,,,,10,1,2018-10-19 15:29:39,45
176,2017-04-01 00:00:00,,,,10,1,2018-10-19 15:30:45,45
177,2018-03-01 00:00:00,,,6,39,1,2018-10-22 13:21:26,165
178,2018-02-01 00:00:00,,,6,39,1,2018-10-22 16:37:04,165
179,2017-08-01 00:00:00,,,6,39,1,2018-10-24 14:43:39,165
180,,2017-04-01 00:00:00,2017-09-01 00:00:00,,10,2,2018-10-24 16:45:55,45
181,2018-04-01 00:00:00,,,,4,1,2018-10-31 16:03:24,77
182,2018-05-01 00:00:00,,,,4,1,2018-10-31 16:06:41,77
183,2018-06-01 00:00:00,,,,4,1,2018-10-31 16:14:58,77
184,2018-07-01 00:00:00,,,,4,1,2018-10-31 16:16:56,77
185,2018-08-01 00:00:00,,,,4,1,2018-10-31 16:19:50,77
186,2018-09-01 00:00:00,,,,4,1,2018-10-31 16:22:09,77
187,2017-05-01 00:00:00,,,6,40,1,2018-11-02 14:13:07,106
188,2017-07-01 00:00:00,,,5,81,1,2018-11-02 15:34:38,157
189,2018-03-01 00:00:00,,,6,41,1,2018-11-03 10:52:32,118
190,2018-07-01 00:00:00,,,,3,1,2018-11-09 12:35:05,54
191,2018-05-01 00:00:00,,,,3,1,2018-11-09 12:36:08,54
192,2017-10-01 00:00:00,,,,10,1,2018-11-09 16:00:24,45
193,2017-10-01 00:00:00,,,,10,1,2018-11-09 16:02:57,45
194,2018-10-01 00:00:00,,,,6,1,2018-11-09 18:49:17,39
195,2018-04-01 00:00:00,,,5,73,1,2018-11-13 14:51:24,161
196,2018-05-01 00:00:00,,,5,73,1,2018-11-13 16:04:02,161
197,2018-06-01 00:00:00,,,5,73,1,2018-11-13 16:07:36,161
198,2018-07-01 00:00:00,,,5,73,1,2018-11-13 16:12:17,161
199,2018-08-01 00:00:00,,,5,73,1,2018-11-13 16:15:42,161
200,2018-07-01 00:00:00,,,5,73,1,2018-11-13 16:29:03,161
201,2018-08-01 00:00:00,,,5,73,1,2018-11-13 16:36:17,161
202,2017-06-01 00:00:00,,,5,73,1,2018-11-14 12:34:20,161
203,2018-01-01 00:00:00,,,5,66,1,2018-11-14 15:29:37,124
204,2018-01-01 00:00:00,,,5,66,1,2018-11-14 15:29:57,124
205,2017-03-01 00:00:00,,,5,85,1,2018-11-14 18:21:09,144
206,2017-04-01 00:00:00,,,5,85,1,2018-11-14 18:21:25,144
207,2017-03-01 00:00:00,,,5,85,1,2018-11-14 18:45:20,144
208,2017-04-01 00:00:00,,,5,85,1,2018-11-14 18:45:35,144
209,2017-07-01 00:00:00,,,5,85,1,2018-11-14 18:45:51,144
210,2017-08-01 00:00:00,,,5,85,1,2018-11-14 18:46:07,144
211,2017-09-01 00:00:00,,,5,85,1,2018-11-14 18:46:24,144
212,2017-10-01 00:00:00,,,5,85,1,2018-11-14 18:46:40,144
213,2017-11-01 00:00:00,,,5,85,1,2018-11-14 18:46:59,144
214,2017-12-01 00:00:00,,,5,85,1,2018-11-14 18:47:20,144
215,2018-01-01 00:00:00,,,5,85,1,2018-11-14 18:47:35,144
216,2017-03-01 00:00:00,,,5,85,1,2018-11-14 19:21:02,144
217,2017-04-01 00:00:00,,,5,85,1,2018-11-14 19:21:21,144
218,2017-07-01 00:00:00,,,5,85,1,2018-11-14 19:22:06,144
219,2017-08-01 00:00:00,,,5,85,1,2018-11-14 19:22:31,144
220,2017-09-01 00:00:00,,,5,85,1,2018-11-14 19:22:48,144
221,2017-10-01 00:00:00,,,5,85,1,2018-11-14 19:23:13,144
222,2017-11-01 00:00:00,,,5,85,1,2018-11-14 19:23:31,144
223,2017-12-01 00:00:00,,,5,85,1,2018-11-14 19:23:49,144
224,2018-01-01 00:00:00,,,5,85,1,2018-11-14 19:24:19,144
225,2018-10-01 00:00:00,,,10,33,1,2018-11-23 11:01:06,56
226,2018-04-01 00:00:00,,,,4,1,2018-11-23 15:46:42,77
227,2018-05-01 00:00:00,,,,4,1,2018-11-23 15:54:58,77
228,2018-06-01 00:00:00,,,,4,1,2018-11-23 16:03:45,77
229,2018-07-01 00:00:00,,,,4,1,2018-11-23 16:05:32,77
230,2018-08-01 00:00:00,,,,4,1,2018-11-23 16:12:39,77
231,2018-09-01 00:00:00,,,,4,1,2018-11-23 16:14:24,77
232,2017-09-01 00:00:00,,,6,35,1,2018-11-30 10:20:00,84
233,2017-09-01 00:00:00,,,6,35,1,2018-11-30 10:21:03,84
234,2017-09-01 00:00:00,,,6,35,1,2018-11-30 12:58:47,84
235,2017-06-01 00:00:00,,,6,35,1,2018-11-30 14:39:54,84
236,2017-10-01 00:00:00,,,6,35,1,2018-11-30 16:44:02,84
237,2017-10-01 00:00:00,,,6,35,1,2018-11-30 16:44:53,84
238,2017-10-01 00:00:00,,,6,35,1,2018-11-30 16:47:03,84
239,2018-05-01 00:00:00,,,5,61,1,2018-12-03 15:47:33,129
240,2018-08-01 00:00:00,,,,7,1,2018-12-03 15:53:24,19
241,2017-11-01 00:00:00,,,,10,1,2018-12-12 16:22:03,45
242,2017-11-01 00:00:00,,,,10,1,2018-12-12 16:28:29,45
243,2017-11-01 00:00:00,,,,10,1,2018-12-12 16:32:08,45
244,2017-08-01 00:00:00,,,,1,1,2018-12-18 11:25:17,76
245,2017-08-01 00:00:00,,,,1,1,2018-12-18 11:30:55,76
246,2017-08-01 00:00:00,,,,1,1,2018-12-18 11:33:01,76
247,2018-11-01 00:00:00,,,,5,1,2018-12-18 11:33:25,26
248,2017-08-01 00:00:00,,,,1,1,2018-12-18 11:33:38,76
249,2017-07-01 00:00:00,,,,1,1,2018-12-18 11:39:21,76
250,2017-09-01 00:00:00,,,,1,1,2018-12-18 11:43:38,76
251,2018-10-01 00:00:00,,,,5,1,2018-12-18 12:10:48,26
252,2018-11-01 00:00:00,,,,5,1,2018-12-18 12:13:57,26
253,2018-12-01 00:00:00,,,6,39,1,2018-12-19 13:52:42,165
254,2017-06-01 00:00:00,,,,13,1,2018-12-27 14:08:40,14
255,2017-06-01 00:00:00,,,,13,1,2018-12-27 15:09:26,14
256,2017-06-01 00:00:00,,,,13,1,2018-12-27 15:15:24,14
257,2017-06-01 00:00:00,,,,13,1,2018-12-27 15:17:06,14
258,2017-06-01 00:00:00,,,,13,1,2018-12-27 15:19:19,14
259,2017-06-01 00:00:00,,,,13,1,2018-12-27 15:20:44,14
260,2017-06-01 00:00:00,,,,13,1,2018-12-27 15:24:38,14
261,2017-06-01 00:00:00,,,,13,1,2018-12-27 15:27:58,14
262,2017-06-01 00:00:00,,,,13,1,2018-12-27 15:35:48,14
263,2017-06-01 00:00:00,,,,13,1,2018-12-27 15:42:14,14
264,2017-06-01 00:00:00,,,,13,1,2018-12-27 15:43:59,14
265,2017-06-01 00:00:00,,,,13,1,2018-12-27 15:44:42,14
266,2017-06-01 00:00:00,,,,13,1,2018-12-27 15:45:49,14
267,2017-06-01 00:00:00,,,,13,1,2018-12-27 15:46:49,14
268,,2017-04-01 00:00:00,2018-03-01 00:00:00,,5,3,2018-12-27 16:24:18,26
269,2018-04-01 00:00:00,,,,5,1,2018-12-27 17:36:33,26
270,2018-05-01 00:00:00,,,,5,1,2018-12-27 17:38:54,26
271,2018-06-01 00:00:00,,,,5,1,2018-12-27 17:43:52,26
272,2018-04-01 00:00:00,,,5,81,1,2019-01-01 11:37:43,157
273,2018-04-01 00:00:00,,,5,88,1,2019-01-01 16:17:11,159
274,2018-12-01 00:00:00,,,6,39,1,2019-01-02 11:43:04,165
275,2018-12-01 00:00:00,,,6,39,1,2019-01-02 11:50:30,165
276,2018-02-01 00:00:00,,,10,31,1,2019-01-03 11:23:21,59
277,2018-04-01 00:00:00,,,5,60,1,2019-01-03 16:25:35,179
278,2018-11-01 00:00:00,,,5,60,1,2019-01-03 16:46:45,179
279,2018-11-01 00:00:00,,,5,60,1,2019-01-03 16:50:24,179
280,2017-07-01 00:00:00,,,5,100,1,2019-01-05 12:32:21,177
281,2017-04-01 00:00:00,,,5,100,1,2019-01-05 13:44:53,177
282,2017-05-01 00:00:00,,,5,100,1,2019-01-05 13:46:04,177
283,2017-06-01 00:00:00,,,5,100,1,2019-01-05 13:47:16,177
284,2017-07-01 00:00:00,,,5,100,1,2019-01-05 13:48:26,177
285,2017-08-01 00:00:00,,,5,100,1,2019-01-05 13:49:17,177
286,2017-09-01 00:00:00,,,5,100,1,2019-01-05 13:49:56,177
287,2017-10-01 00:00:00,,,5,100,1,2019-01-05 13:51:27,177
288,2017-11-01 00:00:00,,,5,100,1,2019-01-05 13:52:05,177
289,2017-12-01 00:00:00,,,5,100,1,2019-01-05 13:54:24,177
290,2018-01-01 00:00:00,,,5,100,1,2019-01-05 13:55:26,177
291,2018-02-01 00:00:00,,,5,100,1,2019-01-05 13:56:22,177
292,2018-03-01 00:00:00,,,5,100,1,2019-01-05 13:57:01,177
293,2018-04-01 00:00:00,,,,13,1,2019-01-07 14:40:24,14
294,2018-12-01 00:00:00,,,5,83,1,2019-01-07 18:06:19,137
295,2018-05-01 00:00:00,,,,13,1,2019-01-08 12:34:15,14
296,2018-06-01 00:00:00,,,,13,1,2019-01-09 13:04:06,14
297,2017-12-01 00:00:00,,,,10,1,2019-01-09 16:35:10,45
298,2018-07-01 00:00:00,,,,13,1,2019-01-10 12:40:06,14
299,2018-08-01 00:00:00,,,,13,1,2019-01-10 16:29:30,14
300,2018-08-01 00:00:00,,,,13,1,2019-01-10 16:30:16,14
301,2018-09-01 00:00:00,,,,13,1,2019-01-11 14:34:04,14
302,2018-10-01 00:00:00,,,,13,1,2019-01-15 12:59:31,14
303,2018-11-01 00:00:00,,,,13,1,2019-01-16 12:01:09,14
304,2018-12-01 00:00:00,,,6,38,1,2019-01-16 12:56:53,89
305,2018-12-01 00:00:00,,,,13,1,2019-01-31 14:26:08,14
306,2019-01-01 00:00:00,,,,7,1,2019-02-02 13:05:07,19
307,2019-01-01 00:00:00,,,5,61,1,2019-02-04 17:11:34,129
308,2018-01-01 00:00:00,,,,10,1,2019-02-08 11:33:30,45
309,2019-01-01 00:00:00,,,,13,1,2019-02-11 10:45:56,14
310,2019-01-01 00:00:00,,,,13,1,2019-02-11 10:55:26,14
311,2019-01-01 00:00:00,,,,13,1,2019-02-11 10:56:44,14
312,2018-12-01 00:00:00,,,,9,1,2019-02-19 14:29:17,28
313,2018-12-01 00:00:00,,,,9,1,2019-02-22 11:35:28,28
314,2019-12-01 00:00:00,,,1,107,1,2019-02-22 15:40:51,181
315,2018-02-01 00:00:00,,,,10,1,2019-03-07 16:32:20,45
316,2019-03-01 00:00:00,,,5,53,1,2019-04-01 12:48:51,127
317,2018-11-01 00:00:00,,,,7,1,2019-04-01 15:22:40,19
318,2018-12-01 00:00:00,,,,7,1,2019-04-01 15:23:58,19
319,2019-01-01 00:00:00,,,,7,1,2019-04-01 15:24:20,19
320,2019-02-01 00:00:00,,,,7,1,2019-04-01 15:24:49,19
321,2019-03-01 00:00:00,,,5,94,1,2019-04-01 16:46:54,146
322,2019-03-01 00:00:00,,,5,100,1,2019-04-02 10:35:31,177
323,2019-03-01 00:00:00,,,6,39,1,2019-04-03 08:45:35,165
324,2019-02-01 00:00:00,,,8,114,1,2019-04-05 12:33:25,212
325,2019-02-01 00:00:00,,,8,114,1,2019-04-05 12:33:51,212
326,2019-01-01 00:00:00,,,8,114,1,2019-04-05 12:34:34,212
327,2018-03-01 00:00:00,,,8,114,1,2019-04-06 11:30:31,212
328,2018-03-01 00:00:00,,,,10,1,2019-04-08 16:32:01,45
329,2018-04-01 00:00:00,,,6,115,1,2019-04-09 16:32:45,221
330,2018-08-01 00:00:00,,,,13,1,2019-04-10 11:26:30,14
331,2019-02-01 00:00:00,,,,13,1,2019-04-10 11:28:45,14
332,2019-03-01 00:00:00,,,,13,1,2019-04-10 11:39:06,14
333,2019-03-01 00:00:00,,,,13,1,2019-04-10 11:42:51,14
334,2019-03-01 00:00:00,,,,13,1,2019-04-10 11:49:48,14
335,2019-01-01 00:00:00,,,1,108,1,2019-04-29 13:13:39,183
336,2017-04-01 00:00:00,,,6,106,1,2019-05-06 13:58:14,175
337,2019-05-01 00:00:00,,,3,26,1,2019-05-08 12:34:29,64
338,2019-04-01 00:00:00,,,,1,1,2019-05-13 15:33:24,76
339,2019-04-01 00:00:00,,,1,109,1,2019-05-14 17:26:28,188
340,2019-04-01 00:00:00,,,7,112,1,2019-05-16 15:11:27,219
341,2018-09-01 00:00:00,,,,3,1,2019-05-21 15:56:52,54
342,2018-10-01 00:00:00,,,,3,1,2019-05-21 15:58:08,54
343,2019-01-01 00:00:00,,,,3,1,2019-05-21 16:00:45,54
344,2019-01-01 00:00:00,,,,3,1,2019-05-21 16:04:34,54
345,2019-03-01 00:00:00,,,,3,1,2019-05-21 16:07:25,54
346,2017-05-01 00:00:00,,,,9,1,2019-06-03 10:56:56,28
347,2017-12-01 00:00:00,,,,9,1,2019-06-03 11:00:01,28
348,2019-03-01 00:00:00,,,6,39,1,2019-06-04 13:36:31,165
349,2019-04-01 00:00:00,,,6,39,1,2019-06-04 13:39:47,165
350,2019-05-01 00:00:00,,,6,39,1,2019-06-04 13:41:42,165
351,2018-08-01 00:00:00,,,,4,1,2019-06-04 14:53:43,77
352,2018-08-01 00:00:00,,,,4,1,2019-06-04 15:05:02,77
353,2019-05-01 00:00:00,,,5,100,1,2019-06-04 17:25:18,177
354,2019-05-01 00:00:00,,,3,26,1,2019-06-06 10:27:52,64
355,2019-05-01 00:00:00,,,9,49,1,2019-06-06 21:43:30,111
356,2019-05-01 00:00:00,,,,3,1,2019-06-07 12:37:55,54
357,2019-05-01 00:00:00,,,3,28,1,2019-06-07 16:32:41,65
358,2019-05-01 00:00:00,,,,4,1,2019-06-07 16:55:05,77
359,2018-04-01 00:00:00,,,,10,1,2019-06-13 15:08:45,45
360,2018-05-01 00:00:00,,,,10,1,2019-06-13 15:14:16,45
361,2018-06-01 00:00:00,,,,10,1,2019-06-13 15:27:05,45
362,2018-07-01 00:00:00,,,,10,1,2019-06-13 15:34:14,45
363,2018-08-01 00:00:00,,,,10,1,2019-06-13 15:44:12,45
364,2018-09-01 00:00:00,,,,10,1,2019-06-13 15:53:05,45
365,2018-10-01 00:00:00,,,,10,1,2019-06-13 15:57:15,45
366,2018-11-01 00:00:00,,,,10,1,2019-06-13 16:02:35,45
367,2018-12-01 00:00:00,,,,10,1,2019-06-13 16:08:32,45
368,2019-01-01 00:00:00,,,,10,1,2019-06-13 16:13:39,45
369,2019-02-01 00:00:00,,,,10,1,2019-06-13 16:19:02,45
370,2019-03-01 00:00:00,,,,10,1,2019-06-13 16:22:51,45
371,2018-04-01 00:00:00,,,2,117,1,2019-06-26 16:23:16,229
372,2018-04-01 00:00:00,,,2,117,1,2019-06-26 16:23:33,229
373,2018-04-01 00:00:00,,,2,117,1,2019-06-26 16:23:56,229
374,2019-06-01 00:00:00,,,5,100,1,2019-07-03 14:00:33,177
375,2019-06-01 00:00:00,,,5,100,1,2019-07-03 14:05:00,177
376,2019-06-01 00:00:00,,,5,100,1,2019-07-03 14:11:08,177
377,2019-06-01 00:00:00,,,5,100,1,2019-07-03 14:24:25,177
378,2019-06-01 00:00:00,,,6,42,1,2019-07-08 14:00:17,83
379,2019-06-01 00:00:00,,,6,42,1,2019-07-08 14:06:25,83
380,2018-11-01 00:00:00,,,5,55,1,2019-07-17 15:50:07,173
381,2019-03-01 00:00:00,,,5,55,1,2019-07-17 15:51:37,173
382,2019-04-01 00:00:00,,,,11,1,2019-07-18 15:28:35,31
383,2019-05-01 00:00:00,,,,11,1,2019-07-18 15:31:12,31
384,2019-06-01 00:00:00,,,,11,1,2019-07-18 15:32:31,31
385,2019-06-01 00:00:00,,,,11,1,2019-07-18 15:33:22,31
386,2019-03-01 00:00:00,,,,11,1,2019-07-18 15:35:20,31
387,2019-02-01 00:00:00,,,,11,1,2019-07-18 15:39:37,31
388,2019-01-01 00:00:00,,,,11,1,2019-07-18 15:41:02,31
389,2018-12-01 00:00:00,,,,11,1,2019-07-18 15:42:10,31
390,2018-11-01 00:00:00,,,,11,1,2019-07-18 15:43:51,31
391,2018-10-01 00:00:00,,,,11,1,2019-07-18 15:45:20,31
392,2018-04-01 00:00:00,,,,11,1,2019-07-18 15:50:36,31
393,2018-05-01 00:00:00,,,,11,1,2019-07-19 11:02:46,31
394,2018-06-01 00:00:00,,,,11,1,2019-07-19 11:07:55,31
395,2018-07-01 00:00:00,,,,11,1,2019-07-19 11:10:51,31
396,2018-04-01 00:00:00,,,,11,1,2019-07-19 11:13:58,31
397,2018-12-01 00:00:00,,,,8,1,2019-07-19 11:56:14,123
398,2018-10-01 00:00:00,,,,8,1,2019-07-19 11:57:40,123
399,2019-06-01 00:00:00,,,,6,1,2019-07-25 15:30:19,39
400,2019-08-01 00:00:00,,,5,66,1,2019-08-03 18:08:53,124
401,2019-07-01 00:00:00,,,6,105,1,2019-08-05 22:19:16,174
402,2019-07-01 00:00:00,,,6,35,1,2019-08-06 09:21:32,236
403,2019-07-01 00:00:00,,,5,100,1,2019-08-06 17:27:14,177
404,2019-07-01 00:00:00,,,5,100,1,2019-08-06 17:32:50,177
405,2019-07-01 00:00:00,,,5,100,1,2019-08-06 17:33:07,177
406,2019-07-01 00:00:00,,,,1,1,2019-08-07 14:39:16,76
407,2019-07-01 00:00:00,,,5,66,1,2019-08-08 17:12:56,124
408,2018-04-01 00:00:00,,,,12,1,2019-08-19 10:39:52,43
409,2018-04-01 00:00:00,,,,12,1,2019-08-19 10:43:07,43
410,2018-04-01 00:00:00,,,,12,1,2019-08-19 10:44:33,43
411,2018-04-01 00:00:00,,,,12,1,2019-08-19 10:45:23,43
412,2018-05-01 00:00:00,,,,12,1,2019-08-19 10:47:31,43
413,2018-05-01 00:00:00,,,,12,1,2019-08-19 10:48:36,43
414,2018-06-01 00:00:00,,,,12,1,2019-08-19 10:53:42,43
415,2018-07-01 00:00:00,,,,12,1,2019-08-19 10:58:21,43
416,2018-08-01 00:00:00,,,,12,1,2019-08-19 11:01:19,43
417,2018-09-01 00:00:00,,,,12,1,2019-08-19 11:07:46,43
418,2018-12-01 00:00:00,,,9,52,1,2019-08-20 12:37:12,114
419,2019-07-01 00:00:00,,,6,35,1,2019-08-20 16:59:17,236
420,2019-08-01 00:00:00,,,5,66,1,2019-09-05 17:59:57,124
421,2019-08-01 00:00:00,,,3,28,1,2019-09-06 12:27:18,65
422,2019-08-01 00:00:00,,,5,66,1,2019-09-06 12:27:52,124
423,2019-08-01 00:00:00,,,3,28,1,2019-09-06 12:45:18,65
424,2019-08-01 00:00:00,,,5,103,1,2019-09-06 16:28:44,160
425,2019-08-01 00:00:00,,,5,103,1,2019-09-06 16:29:19,160
426,2019-08-01 00:00:00,,,6,35,1,2019-09-06 17:22:48,236
427,2019-08-01 00:00:00,,,6,35,1,2019-09-06 17:23:28,236
428,2019-07-01 00:00:00,,,,5,1,2019-09-09 14:47:27,26
429,2019-08-01 00:00:00,,,,5,1,2019-09-09 14:53:05,26
430,2017-04-01 00:00:00,,,8,113,1,2019-09-23 17:29:24,214
431,2017-08-01 00:00:00,,,8,113,1,2019-09-24 12:17:35,214
432,2018-08-01 00:00:00,,,8,113,1,2019-09-24 16:26:15,214
433,2019-09-01 00:00:00,,,6,40,1,2019-10-04 11:44:34,106
434,2019-08-01 00:00:00,,,,9,1,2019-10-04 15:58:06,28
435,2019-09-01 00:00:00,,,8,114,1,2019-10-05 16:30:08,212
436,2019-09-01 00:00:00,,,8,114,1,2019-10-05 16:30:43,212
437,2019-06-01 00:00:00,,,,9,1,2019-10-05 16:41:15,28
438,2019-09-01 00:00:00,,,,12,1,2019-10-05 17:17:53,43
439,2019-09-01 00:00:00,,,,12,1,2019-10-05 17:18:23,43
440,2019-09-01 00:00:00,,,,5,1,2019-10-10 12:37:18,26
441,2019-10-01 00:00:00,,,5,73,1,2019-11-04 15:11:23,161
442,2019-10-01 00:00:00,,,5,73,1,2019-11-04 15:12:18,161
443,2019-10-01 00:00:00,,,5,73,1,2019-11-04 15:12:39,161
444,2019-09-01 00:00:00,,,3,29,1,2019-11-05 11:18:08,66
445,2019-09-01 00:00:00,,,3,29,1,2019-11-05 11:18:30,66
446,2019-10-01 00:00:00,,,5,100,1,2019-11-05 17:37:40,177
447,2019-10-01 00:00:00,,,5,100,1,2019-11-05 17:38:08,177
448,2019-10-01 00:00:00,,,5,100,1,2019-11-06 12:38:38,177
449,2019-10-01 00:00:00,,,5,100,1,2019-11-06 12:40:38,177
450,2019-10-01 00:00:00,,,8,114,1,2019-11-06 14:56:56,212
451,2019-11-01 00:00:00,,,,11,1,2019-11-08 12:07:48,31
452,2019-09-01 00:00:00,,,,13,1,2019-11-27 14:05:03,14
453,2019-11-01 00:00:00,,,,11,1,2019-12-04 15:45:38,31
454,2019-11-01 00:00:00,,,,11,1,2019-12-04 15:49:36,31
455,2019-04-01 00:00:00,,,,10,1,2019-12-06 15:44:33,45
456,2019-04-01 00:00:00,,,,10,1,2019-12-06 15:53:09,45
457,2019-05-01 00:00:00,,,,10,1,2019-12-06 15:58:28,45
458,2019-06-01 00:00:00,,,,10,1,2019-12-06 16:01:25,45
459,2019-07-01 00:00:00,,,,10,1,2019-12-06 16:06:20,45
460,2019-08-01 00:00:00,,,,10,1,2019-12-06 16:10:07,45
461,2019-09-01 00:00:00,,,,10,1,2019-12-06 16:13:14,45
462,2019-12-01 00:00:00,,,6,46,1,2019-12-10 11:09:37,81
463,2019-11-01 00:00:00,,,,13,1,2019-12-17 11:52:30,14
464,2019-04-01 00:00:00,,,,12,1,2019-12-19 10:39:21,43
465,2019-04-01 00:00:00,,,,12,1,2019-12-19 10:41:08,43
466,2019-04-01 00:00:00,,,,12,1,2019-12-19 10:41:47,43
467,2019-06-01 00:00:00,,,,12,1,2019-12-19 10:49:29,43
468,2018-06-01 00:00:00,,,,12,1,2019-12-19 10:50:47,43
469,2019-06-01 00:00:00,,,,12,1,2019-12-19 10:52:08,43
470,2019-07-01 00:00:00,,,,12,1,2019-12-19 10:54:59,43
471,2018-06-01 00:00:00,,,,12,1,2019-12-20 11:20:12,43
472,2018-06-01 00:00:00,,,,12,1,2019-12-20 11:22:53,43
473,2018-06-01 00:00:00,,,,12,1,2019-12-20 11:37:29,43
474,2018-06-01 00:00:00,,,,12,1,2019-12-20 11:38:18,43
475,2018-08-01 00:00:00,,,,12,1,2019-12-20 12:06:15,43
476,2018-09-01 00:00:00,,,,12,1,2019-12-20 12:24:01,43
477,2019-01-01 00:00:00,,,,12,1,2019-12-20 12:33:27,43
478,2019-12-01 00:00:00,,,6,46,1,2020-01-02 14:02:30,81
479,2019-12-01 00:00:00,,,5,88,1,2020-01-02 15:44:09,159
480,2019-12-01 00:00:00,,,5,88,1,2020-01-02 15:44:41,159
481,2019-12-01 00:00:00,,,5,88,1,2020-01-02 15:48:22,159
482,2019-12-01 00:00:00,,,5,88,1,2020-01-02 15:49:02,159
483,2019-12-01 00:00:00,,,5,100,1,2020-01-04 12:37:59,177
484,2019-12-01 00:00:00,,,3,26,1,2020-01-04 15:01:33,64
485,2019-11-01 00:00:00,,,,12,1,2020-01-07 12:06:23,43
486,2019-12-01 00:00:00,,,7,112,1,2020-01-09 08:34:24,219
487,2017-08-01 00:00:00,,,,1,1,2020-01-13 12:36:56,76
488,2019-12-01 00:00:00,,,,8,1,2020-01-14 16:21:31,123
489,2019-04-01 00:00:00,,,,1,1,2020-01-15 14:43:25,76
490,2019-05-01 00:00:00,,,,1,1,2020-01-15 14:49:22,76
491,2019-06-01 00:00:00,,,,1,1,2020-01-15 14:57:08,76
492,2019-07-01 00:00:00,,,,1,1,2020-01-15 15:03:26,76
493,2019-08-01 00:00:00,,,,1,1,2020-01-15 15:10:02,76
494,2019-09-01 00:00:00,,,,1,1,2020-01-15 15:18:03,76
495,2019-10-01 00:00:00,,,,1,1,2020-01-15 15:28:19,76
496,2019-11-01 00:00:00,,,,1,1,2020-01-15 15:34:04,76
497,2020-01-01 00:00:00,,,8,114,1,2020-02-03 13:37:30,212
498,2020-01-01 00:00:00,,,9,49,1,2020-02-03 14:50:26,111
499,2020-01-01 00:00:00,,,,6,1,2020-02-04 18:53:05,39
500,2020-01-01 00:00:00,,,,6,1,2020-02-04 18:54:10,39
501,2019-12-01 00:00:00,,,,1,1,2020-02-05 16:23:21,76
502,2020-01-01 00:00:00,,,,13,1,2020-02-10 14:47:22,14
503,2020-01-01 00:00:00,,,,13,1,2020-02-10 14:51:27,14
504,2020-01-01 00:00:00,,,,13,1,2020-02-10 15:02:46,14
505,2020-01-01 00:00:00,,,,13,1,2020-02-10 15:05:24,14
506,2020-01-01 00:00:00,,,,13,1,2020-02-10 15:06:41,14
507,2020-02-01 00:00:00,,,8,114,1,2020-03-02 12:06:33,212
508,2020-02-01 00:00:00,,,9,52,1,2020-03-03 12:31:56,114
509,2020-01-01 00:00:00,,,,8,1,2020-03-04 12:23:17,123
510,2020-02-01 00:00:00,,,5,100,1,2020-03-04 13:12:34,177
511,2020-02-01 00:00:00,,,5,103,1,2020-03-05 17:17:27,160
512,2020-02-01 00:00:00,,,,13,1,2020-03-07 15:56:12,14
513,2020-03-01 00:00:00,,,6,42,1,2020-04-03 14:57:45,244
514,2020-03-01 00:00:00,,,5,100,1,2020-04-03 14:58:44,177
515,2020-03-01 00:00:00,,,,6,1,2020-04-07 16:08:24,39
516,2019-05-01 00:00:00,,,5,66,1,2020-04-08 11:41:22,124
517,2019-08-01 00:00:00,,,5,66,1,2020-04-08 11:55:57,124
518,2019-04-01 00:00:00,,,,11,1,2020-04-10 10:00:16,31
519,2019-04-01 00:00:00,,,,11,1,2020-04-10 10:15:22,31
520,2019-05-01 00:00:00,,,,11,1,2020-04-10 10:19:07,31
521,2019-06-01 00:00:00,,,,11,1,2020-04-10 10:21:49,31
522,2019-07-01 00:00:00,,,,11,1,2020-04-10 10:23:57,31
523,2019-09-01 00:00:00,,,,11,1,2020-04-13 15:46:47,31
524,2019-11-01 00:00:00,,,,11,1,2020-04-13 15:47:26,31
525,2019-11-01 00:00:00,,,,11,1,2020-04-13 15:49:25,31
526,2019-04-01 00:00:00,,,,11,1,2020-04-14 10:40:08,31
527,2019-12-01 00:00:00,,,,11,1,2020-04-14 10:42:06,31
528,2020-03-01 00:00:00,,,6,42,1,2020-04-14 12:22:08,244
529,2019-04-01 00:00:00,,,,9,1,2020-04-16 16:54:59,28
530,2019-05-01 00:00:00,,,,9,1,2020-04-16 16:56:35,28
531,2019-06-01 00:00:00,,,,9,1,2020-04-16 16:58:05,28
532,2019-07-01 00:00:00,,,,9,1,2020-04-16 16:59:46,28
533,2019-08-01 00:00:00,,,,9,1,2020-04-16 17:01:02,28
534,2019-09-01 00:00:00,,,,9,1,2020-04-16 17:02:04,28
535,2019-10-01 00:00:00,,,,9,1,2020-04-16 17:03:00,28
536,2019-11-01 00:00:00,,,,9,1,2020-04-16 17:04:06,28
537,2019-12-01 00:00:00,,,,9,1,2020-04-16 17:07:49,28
538,2020-01-01 00:00:00,,,,9,1,2020-04-16 17:09:20,28
539,2020-02-01 00:00:00,,,,9,1,2020-04-16 17:11:42,28
540,2019-04-01 00:00:00,,,,9,1,2020-04-16 17:15:49,28
541,2019-05-01 00:00:00,,,,10,1,2020-04-23 16:01:05,45
542,2019-08-01 00:00:00,,,,10,1,2020-04-23 16:05:11,45
543,2019-10-01 00:00:00,,,,10,1,2020-04-23 16:07:41,45
544,2019-11-01 00:00:00,,,,10,1,2020-04-23 16:10:09,45
545,2019-12-01 00:00:00,,,,10,1,2020-04-23 16:15:19,45
546,2020-01-01 00:00:00,,,,10,1,2020-04-23 16:19:06,45
547,2020-02-01 00:00:00,,,,10,1,2020-04-23 16:21:12,45
548,2020-03-01 00:00:00,,,,10,1,2020-04-23 16:23:32,45
549,2018-04-01 00:00:00,,,,10,1,2020-04-23 16:26:46,45
550,2020-12-01 00:00:00,,,6,35,1,2020-04-25 11:01:29,236
551,2020-03-01 00:00:00,,,6,35,1,2020-04-25 14:31:34,236
552,2017-06-01 00:00:00,,,6,35,1,2020-04-25 15:51:37,236
553,2018-05-01 00:00:00,,,6,35,1,2020-04-25 18:24:34,236
554,2017-04-01 00:00:00,,,6,106,1,2020-04-25 19:29:05,175
555,2017-10-01 00:00:00,,,6,43,1,2020-04-27 12:10:31,220
556,2018-04-01 00:00:00,,,,11,1,2020-04-27 13:55:05,31
557,2018-05-01 00:00:00,,,,11,1,2020-04-27 13:58:44,31
558,2018-05-01 00:00:00,,,,11,1,2020-04-27 14:14:42,31
559,2018-05-01 00:00:00,,,,11,1,2020-04-27 14:15:44,31
560,2017-04-01 00:00:00,,,,8,1,2020-04-27 14:21:38,123
561,2017-06-01 00:00:00,,,,8,1,2020-04-27 14:24:52,123
562,2017-06-01 00:00:00,,,,8,1,2020-04-27 14:26:07,123
563,2018-03-01 00:00:00,,,,8,1,2020-04-27 14:34:13,123
564,2018-03-01 00:00:00,,,,8,1,2020-04-27 14:35:20,123
565,2018-04-01 00:00:00,,,,8,1,2020-04-27 14:38:31,123
566,2018-06-01 00:00:00,,,,11,1,2020-04-27 14:39:08,31
567,2018-07-01 00:00:00,,,,8,1,2020-04-27 14:42:01,123
568,2018-07-01 00:00:00,,,,11,1,2020-04-27 14:42:27,31
569,2017-06-01 00:00:00,,,6,42,1,2020-04-27 14:42:40,244
570,2017-04-01 00:00:00,,,6,42,1,2020-04-27 14:43:23,244
571,2018-08-01 00:00:00,,,,8,1,2020-04-27 14:44:09,123
572,2017-07-01 00:00:00,,,6,42,1,2020-04-27 14:44:25,244
573,2017-08-01 00:00:00,,,6,42,1,2020-04-27 14:44:59,244
574,2017-09-01 00:00:00,,,6,42,1,2020-04-27 14:45:45,244
575,2017-10-01 00:00:00,,,6,42,1,2020-04-27 14:46:15,244
576,2018-08-01 00:00:00,,,,11,1,2020-04-27 14:46:29,31
577,2017-11-01 00:00:00,,,6,42,1,2020-04-27 14:46:54,244
578,2018-10-01 00:00:00,,,,8,1,2020-04-27 14:47:09,123
579,2017-12-01 00:00:00,,,6,42,1,2020-04-27 14:47:22,244
580,2018-01-01 00:00:00,,,6,42,1,2020-04-27 14:48:03,244
581,2018-02-01 00:00:00,,,6,42,1,2020-04-27 14:48:47,244
582,2018-11-01 00:00:00,,,,8,1,2020-04-27 14:48:49,123
583,2018-09-01 00:00:00,,,,11,1,2020-04-27 14:49:04,31
584,2018-03-01 00:00:00,,,6,42,1,2020-04-27 14:49:25,244
585,2018-09-01 00:00:00,,,,11,1,2020-04-27 14:51:09,31
586,2018-05-01 00:00:00,,,6,42,1,2020-04-27 14:54:30,244
587,2018-07-01 00:00:00,,,6,42,1,2020-04-27 14:55:05,244
588,2018-10-01 00:00:00,,,,11,1,2020-04-27 14:56:52,31
589,2018-11-01 00:00:00,,,,11,1,2020-04-27 14:59:35,31
590,2018-12-01 00:00:00,,,,11,1,2020-04-27 15:02:03,31
591,2019-01-01 00:00:00,,,,11,1,2020-04-27 15:04:30,31
592,2019-02-01 00:00:00,,,,11,1,2020-04-27 15:09:26,31
593,2019-03-01 00:00:00,,,,11,1,2020-04-27 15:11:58,31
594,2018-12-01 00:00:00,,,,8,1,2020-04-27 15:20:01,123
595,2019-03-01 00:00:00,,,,8,1,2020-04-27 15:23:39,123
596,2019-04-01 00:00:00,,,,8,1,2020-04-27 15:26:37,123
597,2019-04-01 00:00:00,,,,8,1,2020-04-27 15:29:04,123
598,2019-04-01 00:00:00,,,,8,1,2020-04-27 15:29:51,123
599,2019-04-01 00:00:00,,,,8,1,2020-04-27 15:30:29,123
600,2019-07-01 00:00:00,,,,8,1,2020-04-27 15:34:25,123
601,2019-08-01 00:00:00,,,,8,1,2020-04-27 15:36:59,123
602,2020-02-01 00:00:00,,,,8,1,2020-04-27 15:41:21,123
603,2020-03-01 00:00:00,,,,8,1,2020-04-27 15:42:24,123
604,2020-03-01 00:00:00,,,,8,1,2020-04-27 15:44:09,123
605,2020-03-01 00:00:00,,,,8,1,2020-04-27 15:44:52,123
606,2017-04-01 00:00:00,,,,12,1,2020-04-27 16:13:09,43
607,2017-04-01 00:00:00,,,6,34,1,2020-04-27 16:45:27,101
608,2019-04-01 00:00:00,,,,9,1,2020-04-27 16:46:02,28
609,,2017-04-01 00:00:00,2017-09-01 00:00:00,6,34,2,2020-04-27 16:46:25,101
610,,2017-04-01 00:00:00,2018-03-01 00:00:00,6,34,3,2020-04-27 16:48:05,101
611,2020-01-01 00:00:00,,,,9,1,2020-04-27 16:50:19,28
612,2019-03-01 00:00:00,,,,9,1,2020-04-27 16:57:20,28
613,2018-07-01 00:00:00,,,6,34,1,2020-04-27 17:03:49,101
614,2019-02-01 00:00:00,,,6,105,1,2020-04-27 20:04:41,174
615,2019-05-01 00:00:00,,,,11,1,2020-04-28 11:17:37,31
616,2019-07-01 00:00:00,,,,11,1,2020-04-28 11:26:22,31
617,2019-10-01 00:00:00,,,,11,1,2020-04-28 11:33:02,31
618,2019-08-01 00:00:00,,,,11,1,2020-04-28 11:42:14,31
619,2019-10-01 00:00:00,,,,11,1,2020-04-28 11:50:28,31
620,2019-02-01 00:00:00,,,6,37,1,2020-04-28 12:11:29,234
621,2019-03-01 00:00:00,,,6,37,1,2020-04-28 12:12:16,234
622,2019-04-01 00:00:00,,,6,37,1,2020-04-28 12:14:30,234
623,2019-05-01 00:00:00,,,6,37,1,2020-04-28 12:16:26,234
624,2019-06-01 00:00:00,,,6,37,1,2020-04-28 12:16:52,234
625,2019-04-01 00:00:00,,,,11,1,2020-04-28 12:35:41,31
626,2019-07-01 00:00:00,,,,11,1,2020-04-28 12:47:37,31
627,2019-07-01 00:00:00,,,,11,1,2020-04-28 13:10:46,31
628,2019-08-01 00:00:00,,,,11,1,2020-04-28 13:15:05,31
629,2019-09-01 00:00:00,,,,11,1,2020-04-28 13:22:43,31
630,2019-09-01 00:00:00,,,,11,1,2020-04-28 14:08:46,31
631,2019-11-01 00:00:00,,,,11,1,2020-04-28 14:28:17,31
632,2019-12-01 00:00:00,,,,11,1,2020-04-28 14:37:42,31
633,2020-01-01 00:00:00,,,,11,1,2020-04-28 14:44:06,31
634,2020-02-01 00:00:00,,,,11,1,2020-04-28 14:52:07,31
635,2020-03-01 00:00:00,,,,11,1,2020-04-28 14:57:54,31
636,2017-07-01 00:00:00,,,,9,1,2020-04-28 15:37:00,28
637,2017-07-01 00:00:00,,,,9,1,2020-04-28 15:39:32,28
638,2017-08-01 00:00:00,,,,9,1,2020-04-28 15:43:16,28
639,2019-07-01 00:00:00,,,,11,1,2020-04-28 15:47:22,31
640,2019-10-01 00:00:00,,,,11,1,2020-04-28 15:58:01,31
641,2019-09-01 00:00:00,,,,11,1,2020-04-28 16:07:22,31
642,2017-05-01 00:00:00,,,,11,1,2020-04-28 16:19:30,31
643,2019-04-01 00:00:00,,,,11,1,2020-04-28 16:24:39,31
644,2017-11-01 00:00:00,,,,9,1,2020-04-28 16:41:39,28
645,2018-03-01 00:00:00,,,,9,1,2020-04-28 16:42:50,28
646,2019-09-01 00:00:00,,,,11,1,2020-04-29 11:23:30,31
647,2019-07-01 00:00:00,,,,11,1,2020-04-29 11:36:23,31
648,2019-11-01 00:00:00,,,,11,1,2020-04-29 11:39:19,31
649,2018-04-01 00:00:00,,,,11,1,2020-04-30 12:20:14,31
650,2018-05-01 00:00:00,,,,11,1,2020-04-30 12:22:21,31
651,2018-06-01 00:00:00,,,,11,1,2020-04-30 12:25:07,31
652,2018-07-01 00:00:00,,,,11,1,2020-04-30 12:26:53,31
653,2018-08-01 00:00:00,,,,11,1,2020-04-30 12:28:49,31
654,2018-09-01 00:00:00,,,,11,1,2020-04-30 12:30:31,31
655,2018-10-01 00:00:00,,,,11,1,2020-04-30 12:31:47,31
656,2018-11-01 00:00:00,,,,11,1,2020-04-30 12:40:20,31
657,2018-12-01 00:00:00,,,,11,1,2020-04-30 12:42:49,31
658,2019-01-01 00:00:00,,,,11,1,2020-04-30 12:45:57,31
659,2019-02-01 00:00:00,,,,11,1,2020-04-30 12:47:51,31
660,2019-03-01 00:00:00,,,,11,1,2020-04-30 12:51:29,31
661,2018-11-01 00:00:00,,,,11,1,2020-04-30 13:06:45,31
662,2017-05-01 00:00:00,,,,11,1,2020-04-30 14:08:21,31
663,2017-06-01 00:00:00,,,,11,1,2020-04-30 14:10:08,31
664,2017-07-01 00:00:00,,,,11,1,2020-04-30 14:11:24,31
665,2019-02-01 00:00:00,,,,11,1,2020-04-30 15:00:30,31
666,2018-04-01 00:00:00,,,,11,1,2020-04-30 15:05:44,31
667,2018-08-01 00:00:00,,,,11,1,2020-04-30 15:10:19,31
668,2018-09-01 00:00:00,,,,11,1,2020-04-30 15:12:56,31
669,2018-11-01 00:00:00,,,,11,1,2020-04-30 15:17:23,31
670,2019-02-01 00:00:00,,,,11,1,2020-04-30 15:20:14,31
671,2019-03-01 00:00:00,,,,11,1,2020-04-30 15:21:01,31
672,2018-08-01 00:00:00,,,,11,1,2020-04-30 15:30:44,31
673,2018-11-01 00:00:00,,,,11,1,2020-04-30 15:31:34,31
674,2018-11-01 00:00:00,,,,11,1,2020-04-30 15:38:48,31
675,2019-12-01 00:00:00,,,,11,1,2020-04-30 15:50:28,31
676,2018-12-01 00:00:00,,,,11,1,2020-04-30 15:54:11,31
677,2017-08-01 00:00:00,,,,9,1,2020-04-30 16:10:30,28
678,2020-04-01 00:00:00,,,9,48,1,2020-05-02 09:01:37,108
679,2017-04-01 00:00:00,,,6,43,1,2020-05-02 12:45:29,220
680,2018-01-01 00:00:00,,,6,43,1,2020-05-02 12:55:59,220
681,2017-11-01 00:00:00,,,6,43,1,2020-05-02 13:02:34,220
682,2017-12-01 00:00:00,,,6,43,1,2020-05-02 13:03:21,220
683,2018-03-01 00:00:00,,,6,43,1,2020-05-02 13:04:25,220
684,2018-04-01 00:00:00,,,6,43,1,2020-05-02 13:04:59,220
685,2018-05-01 00:00:00,,,6,43,1,2020-05-02 13:06:50,220
686,2018-10-01 00:00:00,,,6,43,1,2020-05-02 13:07:45,220
687,2018-12-01 00:00:00,,,6,43,1,2020-05-02 13:08:48,220
688,2019-03-01 00:00:00,,,6,43,1,2020-05-02 13:09:51,220
689,2019-04-01 00:00:00,,,6,43,1,2020-05-02 13:10:32,220
690,2019-05-01 00:00:00,,,6,43,1,2020-05-02 13:11:45,220
691,2019-10-01 00:00:00,,,6,43,1,2020-05-02 13:12:19,220
692,2019-11-01 00:00:00,,,6,43,1,2020-05-02 13:13:02,220
693,2020-01-01 00:00:00,,,6,43,1,2020-05-02 13:14:48,220
694,2020-02-01 00:00:00,,,6,43,1,2020-05-02 13:16:09,220
695,2020-03-01 00:00:00,,,6,43,1,2020-05-02 13:16:42,220
696,2017-04-01 00:00:00,,,,11,1,2020-05-02 15:06:09,31
697,2017-04-01 00:00:00,,,,11,1,2020-05-02 15:17:00,31
698,2017-05-01 00:00:00,,,,11,1,2020-05-02 15:24:01,31
699,2017-06-01 00:00:00,,,,11,1,2020-05-02 15:41:16,31
700,2017-07-01 00:00:00,,,,11,1,2020-05-02 15:45:12,31
701,2017-08-01 00:00:00,,,,11,1,2020-05-02 15:48:40,31
702,2017-09-01 00:00:00,,,,11,1,2020-05-02 15:50:20,31
703,2017-10-01 00:00:00,,,,11,1,2020-05-02 15:52:09,31
704,2017-11-01 00:00:00,,,,11,1,2020-05-02 15:53:41,31
705,2017-12-01 00:00:00,,,,11,1,2020-05-02 15:55:29,31
706,2018-01-01 00:00:00,,,,11,1,2020-05-02 15:57:06,31
707,2018-02-01 00:00:00,,,,11,1,2020-05-02 15:58:28,31
708,2018-03-01 00:00:00,,,,11,1,2020-05-02 16:04:51,31
709,2017-06-01 00:00:00,,,,11,1,2020-05-02 16:25:04,31
710,2017-08-01 00:00:00,,,,11,1,2020-05-02 16:25:31,31
711,2017-08-01 00:00:00,,,,11,1,2020-05-02 16:26:53,31
712,2017-09-01 00:00:00,,,,11,1,2020-05-02 16:27:44,31
713,2017-10-01 00:00:00,,,,11,1,2020-05-02 16:31:11,31
714,2020-04-01 00:00:00,,,9,49,1,2020-05-04 11:37:52,111
715,2020-03-01 00:00:00,,,4,14,1,2020-05-04 15:35:31,32
716,2020-03-01 00:00:00,,,4,14,1,2020-05-04 15:59:14,32
717,2018-12-01 00:00:00,,,4,14,1,2020-05-04 16:17:13,32
718,2018-04-01 00:00:00,,,4,14,1,2020-05-04 16:20:53,32
719,2018-05-01 00:00:00,,,4,14,1,2020-05-04 16:22:28,32
720,2018-10-01 00:00:00,,,4,14,1,2020-05-04 16:24:07,32
721,2019-01-01 00:00:00,,,4,14,1,2020-05-04 16:27:06,32
722,2019-03-01 00:00:00,,,4,14,1,2020-05-04 16:34:25,32
723,2017-11-01 00:00:00,,,4,14,1,2020-05-04 16:41:20,32
724,2018-01-01 00:00:00,,,4,14,1,2020-05-04 16:45:14,32
725,2017-05-01 00:00:00,,,4,14,1,2020-05-04 17:07:25,32
726,2017-12-01 00:00:00,,,4,14,1,2020-05-04 17:10:14,32
727,2018-02-01 00:00:00,,,4,14,1,2020-05-04 17:12:08,32
728,2018-03-01 00:00:00,,,4,14,1,2020-05-04 17:14:08,32
729,2020-04-01 00:00:00,,,,9,1,2020-05-05 14:32:08,28
730,2017-04-01 00:00:00,,,,9,1,2020-05-05 15:53:05,28
731,2017-05-01 00:00:00,,,,9,1,2020-05-05 16:13:41,28
732,2017-06-01 00:00:00,,,,9,1,2020-05-05 16:19:26,28
733,2017-07-01 00:00:00,,,,9,1,2020-05-05 16:26:41,28
734,2017-08-01 00:00:00,,,,9,1,2020-05-05 16:33:25,28
735,2017-09-01 00:00:00,,,,9,1,2020-05-05 16:38:43,28
736,2017-10-01 00:00:00,,,,9,1,2020-05-05 16:43:37,28
737,2017-11-01 00:00:00,,,,9,1,2020-05-05 16:47:36,28
738,2017-12-01 00:00:00,,,,9,1,2020-05-05 16:52:53,28
739,2018-01-01 00:00:00,,,,9,1,2020-05-06 12:35:01,28
740,2018-02-01 00:00:00,,,,9,1,2020-05-06 12:41:00,28
741,2018-03-01 00:00:00,,,,9,1,2020-05-06 12:46:08,28
742,,2017-04-01 00:00:00,2018-03-01 00:00:00,,9,3,2020-05-06 13:35:32,28
743,,2017-04-01 00:00:00,2017-09-01 00:00:00,,9,2,2020-05-06 13:45:49,28
744,,2017-04-01 00:00:00,2017-09-01 00:00:00,,9,2,2020-05-06 13:50:23,28
745,,2017-10-01 00:00:00,2018-03-01 00:00:00,,9,2,2020-05-06 14:01:41,28
746,2019-04-01 00:00:00,,,6,35,1,2020-05-11 15:44:00,236
747,2019-04-01 00:00:00,,,6,35,1,2020-05-11 15:51:59,236
748,2019-05-01 00:00:00,,,6,35,1,2020-05-11 16:16:33,236
749,2019-07-01 00:00:00,,,6,35,1,2020-05-11 16:19:17,236
750,2019-06-01 00:00:00,,,6,35,1,2020-05-11 16:21:18,236
751,2019-08-01 00:00:00,,,6,35,1,2020-05-11 16:22:14,236
752,2019-09-01 00:00:00,,,6,35,1,2020-05-11 16:23:24,236
753,2019-10-01 00:00:00,,,6,35,1,2020-05-11 16:30:50,236
754,2019-01-01 00:00:00,,,6,35,1,2020-05-11 16:33:07,236
755,2020-02-01 00:00:00,,,6,35,1,2020-05-11 16:34:21,236
756,2020-03-01 00:00:00,,,6,35,1,2020-05-11 16:34:51,236
757,2020-04-01 00:00:00,,,,13,1,2020-05-12 11:46:24,14
758,2019-10-01 00:00:00,,,,12,1,2020-05-15 16:38:08,43
759,2019-11-01 00:00:00,,,,12,1,2020-05-15 16:41:47,43
760,2018-04-01 00:00:00,,,,7,1,2020-05-16 12:34:45,19
761,2018-05-01 00:00:00,,,,7,1,2020-05-16 12:49:54,19
762,2018-06-01 00:00:00,,,,7,1,2020-05-16 12:56:09,19
763,2018-07-01 00:00:00,,,,7,1,2020-05-16 13:02:43,19
764,2018-08-01 00:00:00,,,,7,1,2020-05-16 13:09:30,19
765,2018-09-01 00:00:00,,,,7,1,2020-05-16 13:15:48,19
766,2018-10-01 00:00:00,,,,7,1,2020-05-16 13:22:31,19
767,2018-11-01 00:00:00,,,,7,1,2020-05-16 13:27:54,19
768,2018-12-01 00:00:00,,,,7,1,2020-05-16 13:32:56,19
769,2019-01-01 00:00:00,,,,7,1,2020-05-16 14:21:20,19
770,2019-02-01 00:00:00,,,,7,1,2020-05-16 14:27:16,19
771,2019-03-01 00:00:00,,,,7,1,2020-05-16 14:34:09,19
772,2018-02-01 00:00:00,,,,7,1,2020-05-16 16:45:45,19
773,2017-05-01 00:00:00,,,,7,1,2020-05-16 16:52:59,19
774,2017-12-01 00:00:00,,,,7,1,2020-05-18 10:19:24,19
775,2017-07-01 00:00:00,,,,7,1,2020-05-18 10:31:38,19
776,2017-09-01 00:00:00,,,,7,1,2020-05-18 10:40:00,19
777,2017-10-01 00:00:00,,,,7,1,2020-05-18 11:04:11,19
778,2017-11-01 00:00:00,,,,7,1,2020-05-18 11:24:34,19
779,2017-08-01 00:00:00,,,,7,1,2020-05-18 11:30:42,19
780,2018-01-01 00:00:00,,,,7,1,2020-05-18 11:36:38,19
781,2017-06-01 00:00:00,,,,7,1,2020-05-18 11:43:04,19
782,2017-04-01 00:00:00,,,,7,1,2020-05-18 11:48:50,19
783,2018-03-01 00:00:00,,,,7,1,2020-05-18 11:55:42,19
784,2018-03-01 00:00:00,,,,7,1,2020-05-18 11:56:57,19
785,2020-03-01 00:00:00,,,7,112,1,2020-05-19 11:02:32,219
786,2020-03-01 00:00:00,,,7,112,1,2020-05-20 09:19:27,219
787,2020-02-01 00:00:00,,,4,14,1,2020-05-27 12:37:40,32
788,2019-07-01 00:00:00,,,6,35,1,2020-05-29 10:41:07,236
789,2020-02-01 00:00:00,,,6,35,1,2020-05-29 10:58:32,236
790,2020-05-01 00:00:00,,,1,109,1,2020-06-04 17:31:15,188
791,2020-05-01 00:00:00,,,5,100,1,2020-06-05 11:24:53,177
792,2020-05-01 00:00:00,,,,6,1,2020-06-09 11:37:42,39
793,2019-12-01 00:00:00,,,1,107,1,2020-06-10 12:39:48,181
794,2019-12-01 00:00:00,,,1,107,1,2020-06-11 09:41:32,181
795,2020-05-01 00:00:00,,,7,112,1,2020-06-16 09:25:23,219
796,2019-04-01 00:00:00,,,1,109,1,2020-06-16 11:37:46,188
797,2019-04-01 00:00:00,,,1,109,1,2020-06-16 11:42:47,188
798,2019-04-01 00:00:00,,,1,109,1,2020-06-16 11:46:33,188
799,2019-04-01 00:00:00,,,1,109,1,2020-06-16 12:28:03,188
800,2019-04-01 00:00:00,,,1,109,1,2020-06-16 12:31:26,188
801,2019-05-01 00:00:00,,,1,109,1,2020-06-16 12:34:32,188
802,2019-05-01 00:00:00,,,1,109,1,2020-06-16 12:40:41,188
803,2019-05-01 00:00:00,,,1,109,1,2020-06-16 12:44:08,188
804,2019-05-01 00:00:00,,,1,109,1,2020-06-16 12:48:31,188
805,2019-05-01 00:00:00,,,1,109,1,2020-06-16 12:51:03,188
806,2019-05-01 00:00:00,,,1,109,1,2020-06-16 12:53:21,188
807,2019-06-01 00:00:00,,,1,109,1,2020-06-16 12:58:20,188
808,2019-06-01 00:00:00,,,1,109,1,2020-06-16 13:01:41,188
809,2019-06-01 00:00:00,,,1,109,1,2020-06-16 13:11:07,188
810,2019-06-01 00:00:00,,,1,109,1,2020-06-16 13:12:09,188
811,2019-06-01 00:00:00,,,1,109,1,2020-06-16 13:12:27,188
812,2019-07-01 00:00:00,,,1,109,1,2020-06-16 13:18:30,188
813,2019-07-01 00:00:00,,,1,109,1,2020-06-16 13:20:53,188
814,2019-07-01 00:00:00,,,1,109,1,2020-06-16 13:23:09,188
815,2019-08-01 00:00:00,,,1,109,1,2020-06-16 15:12:56,188
816,2019-09-01 00:00:00,,,1,109,1,2020-06-16 15:21:07,188
817,2019-08-01 00:00:00,,,1,109,1,2020-06-16 15:21:49,188
818,2019-09-01 00:00:00,,,1,109,1,2020-06-16 15:22:16,188
819,2019-10-01 00:00:00,,,1,109,1,2020-06-16 15:41:34,188
820,2019-10-01 00:00:00,,,1,109,1,2020-06-16 15:49:08,188
821,2019-10-01 00:00:00,,,1,109,1,2020-06-16 15:52:44,188
822,2019-11-01 00:00:00,,,1,109,1,2020-06-16 16:00:04,188
823,2019-11-01 00:00:00,,,1,109,1,2020-06-16 16:00:38,188
824,2019-12-01 00:00:00,,,1,109,1,2020-06-16 16:06:47,188
825,2020-01-01 00:00:00,,,1,109,1,2020-06-16 16:11:42,188
826,2020-02-01 00:00:00,,,1,109,1,2020-06-16 16:19:31,188
827,2020-02-01 00:00:00,,,1,109,1,2020-06-16 16:27:31,188
828,2020-03-01 00:00:00,,,1,109,1,2020-06-16 16:34:12,188
829,2020-05-01 00:00:00,,,7,112,1,2020-06-17 12:13:26,219
830,2020-04-01 00:00:00,,,7,112,1,2020-06-17 12:14:16,219
831,2017-01-01 00:00:00,,,7,112,1,2020-06-17 14:27:46,219
832,2017-02-01 00:00:00,,,7,112,1,2020-06-17 14:28:30,219
833,2017-03-01 00:00:00,,,7,112,1,2020-06-17 14:29:14,219
834,2017-04-01 00:00:00,,,7,112,1,2020-06-17 14:29:51,219
835,2017-05-01 00:00:00,,,7,112,1,2020-06-17 14:30:28,219
836,2017-06-01 00:00:00,,,7,112,1,2020-06-17 14:31:09,219
837,2017-07-01 00:00:00,,,7,112,1,2020-06-17 14:31:58,219
838,2017-08-01 00:00:00,,,7,112,1,2020-06-17 14:32:39,219
839,2017-09-01 00:00:00,,,7,112,1,2020-06-17 14:33:24,219
840,2017-10-01 00:00:00,,,7,112,1,2020-06-17 14:34:07,219
841,2017-11-01 00:00:00,,,7,112,1,2020-06-17 14:34:45,219
842,2017-12-01 00:00:00,,,7,112,1,2020-06-17 14:35:21,219
843,2018-01-01 00:00:00,,,7,112,1,2020-06-17 14:36:59,219
844,2018-02-01 00:00:00,,,7,112,1,2020-06-17 14:37:43,219
845,2018-03-01 00:00:00,,,7,112,1,2020-06-17 14:38:26,219
846,2018-04-01 00:00:00,,,7,112,1,2020-06-17 14:39:55,219
847,2018-05-01 00:00:00,,,7,112,1,2020-06-17 14:40:37,219
848,2018-06-01 00:00:00,,,7,112,1,2020-06-17 14:41:14,219
849,2018-07-01 00:00:00,,,7,112,1,2020-06-17 14:41:49,219
850,2018-08-01 00:00:00,,,7,112,1,2020-06-17 14:42:29,219
851,2018-09-01 00:00:00,,,7,112,1,2020-06-17 14:43:11,219
852,2018-10-01 00:00:00,,,7,112,1,2020-06-17 14:43:55,219
853,2018-11-01 00:00:00,,,7,112,1,2020-06-17 14:44:35,219
854,2018-12-01 00:00:00,,,7,112,1,2020-06-17 14:45:11,219
855,2019-01-01 00:00:00,,,7,112,1,2020-06-17 14:45:42,219
856,2019-02-01 00:00:00,,,7,112,1,2020-06-17 14:46:42,219
857,2019-03-01 00:00:00,,,7,112,1,2020-06-17 14:47:39,219
858,2019-04-01 00:00:00,,,7,112,1,2020-06-17 14:48:18,219
859,2019-05-01 00:00:00,,,7,112,1,2020-06-17 14:49:03,219
860,2019-06-01 00:00:00,,,7,112,1,2020-06-17 14:49:58,219
861,2019-07-01 00:00:00,,,7,112,1,2020-06-17 14:50:38,219
862,2019-08-01 00:00:00,,,7,112,1,2020-06-17 14:52:45,219
863,2019-09-01 00:00:00,,,7,112,1,2020-06-17 14:53:51,219
864,2019-10-01 00:00:00,,,7,112,1,2020-06-17 14:54:59,219
865,2019-11-01 00:00:00,,,7,112,1,2020-06-17 14:55:59,219
866,2019-12-01 00:00:00,,,7,112,1,2020-06-17 14:57:05,219
867,2020-01-01 00:00:00,,,7,112,1,2020-06-17 14:59:19,219
868,2020-02-01 00:00:00,,,7,112,1,2020-06-17 15:00:38,219
869,2020-03-01 00:00:00,,,7,112,1,2020-06-17 15:01:58,219
870,2020-03-01 00:00:00,,,9,52,1,2020-06-22 13:01:55,114
871,2020-06-01 00:00:00,,,5,100,1,2020-07-04 15:20:01,177
872,2020-06-01 00:00:00,,,,9,1,2020-07-07 10:12:57,28
873,2020-06-01 00:00:00,,,,5,1,2020-07-07 15:03:33,26
874,2020-02-01 00:00:00,,,3,26,1,2020-07-08 12:33:22,64
875,2020-04-01 00:00:00,,,1,109,1,2020-07-08 17:06:28,188
876,2020-05-01 00:00:00,,,1,109,1,2020-07-08 17:16:09,188
877,2020-06-01 00:00:00,,,,13,1,2020-07-09 13:08:03,14
878,2020-06-01 00:00:00,,,3,26,1,2020-07-13 11:29:42,64
879,2020-03-01 00:00:00,,,3,26,1,2020-07-13 11:36:54,64
880,2020-03-01 00:00:00,,,3,26,1,2020-07-13 11:37:32,64
881,2020-02-01 00:00:00,,,3,26,1,2020-07-13 11:46:02,64
882,2020-01-01 00:00:00,,,3,26,1,2020-07-13 11:48:58,64
883,2019-12-01 00:00:00,,,3,26,1,2020-07-13 11:51:10,64
884,2019-11-01 00:00:00,,,3,26,1,2020-07-13 11:52:12,64
885,2019-10-01 00:00:00,,,3,26,1,2020-07-13 11:53:41,64
886,2019-08-01 00:00:00,,,3,26,1,2020-07-13 11:54:53,64
887,2019-09-01 00:00:00,,,3,26,1,2020-07-13 11:55:47,64
888,2019-07-01 00:00:00,,,3,26,1,2020-07-13 11:57:01,64
889,2019-06-01 00:00:00,,,3,26,1,2020-07-13 11:59:01,64
890,2019-04-01 00:00:00,,,3,26,1,2020-07-13 11:59:52,64
891,2019-05-01 00:00:00,,,3,26,1,2020-07-13 12:00:39,64
892,2019-04-01 00:00:00,,,3,26,1,2020-07-13 12:18:50,64
893,2019-05-01 00:00:00,,,3,26,1,2020-07-13 12:39:29,64
894,2019-06-01 00:00:00,,,3,26,1,2020-07-13 12:40:27,64
895,2019-07-01 00:00:00,,,3,26,1,2020-07-13 12:41:27,64
896,2019-06-01 00:00:00,,,3,26,1,2020-07-13 12:45:43,64
897,2019-07-01 00:00:00,,,3,26,1,2020-07-13 12:47:40,64
898,2019-08-01 00:00:00,,,3,26,1,2020-07-13 12:49:44,64
899,2019-10-01 00:00:00,,,3,26,1,2020-07-13 12:58:38,64
900,2018-12-01 00:00:00,,,1,108,1,2020-07-13 15:01:38,183
901,2019-11-01 00:00:00,,,3,26,1,2020-07-13 15:02:44,64
902,2019-12-01 00:00:00,,,3,26,1,2020-07-13 15:03:56,64
903,2020-01-01 00:00:00,,,3,26,1,2020-07-13 15:05:37,64
904,2020-02-01 00:00:00,,,3,26,1,2020-07-13 15:06:37,64
905,2018-12-01 00:00:00,,,1,108,1,2020-07-13 15:06:44,183
906,2020-03-01 00:00:00,,,3,26,1,2020-07-13 15:07:39,64
907,2018-12-01 00:00:00,,,1,108,1,2020-07-13 15:08:06,183
908,2020-03-01 00:00:00,,,3,26,1,2020-07-13 15:10:51,64
909,2019-10-01 00:00:00,,,3,26,1,2020-07-13 15:11:55,64
910,2020-02-01 00:00:00,,,3,26,1,2020-07-13 15:13:20,64
911,2018-12-01 00:00:00,,,1,108,1,2020-07-13 15:15:27,183
912,2020-04-01 00:00:00,,,3,26,1,2020-07-13 15:16:06,64
913,2018-12-01 00:00:00,,,1,108,1,2020-07-13 15:19:29,183
914,2018-12-01 00:00:00,,,1,108,1,2020-07-13 15:20:51,183
915,2018-12-01 00:00:00,,,1,108,1,2020-07-13 15:22:28,183
916,2020-04-01 00:00:00,,,3,26,1,2020-07-14 10:29:46,64
917,2020-05-01 00:00:00,,,3,26,1,2020-07-14 10:40:26,64
918,2020-06-01 00:00:00,,,3,26,1,2020-07-14 10:41:41,64
919,2018-10-01 00:00:00,,,3,26,1,2020-07-14 10:53:00,64
920,2018-11-01 00:00:00,,,3,26,1,2020-07-14 10:55:54,64
921,2018-10-01 00:00:00,,,3,26,1,2020-07-14 10:56:31,64
922,2018-12-01 00:00:00,,,3,26,1,2020-07-14 11:01:08,64
923,2019-01-01 00:00:00,,,3,26,1,2020-07-14 11:05:56,64
924,2019-03-01 00:00:00,,,3,26,1,2020-07-14 11:28:32,64
925,2019-02-01 00:00:00,,,3,26,1,2020-07-14 11:32:04,64
926,2018-04-01 00:00:00,,,3,26,1,2020-07-14 11:34:51,64
927,2018-05-01 00:00:00,,,3,26,1,2020-07-14 11:39:39,64
928,2020-06-01 00:00:00,,,3,26,1,2020-07-14 11:49:10,64
929,2018-05-01 00:00:00,,,3,26,1,2020-07-14 11:52:10,64
930,2018-06-01 00:00:00,,,3,26,1,2020-07-14 11:55:37,64
931,2019-07-01 00:00:00,,,1,111,1,2020-07-14 12:00:19,180
932,2018-07-01 00:00:00,,,3,26,1,2020-07-14 12:00:31,64
933,2018-08-01 00:00:00,,,3,26,1,2020-07-14 12:04:04,64
934,2018-09-01 00:00:00,,,3,26,1,2020-07-14 12:06:55,64
935,2019-11-01 00:00:00,,,6,47,1,2020-07-14 13:05:23,95
936,2020-01-01 00:00:00,,,6,47,1,2020-07-14 13:06:47,95
937,2020-02-01 00:00:00,,,6,47,1,2020-07-14 13:07:47,95
938,2020-03-01 00:00:00,,,6,47,1,2020-07-14 13:09:02,95
939,2019-04-01 00:00:00,,,1,110,1,2020-07-14 13:10:06,216
940,2019-04-01 00:00:00,,,1,110,1,2020-07-14 13:10:46,216
941,2019-05-01 00:00:00,,,1,110,1,2020-07-14 13:11:21,216
942,2019-05-01 00:00:00,,,1,110,1,2020-07-14 13:12:14,216
943,2019-06-01 00:00:00,,,1,110,1,2020-07-14 13:12:39,216
944,2019-07-01 00:00:00,,,1,110,1,2020-07-14 13:13:13,216
945,2019-08-01 00:00:00,,,1,110,1,2020-07-14 13:13:50,216
946,2019-08-01 00:00:00,,,1,110,1,2020-07-14 13:14:22,216
947,2019-09-01 00:00:00,,,1,110,1,2020-07-14 13:42:00,216
948,2019-10-01 00:00:00,,,1,110,1,2020-07-14 13:42:45,216
949,2019-11-01 00:00:00,,,1,110,1,2020-07-14 13:43:22,216
950,2019-12-01 00:00:00,,,1,110,1,2020-07-14 13:43:56,216
951,2019-12-01 00:00:00,,,1,110,1,2020-07-14 13:45:30,216
952,2020-01-01 00:00:00,,,1,110,1,2020-07-14 13:46:21,216
953,2020-02-01 00:00:00,,,1,110,1,2020-07-14 13:46:48,216
954,2020-03-01 00:00:00,,,1,110,1,2020-07-14 13:47:35,216
955,2020-04-01 00:00:00,,,1,110,1,2020-07-14 13:48:04,216
956,2020-05-01 00:00:00,,,1,110,1,2020-07-14 13:48:29,216
957,2020-06-01 00:00:00,,,1,110,1,2020-07-14 13:49:15,216
958,2019-04-01 00:00:00,,,1,108,1,2020-07-14 13:49:46,183
959,2019-03-01 00:00:00,,,1,110,1,2020-07-14 13:50:24,216
960,2019-03-01 00:00:00,,,1,110,1,2020-07-14 13:50:51,216
961,2020-03-01 00:00:00,,,1,110,1,2020-07-14 13:51:09,216
962,2019-05-01 00:00:00,,,1,108,1,2020-07-14 13:59:28,183
963,2018-04-01 00:00:00,,,1,110,1,2020-07-14 14:06:19,216
964,2018-05-01 00:00:00,,,1,110,1,2020-07-14 14:06:52,216
965,2018-06-01 00:00:00,,,1,110,1,2020-07-14 14:07:19,216
966,2018-07-01 00:00:00,,,1,110,1,2020-07-14 14:07:58,216
967,2018-09-01 00:00:00,,,1,110,1,2020-07-14 14:09:01,216
968,2018-10-01 00:00:00,,,1,110,1,2020-07-14 14:09:28,216
969,2018-12-01 00:00:00,,,1,110,1,2020-07-14 14:10:18,216
970,2019-01-01 00:00:00,,,1,110,1,2020-07-14 14:10:39,216
971,2019-02-01 00:00:00,,,1,110,1,2020-07-14 14:11:06,216
972,2019-03-01 00:00:00,,,1,110,1,2020-07-14 14:11:48,216
973,2019-09-01 00:00:00,,,1,110,1,2020-07-14 15:40:34,216
974,2019-09-01 00:00:00,,,1,110,1,2020-07-14 15:40:58,216
975,2019-04-01 00:00:00,,,1,108,1,2020-07-14 16:04:39,183
976,2019-04-01 00:00:00,,,6,37,1,2020-07-15 14:36:11,234
977,2019-11-01 00:00:00,,,6,37,1,2020-07-15 14:36:58,234
978,2019-12-01 00:00:00,,,6,37,1,2020-07-15 14:37:44,234
979,2019-06-01 00:00:00,,,,11,1,2020-07-21 09:51:29,31
980,2019-04-01 00:00:00,,,9,51,1,2020-07-21 11:43:41,109
981,2019-05-01 00:00:00,,,9,51,1,2020-07-21 11:46:11,109
982,2019-06-01 00:00:00,,,9,51,1,2020-07-21 12:51:00,109
983,2019-07-01 00:00:00,,,9,51,1,2020-07-21 12:51:51,109
984,2019-08-01 00:00:00,,,9,51,1,2020-07-21 12:53:34,109
985,2019-09-01 00:00:00,,,9,51,1,2020-07-21 12:54:17,109
986,2019-10-01 00:00:00,,,9,51,1,2020-07-21 12:55:02,109
987,2019-11-01 00:00:00,,,9,51,1,2020-07-21 12:55:49,109
988,2019-12-01 00:00:00,,,9,51,1,2020-07-21 12:56:36,109
989,2020-01-01 00:00:00,,,9,51,1,2020-07-21 12:57:23,109
990,2020-02-01 00:00:00,,,9,51,1,2020-07-21 12:58:05,109
991,2020-03-01 00:00:00,,,9,51,1,2020-07-21 12:58:45,109
992,2019-04-01 00:00:00,,,,11,1,2020-07-21 16:46:45,31
993,2019-05-01 00:00:00,,,,11,1,2020-07-21 16:48:40,31
994,2019-06-01 00:00:00,,,,11,1,2020-07-21 16:51:04,31
995,2019-07-01 00:00:00,,,,11,1,2020-07-21 16:53:42,31
996,2019-08-01 00:00:00,,,,11,1,2020-07-21 16:55:51,31
997,2019-09-01 00:00:00,,,,11,1,2020-07-21 16:57:30,31
998,2019-10-01 00:00:00,,,,11,1,2020-07-21 16:59:07,31
999,2019-11-01 00:00:00,,,,11,1,2020-07-21 17:01:04,31
1000,2019-12-01 00:00:00,,,,11,1,2020-07-21 17:03:05,31
1001,2020-01-01 00:00:00,,,,11,1,2020-07-21 17:04:28,31
1002,2020-02-01 00:00:00,,,,11,1,2020-07-21 17:06:25,31
1003,2020-03-01 00:00:00,,,,11,1,2020-07-21 17:08:21,31
1004,2019-09-01 00:00:00,,,,11,1,2020-07-22 11:40:57,31
1005,2019-10-01 00:00:00,,,,11,1,2020-07-22 14:27:30,31
1006,2019-04-01 00:00:00,,,,11,1,2020-07-22 15:30:01,31
1007,2019-05-01 00:00:00,,,,11,1,2020-07-22 15:30:33,31
1008,2019-06-01 00:00:00,,,,11,1,2020-07-22 15:30:55,31
1009,2019-08-01 00:00:00,,,,11,1,2020-07-22 15:32:09,31
1010,2019-04-01 00:00:00,,,,11,1,2020-07-22 15:58:13,31
1011,2019-12-01 00:00:00,,,6,39,1,2020-07-23 13:19:46,233
1012,2020-06-01 00:00:00,,,6,34,1,2020-08-01 10:42:33,101
1013,2020-07-01 00:00:00,,,1,109,1,2020-08-03 13:03:47,188
1014,2020-07-01 00:00:00,,,1,109,1,2020-08-03 13:05:18,188
1015,2020-07-01 00:00:00,,,,5,1,2020-08-04 14:46:18,26
1016,2020-07-01 00:00:00,,,,6,1,2020-08-04 17:32:27,39
1017,2020-07-01 00:00:00,,,,6,1,2020-08-04 17:33:51,39
1018,2020-07-01 00:00:00,,,5,100,1,2020-08-05 13:47:02,177
1019,2018-04-01 00:00:00,,,5,100,1,2020-08-07 14:09:32,177
1020,2018-05-01 00:00:00,,,5,100,1,2020-08-07 14:10:42,177
1021,2018-06-01 00:00:00,,,5,100,1,2020-08-07 14:11:32,177
1022,2018-07-01 00:00:00,,,5,100,1,2020-08-07 14:12:31,177
1023,2018-08-01 00:00:00,,,5,100,1,2020-08-07 14:13:26,177
1024,2018-09-01 00:00:00,,,5,100,1,2020-08-07 14:14:14,177
1025,2018-10-01 00:00:00,,,5,100,1,2020-08-07 14:15:28,177
1026,2018-11-01 00:00:00,,,5,100,1,2020-08-07 14:16:51,177
1027,2018-12-01 00:00:00,,,5,100,1,2020-08-07 14:17:41,177
1028,2019-01-01 00:00:00,,,5,100,1,2020-08-07 14:18:22,177
1029,2019-02-01 00:00:00,,,5,100,1,2020-08-07 14:19:43,177
1030,2019-03-01 00:00:00,,,5,100,1,2020-08-07 14:21:00,177
1031,2019-04-01 00:00:00,,,5,100,1,2020-08-07 14:22:14,177
1032,2019-03-01 00:00:00,,,5,100,1,2020-08-07 14:22:52,177
1033,2019-05-01 00:00:00,,,5,100,1,2020-08-07 14:23:36,177
1034,2019-06-01 00:00:00,,,5,100,1,2020-08-07 14:24:19,177
1035,2019-07-01 00:00:00,,,5,100,1,2020-08-07 14:24:57,177
1036,2019-08-01 00:00:00,,,5,100,1,2020-08-07 14:25:38,177
1037,2019-09-01 00:00:00,,,5,100,1,2020-08-07 14:26:20,177
1038,2019-10-01 00:00:00,,,5,100,1,2020-08-07 14:26:58,177
1039,2019-11-01 00:00:00,,,5,100,1,2020-08-07 14:27:52,177
1040,2019-12-01 00:00:00,,,5,100,1,2020-08-07 14:28:33,177
1041,2020-01-01 00:00:00,,,5,100,1,2020-08-07 14:29:16,177
1042,2020-02-01 00:00:00,,,5,100,1,2020-08-07 14:30:00,177
1043,2020-03-01 00:00:00,,,5,100,1,2020-08-07 14:30:43,177
1044,2020-04-01 00:00:00,,,5,100,1,2020-08-07 14:33:27,177
1045,2020-05-01 00:00:00,,,5,100,1,2020-08-07 14:34:10,177
1046,2020-06-01 00:00:00,,,5,100,1,2020-08-07 14:35:49,177
1047,2020-07-01 00:00:00,,,5,100,1,2020-08-07 14:36:18,177
1048,2017-07-01 00:00:00,,,3,28,1,2020-08-10 11:38:01,65
1049,2020-01-01 00:00:00,,,6,44,1,2020-08-11 16:50:33,103
1050,2019-11-01 00:00:00,,,6,39,1,2020-08-12 12:10:41,233
1051,2020-07-01 00:00:00,,,1,107,1,2020-08-28 14:57:48,181
1052,2020-08-01 00:00:00,,,8,114,1,2020-09-01 15:14:30,212
1053,2020-06-01 00:00:00,,,6,125,1,2020-09-02 11:15:17,251
1054,2020-07-01 00:00:00,,,6,125,1,2020-09-02 11:17:31,251
1055,2019-07-01 00:00:00,,,6,105,1,2020-09-02 15:48:38,174
1056,2019-05-01 00:00:00,,,6,105,1,2020-09-02 15:53:17,174
1057,2020-08-01 00:00:00,,,5,66,1,2020-09-03 16:55:29,124
1058,2020-08-01 00:00:00,,,5,100,1,2020-09-04 14:06:35,177
1059,2020-07-01 00:00:00,,,9,50,1,2020-09-08 12:33:19,110
1060,2020-08-01 00:00:00,,,,1,1,2020-09-08 21:20:41,76
1061,2020-08-01 00:00:00,,,1,107,1,2020-09-22 14:25:47,181
1062,2020-08-01 00:00:00,,,1,107,1,2020-09-22 14:30:09,181
1063,2020-08-01 00:00:00,,,1,107,1,2020-09-22 14:41:49,181
1064,2020-08-01 00:00:00,,,1,107,1,2020-09-22 14:48:35,181
1065,2020-08-01 00:00:00,,,1,107,1,2020-09-22 15:00:31,181
1066,2020-08-01 00:00:00,,,1,109,1,2020-10-06 11:02:43,188
1067,2020-07-01 00:00:00,,,1,109,1,2020-10-06 11:07:51,188
1068,2020-06-01 00:00:00,,,1,109,1,2020-10-06 11:12:09,188
1069,2020-09-01 00:00:00,,,6,39,1,2020-10-06 11:47:52,233
1070,2020-09-01 00:00:00,,,,12,1,2020-10-06 14:14:00,43
1071,2020-05-01 00:00:00,,,1,109,1,2020-10-06 15:02:14,188
1072,2020-04-01 00:00:00,,,1,109,1,2020-10-06 15:18:47,188
1073,2020-04-01 00:00:00,,,1,109,1,2020-10-06 15:20:31,188
1074,2020-04-01 00:00:00,,,5,83,1,2020-10-06 17:45:30,137
1075,2020-04-01 00:00:00,,,5,83,1,2020-10-06 17:46:36,137
1076,2020-09-01 00:00:00,,,,8,1,2020-10-07 14:30:10,123
1077,2020-09-01 00:00:00,,,,3,1,2020-10-07 16:38:46,54
1078,2020-09-01 00:00:00,,,,3,1,2020-10-07 16:40:38,54
1079,2019-04-01 00:00:00,,,5,60,1,2020-10-08 15:13:43,179
1080,2019-05-01 00:00:00,,,5,60,1,2020-10-08 15:15:33,179
1081,2019-06-01 00:00:00,,,5,60,1,2020-10-08 15:17:22,179
1082,2019-07-01 00:00:00,,,5,60,1,2020-10-08 15:19:28,179
1083,2019-08-01 00:00:00,,,5,60,1,2020-10-08 15:21:29,179
1084,2019-09-01 00:00:00,,,5,60,1,2020-10-08 15:23:09,179
1085,2019-10-01 00:00:00,,,5,60,1,2020-10-08 15:25:57,179
1086,2019-11-01 00:00:00,,,5,60,1,2020-10-08 15:28:33,179
1087,2019-12-01 00:00:00,,,5,60,1,2020-10-08 15:33:01,179
1088,2020-01-01 00:00:00,,,5,60,1,2020-10-08 15:34:34,179
1089,2020-02-01 00:00:00,,,5,60,1,2020-10-08 15:37:47,179
1090,2020-03-01 00:00:00,,,5,60,1,2020-10-08 15:40:00,179
1091,2018-04-01 00:00:00,,,5,60,1,2020-10-08 15:44:19,179
1092,2018-05-01 00:00:00,,,5,60,1,2020-10-08 15:50:32,179
1093,2018-06-01 00:00:00,,,5,60,1,2020-10-08 15:53:02,179
1094,2018-06-01 00:00:00,,,5,60,1,2020-10-08 15:53:37,179
1095,2018-07-01 00:00:00,,,5,60,1,2020-10-08 15:54:48,179
1096,2018-08-01 00:00:00,,,5,60,1,2020-10-08 16:00:46,179
1097,2018-09-01 00:00:00,,,5,60,1,2020-10-08 16:04:51,179
1098,2018-10-01 00:00:00,,,5,60,1,2020-10-08 16:08:02,179
1099,2018-11-01 00:00:00,,,5,60,1,2020-10-08 16:12:35,179
1100,2018-12-01 00:00:00,,,5,60,1,2020-10-08 16:15:28,179
1101,2019-01-01 00:00:00,,,5,60,1,2020-10-08 16:19:29,179
1102,2019-02-01 00:00:00,,,5,60,1,2020-10-08 16:22:02,179
1103,2019-03-01 00:00:00,,,5,60,1,2020-10-08 16:24:46,179
1104,2020-04-01 00:00:00,,,5,60,1,2020-10-08 17:37:52,179
1105,2020-06-01 00:00:00,,,5,60,1,2020-10-08 17:39:26,179
1106,2020-08-01 00:00:00,,,5,60,1,2020-10-08 17:40:54,179
1107,2020-09-01 00:00:00,,,,5,1,2020-10-09 11:04:55,26
1108,2020-06-01 00:00:00,,,,7,1,2020-10-12 14:35:09,19
1109,2020-06-01 00:00:00,,,,12,1,2020-10-15 15:18:30,43
1110,2020-06-01 00:00:00,,,,12,1,2020-10-15 15:43:12,43
1111,2020-04-01 00:00:00,,,,12,1,2020-10-15 15:45:53,43
1112,2020-05-01 00:00:00,,,,12,1,2020-10-15 15:50:04,43
1113,2020-09-01 00:00:00,,,4,14,1,2020-11-02 12:33:54,32
1114,2020-09-01 00:00:00,,,4,14,1,2020-11-02 12:34:26,32
1115,2020-05-01 00:00:00,,,4,14,1,2020-11-02 12:35:01,32
1116,2020-11-01 00:00:00,,,1,109,1,2020-11-03 17:30:39,188
1117,2020-11-01 00:00:00,,,1,109,1,2020-11-03 17:31:04,188
1118,2020-10-01 00:00:00,,,,12,1,2020-11-04 15:34:26,43
1119,2020-04-01 00:00:00,,,5,60,1,2020-11-06 11:25:10,179
1120,2020-05-01 00:00:00,,,5,60,1,2020-11-06 11:27:19,179
1121,2020-06-01 00:00:00,,,5,60,1,2020-11-06 11:31:21,179
1122,2020-07-01 00:00:00,,,5,60,1,2020-11-06 11:33:15,179
1123,2020-08-01 00:00:00,,,5,60,1,2020-11-06 11:35:27,179
1124,2020-08-01 00:00:00,,,5,60,1,2020-11-06 11:37:08,179
1125,2020-09-01 00:00:00,,,5,60,1,2020-11-06 11:38:40,179
1126,2020-10-01 00:00:00,,,5,60,1,2020-11-06 11:40:26,179
1127,2019-12-01 00:00:00,,,6,35,1,2020-11-10 14:24:57,236
1128,2020-10-01 00:00:00,,,7,112,1,2020-11-11 10:48:10,219
1129,2020-10-01 00:00:00,,,1,107,1,2020-11-30 16:20:34,181
1130,2020-10-01 00:00:00,,,1,107,1,2020-11-30 16:24:19,181
1131,2020-10-01 00:00:00,,,1,107,1,2020-11-30 16:39:20,181
1132,2020-10-01 00:00:00,,,1,107,1,2020-11-30 16:39:48,181
1133,2020-10-01 00:00:00,,,,7,1,2020-12-01 14:42:34,19
1134,2020-10-01 00:00:00,,,,7,1,2020-12-01 14:43:36,19
1135,2020-11-01 00:00:00,,,,7,1,2020-12-01 14:50:32,19
1136,2020-11-01 00:00:00,,,1,109,1,2020-12-03 11:26:26,188
1137,2020-11-01 00:00:00,,,1,109,1,2020-12-03 11:28:48,188
1138,2020-11-01 00:00:00,,,1,109,1,2020-12-03 11:31:24,188
1139,2020-11-01 00:00:00,,,1,109,1,2020-12-03 11:34:33,188
1140,2020-11-01 00:00:00,,,,5,1,2020-12-03 14:50:50,26
1141,2020-11-01 00:00:00,,,,6,1,2020-12-08 11:52:05,39
1142,2019-11-01 00:00:00,,,,9,1,2020-12-09 09:45:16,28
1143,2019-11-01 00:00:00,,,,9,1,2020-12-09 09:47:54,28
1144,2019-12-01 00:00:00,,,,9,1,2020-12-09 14:12:39,28
1145,2020-01-01 00:00:00,,,,9,1,2020-12-09 14:19:39,28
1146,2020-02-01 00:00:00,,,,9,1,2020-12-09 14:23:29,28
1147,2020-11-01 00:00:00,,,1,107,1,2020-12-30 10:40:52,181
1148,2020-11-01 00:00:00,,,1,107,1,2020-12-30 10:47:06,181
1149,2021-12-01 00:00:00,,,4,14,1,2021-01-01 13:00:52,32
1150,2020-12-01 00:00:00,,,6,35,1,2021-01-02 08:42:37,236
1151,2020-11-01 00:00:00,,,8,113,1,2021-01-04 16:53:58,214
1152,2020-12-01 00:00:00,,,5,100,1,2021-01-05 15:37:57,177
1153,2020-12-01 00:00:00,,,,12,1,2021-01-05 17:01:21,43
1154,2020-12-01 00:00:00,,,,12,1,2021-01-05 17:02:10,43
1155,2021-12-01 00:00:00,,,6,42,1,2021-01-06 09:42:02,244
1156,2020-12-01 00:00:00,,,3,28,1,2021-01-07 11:10:20,65
1157,2020-12-01 00:00:00,,,1,107,1,2021-01-27 16:06:56,181
1158,2020-12-01 00:00:00,,,1,107,1,2021-01-27 16:24:04,181
1159,2020-12-01 00:00:00,,,6,105,1,2021-02-02 13:02:11,174
1160,2021-01-01 00:00:00,,,5,66,1,2021-02-03 12:08:17,124
1161,2021-01-01 00:00:00,,,,11,1,2021-02-04 15:27:16,31
1162,2021-01-01 00:00:00,,,5,60,1,2021-02-06 16:39:17,179
1163,2020-09-01 00:00:00,,,5,60,1,2021-02-09 11:13:02,179
1164,2021-02-01 00:00:00,,,,5,1,2021-02-09 14:01:56,26
1165,2021-02-01 00:00:00,,,4,14,1,2021-03-01 17:08:24,32
1166,2021-02-01 00:00:00,,,4,14,1,2021-03-01 17:14:12,32
1167,2021-02-01 00:00:00,,,4,14,1,2021-03-01 17:18:16,32
1168,2021-02-01 00:00:00,,,4,14,1,2021-03-01 21:30:17,32
1169,2021-01-01 00:00:00,,,1,108,1,2021-03-03 10:33:10,183
1170,2021-02-01 00:00:00,,,,5,1,2021-03-03 15:48:38,26
1171,2021-02-01 00:00:00,,,1,109,1,2021-03-03 18:42:52,188
1172,2021-02-01 00:00:00,,,,12,1,2021-03-04 17:14:36,43
1173,2021-02-01 00:00:00,,,,12,1,2021-03-04 17:15:13,43
1174,2020-05-01 00:00:00,,,,13,1,2021-03-10 11:58:22,14
1175,2020-06-01 00:00:00,,,,13,1,2021-03-10 11:59:00,14
1176,2020-07-01 00:00:00,,,,13,1,2021-03-10 11:59:44,14
1177,2020-08-01 00:00:00,,,,13,1,2021-03-10 12:01:19,14
1178,2020-09-01 00:00:00,,,,13,1,2021-03-10 12:02:54,14
1179,2020-10-01 00:00:00,,,,13,1,2021-03-10 12:03:29,14
1180,2020-11-01 00:00:00,,,,13,1,2021-03-10 12:04:01,14
1181,2020-12-01 00:00:00,,,,13,1,2021-03-10 12:04:41,14
1182,2021-01-01 00:00:00,,,,13,1,2021-03-10 12:05:25,14
1183,2021-02-01 00:00:00,,,,13,1,2021-03-10 12:16:57,14
1184,2021-01-01 00:00:00,,,,13,1,2021-03-10 12:17:39,14
1185,2021-01-01 00:00:00,,,,13,1,2021-03-10 12:27:58,14
1186,2020-04-01 00:00:00,,,,13,1,2021-03-13 19:26:24,14
1187,2020-04-01 00:00:00,,,,13,1,2021-03-13 19:27:27,14
1188,2020-04-01 00:00:00,,,,13,1,2021-03-13 19:29:11,14
1189,2020-04-01 00:00:00,,,,13,1,2021-03-15 09:15:50,14
1190,2020-05-01 00:00:00,,,,13,1,2021-03-15 09:16:48,14
1191,2020-06-01 00:00:00,,,,13,1,2021-03-15 09:17:47,14
1192,2020-07-01 00:00:00,,,,13,1,2021-03-15 09:19:07,14
1193,2020-08-01 00:00:00,,,,13,1,2021-03-15 09:19:52,14
1194,2020-09-01 00:00:00,,,,13,1,2021-03-15 09:21:07,14
1195,2020-10-01 00:00:00,,,,13,1,2021-03-15 09:22:31,14
1196,2020-11-01 00:00:00,,,,13,1,2021-03-15 09:23:14,14
1197,2020-12-01 00:00:00,,,,13,1,2021-03-15 09:23:56,14
1198,2021-01-01 00:00:00,,,,13,1,2021-03-15 09:24:45,14
1199,2021-02-01 00:00:00,,,,13,1,2021-03-15 09:26:04,14
1200,2020-12-01 00:00:00,,,,13,1,2021-03-15 09:37:41,14
1201,2020-12-01 00:00:00,,,,13,1,2021-03-15 09:42:09,14
1202,2020-12-01 00:00:00,,,,13,1,2021-03-15 10:09:10,14
1203,2021-02-01 00:00:00,,,1,107,1,2021-03-23 16:09:00,181
1204,2021-02-01 00:00:00,,,1,107,1,2021-03-23 16:11:29,181
1205,2021-03-01 00:00:00,,,5,103,1,2021-04-03 17:24:17,160
1206,2020-10-01 00:00:00,,,,12,1,2021-04-05 16:51:49,43
1207,2020-10-01 00:00:00,,,,12,1,2021-04-05 17:01:42,43
1208,2021-03-01 00:00:00,,,6,125,1,2021-04-06 11:09:06,251
1209,2020-12-01 00:00:00,,,7,112,1,2021-04-06 16:42:03,219
1210,2021-01-01 00:00:00,,,7,112,1,2021-04-06 16:46:07,219
1211,2021-02-01 00:00:00,,,7,112,1,2021-04-06 16:48:43,219
1212,2021-02-01 00:00:00,,,,13,1,2021-04-07 14:15:31,14
1213,2021-02-01 00:00:00,,,,13,1,2021-04-07 14:18:27,14
1214,2021-01-01 00:00:00,,,5,60,1,2021-04-09 17:19:53,179
1215,2021-03-01 00:00:00,,,5,60,1,2021-04-09 17:30:12,179
1216,2020-12-01 00:00:00,,,4,14,1,2021-04-15 17:03:04,32
1217,2021-03-01 00:00:00,,,4,14,1,2021-04-15 17:10:51,32
1218,2021-02-01 00:00:00,,,4,14,1,2021-04-15 17:12:28,32
1219,2020-07-01 00:00:00,,,1,107,1,2021-04-17 13:45:33,181
1220,2020-08-01 00:00:00,,,1,107,1,2021-04-17 13:46:48,181
1221,2021-03-01 00:00:00,,,1,107,1,2021-04-17 14:10:18,181
1222,2020-04-01 00:00:00,,,,12,1,2021-04-19 14:30:16,43
1223,2020-05-01 00:00:00,,,,12,1,2021-04-19 14:31:40,43
1224,2020-05-01 00:00:00,,,,12,1,2021-04-19 14:34:49,43
1225,2020-08-01 00:00:00,,,,12,1,2021-04-19 14:37:52,43
1226,2020-11-01 00:00:00,,,,12,1,2021-04-19 14:39:05,43
1227,2020-12-01 00:00:00,,,,12,1,2021-04-19 14:40:09,43
1228,2021-01-01 00:00:00,,,,12,1,2021-04-19 15:07:22,43
1229,2021-01-01 00:00:00,,,,12,1,2021-04-19 15:10:14,43
1230,2021-02-01 00:00:00,,,,12,1,2021-04-19 15:11:14,43
1231,2021-03-01 00:00:00,,,1,107,1,2021-04-21 14:29:36,181
1232,2021-03-01 00:00:00,,,1,107,1,2021-04-21 14:33:12,181
1233,2021-03-01 00:00:00,,,1,107,1,2021-04-21 14:35:17,181
1234,2021-03-01 00:00:00,,,1,107,1,2021-04-21 14:36:07,181
1235,2021-03-01 00:00:00,,,1,107,1,2021-04-21 14:39:00,181
1236,2020-10-01 00:00:00,,,5,66,1,2021-04-28 17:56:57,124
1237,2021-01-01 00:00:00,,,5,66,1,2021-04-28 18:16:58,124
1238,2021-01-01 00:00:00,,,5,66,1,2021-04-30 12:23:55,124
1239,2020-09-01 00:00:00,,,5,53,1,2021-04-30 14:16:50,127
1240,2020-12-01 00:00:00,,,5,79,1,2021-04-30 18:02:06,130
1241,2021-04-01 00:00:00,,,5,53,1,2021-05-01 13:47:06,127
1242,2021-04-01 00:00:00,,,6,39,1,2021-05-02 22:04:37,233
1243,2021-03-01 00:00:00,,,5,103,1,2021-05-05 17:05:45,160
1244,2021-04-01 00:00:00,,,6,34,1,2021-06-01 13:09:42,101
1245,2021-04-01 00:00:00,,,6,37,1,2021-06-01 15:17:54,234
1246,2021-05-01 00:00:00,,,,12,1,2021-06-05 15:57:49,43
1247,2021-05-01 00:00:00,,,,12,1,2021-06-05 15:58:14,43
1248,2021-04-01 00:00:00,,,,12,1,2021-06-05 16:01:32,43
1249,2021-04-01 00:00:00,,,1,107,1,2021-06-07 11:45:46,181
1250,2021-04-01 00:00:00,,,1,107,1,2021-06-07 12:06:29,181
1251,2021-04-01 00:00:00,,,,13,1,2021-06-09 12:33:26,14
1252,2021-05-01 00:00:00,,,6,37,1,2021-06-14 14:16:49,234
1253,2021-05-01 00:00:00,,,1,107,1,2021-07-01 11:42:27,181
1254,2021-05-01 00:00:00,,,,7,1,2021-07-02 15:38:46,19
1255,2021-06-01 00:00:00,,,1,109,1,2021-07-03 16:41:33,188
1256,2021-06-01 00:00:00,,,1,109,1,2021-07-03 16:43:49,188
1257,2020-04-01 00:00:00,,,3,26,1,2021-07-20 14:54:16,64
1258,2020-05-01 00:00:00,,,3,26,1,2021-07-20 14:55:13,64
1259,2020-06-01 00:00:00,,,3,26,1,2021-07-20 14:56:53,64
1260,2020-04-01 00:00:00,,,3,26,1,2021-07-20 14:57:59,64
1261,2020-05-01 00:00:00,,,3,26,1,2021-07-20 14:59:39,64
1262,2020-06-01 00:00:00,,,3,26,1,2021-07-20 15:00:57,64
1263,2020-07-01 00:00:00,,,3,26,1,2021-07-20 15:03:45,64
1264,2020-08-01 00:00:00,,,3,26,1,2021-07-20 15:05:45,64
1265,2020-09-01 00:00:00,,,3,26,1,2021-07-20 15:07:57,64
1266,2020-10-01 00:00:00,,,3,26,1,2021-07-20 15:08:42,64
1267,2021-06-01 00:00:00,,,1,107,1,2021-07-26 11:18:52,181
1268,2021-04-01 00:00:00,,,7,112,1,2021-08-02 10:23:55,219
1269,2021-06-01 00:00:00,,,,11,1,2021-08-03 11:32:30,31
1270,2021-06-01 00:00:00,,,,11,1,2021-08-03 11:34:30,31
1271,2021-07-01 00:00:00,,,,11,1,2021-08-03 11:38:42,31
1272,2021-07-01 00:00:00,,,,11,1,2021-08-03 11:41:05,31
1273,2021-04-01 00:00:00,,,1,107,1,2021-08-03 14:14:32,181
1274,2021-07-01 00:00:00,,,6,35,1,2021-08-04 14:37:46,236
1275,2021-07-01 00:00:00,,,6,35,1,2021-08-04 14:38:23,236
1276,2021-05-01 00:00:00,,,,13,1,2021-08-10 11:35:22,14
1277,2021-06-01 00:00:00,,,,13,1,2021-08-10 11:38:55,14
1278,2021-05-01 00:00:00,,,,13,1,2021-08-10 11:41:21,14
1279,2021-08-01 00:00:00,,,6,35,1,2021-09-02 12:49:13,236
1280,2021-05-01 00:00:00,,,,7,1,2021-09-02 16:36:43,19
1281,2021-08-01 00:00:00,,,5,100,1,2021-09-03 13:05:41,177
1282,2021-07-01 00:00:00,,,1,107,1,2021-09-04 10:01:11,181
1283,2021-07-01 00:00:00,,,1,107,1,2021-09-13 12:27:10,181
1284,2021-07-01 00:00:00,,,1,107,1,2021-09-13 12:28:19,181
1285,2021-08-01 00:00:00,,,1,107,1,2021-10-01 12:09:32,181
1286,2021-08-01 00:00:00,,,1,107,1,2021-10-01 12:12:22,181
1287,2021-09-01 00:00:00,,,1,110,1,2021-10-05 18:09:16,216
1288,2021-09-01 00:00:00,,,6,106,1,2021-10-07 23:00:03,175
1289,2021-09-01 00:00:00,,,6,47,1,2021-10-08 11:16:34,95
1290,2021-09-01 00:00:00,,,1,107,1,2021-10-08 17:47:33,181
1291,2021-09-01 00:00:00,,,,7,1,2021-10-13 14:17:12,19
1292,2021-08-01 00:00:00,,,6,34,1,2021-11-02 11:57:36,101
1293,2021-10-01 00:00:00,,,6,47,1,2021-11-02 16:58:17,95
1294,2021-10-01 00:00:00,,,6,105,1,2021-11-07 18:23:35,174
1295,2021-10-01 00:00:00,,,6,105,1,2021-11-07 18:23:50,174
1296,2021-10-01 00:00:00,,,1,107,1,2021-12-04 13:13:08,181
1297,2021-10-01 00:00:00,,,1,107,1,2021-12-04 13:14:26,181
1298,2021-10-01 00:00:00,,,1,107,1,2021-12-04 13:25:29,181
1299,2021-10-01 00:00:00,,,1,107,1,2021-12-04 13:28:56,181
1300,2021-11-01 00:00:00,,,5,100,1,2021-12-06 11:40:59,177
1301,2021-10-01 00:00:00,,,7,112,1,2021-12-08 11:53:05,219
1302,2021-11-01 00:00:00,,,1,107,1,2021-12-29 14:50:05,181
1303,2021-11-01 00:00:00,,,1,107,1,2021-12-29 14:53:11,181
1304,2021-06-01 00:00:00,,,6,34,1,2022-01-03 11:10:06,101
1305,2021-12-01 00:00:00,,,5,61,1,2022-01-03 16:08:08,129
1306,2021-10-01 00:00:00,,,6,44,1,2022-01-05 16:52:19,103
1307,2021-12-01 00:00:00,,,,12,1,2022-01-06 10:38:09,43
1308,2021-09-01 00:00:00,,,6,106,1,2022-01-06 13:36:51,175
1309,2021-10-01 00:00:00,,,6,106,1,2022-01-06 13:37:34,175
1310,2021-11-01 00:00:00,,,6,106,1,2022-01-06 13:38:10,175
1311,2021-09-01 00:00:00,,,6,106,1,2022-01-06 13:38:34,175
1312,2021-10-01 00:00:00,,,6,106,1,2022-01-06 13:38:56,175
1313,2021-12-01 00:00:00,,,5,88,1,2022-01-06 17:49:22,159
1314,2021-12-01 00:00:00,,,,2,1,2022-01-13 14:58:40,154
1315,2022-01-01 00:00:00,,,2,116,1,2022-02-01 11:16:10,225
1316,2022-01-01 00:00:00,,,6,45,1,2022-02-03 16:02:13,97
1317,2022-01-01 00:00:00,,,6,45,1,2022-02-03 16:03:32,97
1318,2021-12-01 00:00:00,,,1,107,1,2022-02-09 15:29:32,181
1319,2021-12-01 00:00:00,,,1,107,1,2022-02-09 15:31:26,181
1320,2022-01-01 00:00:00,,,,13,1,2022-02-10 16:01:13,14
1321,2022-01-01 00:00:00,,,1,107,1,2022-02-28 12:33:50,181
1322,2022-01-01 00:00:00,,,1,107,1,2022-02-28 12:38:55,181
1323,2022-01-01 00:00:00,,,1,107,1,2022-02-28 13:03:01,181
1324,2022-01-01 00:00:00,,,1,107,1,2022-02-28 13:05:27,181
1325,2022-01-01 00:00:00,,,1,107,1,2022-02-28 15:26:12,181
1326,2022-01-01 00:00:00,,,1,107,1,2022-02-28 15:29:44,181
1327,2022-01-01 00:00:00,,,1,107,1,2022-02-28 15:48:48,181
1328,2022-01-01 00:00:00,,,1,107,1,2022-02-28 16:08:02,181
1329,2022-01-01 00:00:00,,,6,34,1,2022-03-02 10:50:27,101
1330,2022-02-01 00:00:00,,,8,114,1,2022-03-03 16:05:13,212
1331,2022-02-01 00:00:00,,,,12,1,2022-03-08 10:39:45,43
1332,2022-02-01 00:00:00,,,,11,1,2022-03-11 17:24:05,31
1333,2022-02-01 00:00:00,,,,11,1,2022-03-15 09:45:04,31
1334,2021-08-01 00:00:00,,,5,103,1,2022-03-30 12:34:59,160
1335,2021-09-01 00:00:00,,,5,103,1,2022-03-30 12:36:10,160
1336,2021-12-01 00:00:00,,,5,103,1,2022-04-01 15:54:53,160
1337,2021-07-01 00:00:00,,,5,66,1,2022-04-01 17:42:48,124
1338,2021-10-01 00:00:00,,,5,66,1,2022-04-01 17:44:23,124
1339,2022-03-01 00:00:00,,,6,36,1,2022-04-01 18:07:13,91
1340,2022-02-01 00:00:00,,,5,79,1,2022-04-01 18:25:17,130
1341,2022-02-01 00:00:00,,,1,107,1,2022-04-04 14:16:14,181
1342,2022-02-01 00:00:00,,,6,106,1,2022-04-04 18:02:56,175
1343,2022-02-01 00:00:00,,,,11,1,2022-04-11 12:37:54,31
1344,2022-03-01 00:00:00,,,,7,1,2022-04-11 15:56:46,19
1345,2021-12-01 00:00:00,,,5,60,1,2022-04-16 15:49:54,179
1346,2021-11-01 00:00:00,,,5,60,1,2022-04-16 15:53:08,179
1347,2021-07-01 00:00:00,,,5,60,1,2022-04-16 15:55:53,179
1348,2022-02-01 00:00:00,,,,11,1,2022-04-18 08:56:30,31
1349,2022-02-01 00:00:00,,,,11,1,2022-04-18 10:17:44,31
1350,2021-04-01 00:00:00,,,,11,1,2022-04-19 09:35:55,31
1351,2021-05-01 00:00:00,,,,11,1,2022-04-19 09:39:46,31
1352,2021-06-01 00:00:00,,,,11,1,2022-04-19 09:42:03,31
1353,2021-07-01 00:00:00,,,,11,1,2022-04-19 09:44:14,31
1354,2021-08-01 00:00:00,,,,11,1,2022-04-19 09:46:05,31
1355,2021-09-01 00:00:00,,,,11,1,2022-04-19 09:47:48,31
1356,2021-10-01 00:00:00,,,,11,1,2022-04-19 09:49:23,31
1357,2021-11-01 00:00:00,,,,11,1,2022-04-19 09:50:57,31
1358,2021-12-01 00:00:00,,,,11,1,2022-04-19 09:53:18,31
1359,2022-01-01 00:00:00,,,,11,1,2022-04-19 09:54:56,31
1360,2022-02-01 00:00:00,,,,11,1,2022-04-19 09:57:24,31
1361,2022-03-01 00:00:00,,,,11,1,2022-04-19 09:59:37,31
1362,2021-09-01 00:00:00,,,,11,1,2022-04-19 11:54:39,31
1363,2022-03-01 00:00:00,,,1,107,1,2022-04-19 13:37:42,181
1364,2022-03-01 00:00:00,,,1,107,1,2022-04-19 13:40:27,181
1365,2021-07-01 00:00:00,,,,12,1,2022-04-25 12:18:58,43
1366,2021-08-01 00:00:00,,,,12,1,2022-04-25 12:21:12,43
1367,2021-12-01 00:00:00,,,6,127,1,2022-04-25 16:48:44,261
1368,2022-01-01 00:00:00,,,6,127,1,2022-04-25 16:50:44,261
1369,2022-02-01 00:00:00,,,6,127,1,2022-04-25 17:06:22,261
1370,2022-03-01 00:00:00,,,6,127,1,2022-04-25 17:18:00,261
1371,2021-09-01 00:00:00,,,4,14,1,2022-04-26 15:12:37,32
1372,2021-10-01 00:00:00,,,4,14,1,2022-04-26 15:14:07,32
1373,2022-02-01 00:00:00,,,4,14,1,2022-04-26 15:18:48,32
1374,2021-04-01 00:00:00,,,4,14,1,2022-04-26 15:24:59,32
1375,2021-04-01 00:00:00,,,4,14,1,2022-04-26 15:48:30,32
1376,2022-04-01 00:00:00,,,8,114,1,2022-05-06 12:28:46,212
1377,2022-04-01 00:00:00,,,,12,1,2022-05-09 11:13:02,43
1378,2022-04-01 00:00:00,,,4,14,1,2022-05-09 15:40:18,32
1379,2022-04-01 00:00:00,,,6,115,1,2022-05-09 16:17:40,221
1380,2022-02-01 00:00:00,,,5,87,1,2022-05-10 15:50:20,162
1381,2021-06-01 00:00:00,,,5,87,1,2022-05-10 15:52:00,162
1382,2021-08-01 00:00:00,,,5,87,1,2022-05-10 15:53:16,162
1383,2021-11-01 00:00:00,,,5,87,1,2022-05-10 15:54:25,162
1384,2021-12-01 00:00:00,,,5,60,1,2022-05-12 14:40:20,179
1385,2021-11-01 00:00:00,,,5,60,1,2022-05-12 14:43:23,179
1386,2021-10-01 00:00:00,,,5,60,1,2022-05-12 14:47:33,179
1387,2021-12-01 00:00:00,,,5,60,1,2022-05-12 14:50:35,179
1388,2022-04-01 00:00:00,,,6,115,1,2022-05-13 11:44:34,221
1389,2022-04-01 00:00:00,,,1,107,1,2022-06-01 16:45:31,181
1390,2022-04-01 00:00:00,,,1,107,1,2022-06-01 16:52:40,181
1391,2022-05-01 00:00:00,,,2,117,1,2022-06-02 12:12:43,229
1392,2022-05-01 00:00:00,,,5,88,1,2022-06-04 11:58:33,159
1393,2022-05-01 00:00:00,,,5,100,1,2022-06-04 12:50:31,177
1394,2022-05-01 00:00:00,,,,12,1,2022-06-07 15:36:32,43
1395,2022-05-01 00:00:00,,,,12,1,2022-06-07 15:37:22,43
1396,2022-05-01 00:00:00,,,5,60,1,2022-06-08 15:24:08,179
1397,2022-05-01 00:00:00,,,1,108,1,2022-06-13 10:23:23,183
1398,2022-05-01 00:00:00,,,1,108,1,2022-06-13 10:23:35,183
1399,2022-06-01 00:00:00,,,5,99,1,2022-07-05 13:03:54,170
1400,2022-05-01 00:00:00,,,1,107,1,2022-07-05 15:18:30,181
1401,2022-04-01 00:00:00,,,1,109,1,2022-07-05 17:06:12,188
1402,2022-05-01 00:00:00,,,1,109,1,2022-07-05 17:07:57,188
1403,2022-06-01 00:00:00,,,,12,1,2022-07-07 16:10:29,43
1404,2022-03-01 00:00:00,,,1,110,1,2022-07-07 19:06:25,216
1405,2022-04-01 00:00:00,,,1,109,1,2022-07-08 16:44:00,188
1406,2022-04-01 00:00:00,,,1,109,1,2022-07-08 16:49:10,188
1407,2022-04-01 00:00:00,,,1,109,1,2022-07-08 16:51:25,188
1408,2022-04-01 00:00:00,,,1,109,1,2022-07-08 16:56:34,188
1409,2022-05-01 00:00:00,,,1,109,1,2022-07-08 17:01:33,188
1410,2022-06-01 00:00:00,,,1,109,1,2022-07-08 17:04:32,188
1411,2022-06-01 00:00:00,,,5,60,1,2022-07-12 13:32:26,179
1412,2022-06-01 00:00:00,,,,13,1,2022-07-12 15:49:25,14
1413,2022-04-01 00:00:00,,,,11,1,2022-07-25 16:52:08,31
1414,2022-04-01 00:00:00,,,,11,1,2022-07-25 16:52:46,31
1415,2022-05-01 00:00:00,,,,11,1,2022-07-25 16:54:46,31
1416,2022-05-01 00:00:00,,,,11,1,2022-07-25 16:56:00,31
1417,2022-05-01 00:00:00,,,,11,1,2022-07-25 16:56:45,31
1418,2022-06-01 00:00:00,,,,11,1,2022-07-25 17:01:51,31
1419,2022-07-01 00:00:00,,,,1,1,2022-08-02 17:04:31,75
1420,2022-07-01 00:00:00,,,5,100,1,2022-08-04 13:36:51,177
1421,2022-07-01 00:00:00,,,5,100,1,2022-08-04 13:37:54,177
1422,2022-06-01 00:00:00,,,,7,1,2022-08-11 14:58:19,19
1423,2022-07-01 00:00:00,,,5,60,1,2022-08-12 15:27:44,179
1424,2022-07-01 00:00:00,,,5,60,1,2022-08-12 15:29:06,179
1425,2022-07-01 00:00:00,,,7,112,1,2022-08-30 15:48:15,219
1426,2022-07-01 00:00:00,,,1,107,1,2022-09-03 12:14:17,181
1427,2022-08-01 00:00:00,,,5,100,1,2022-09-05 13:43:13,177
1428,2022-08-01 00:00:00,,,,8,1,2022-09-06 16:51:50,123
1429,2022-08-01 00:00:00,,,6,104,1,2022-09-08 15:30:34,166
1430,2022-08-01 00:00:00,,,6,104,1,2022-09-08 15:35:05,166
1431,2022-09-01 00:00:00,,,,7,1,2022-10-05 15:50:04,19
1432,2022-08-01 00:00:00,,,5,60,1,2022-10-10 16:37:19,179
1433,2022-09-01 00:00:00,,,6,42,1,2022-10-18 13:29:59,244
1434,2022-08-01 00:00:00,,,1,107,1,2022-10-21 10:56:14,181
1435,2022-06-01 00:00:00,,,,11,1,2022-11-02 14:39:54,31
1436,2022-07-01 00:00:00,,,,11,1,2022-11-02 14:41:33,31
1437,2022-07-01 00:00:00,,,,11,1,2022-11-02 14:42:30,31
1438,2022-09-01 00:00:00,,,,11,1,2022-11-02 14:47:30,31
1439,2022-09-01 00:00:00,,,,11,1,2022-11-02 14:48:04,31
1440,2022-10-01 00:00:00,,,6,39,1,2022-11-02 17:00:24,233
1441,2022-06-01 00:00:00,,,6,39,1,2022-11-02 17:02:54,233
1442,2022-06-01 00:00:00,,,6,39,1,2022-11-02 17:04:04,233
1443,2022-05-01 00:00:00,,,6,39,1,2022-11-02 17:06:29,233
1444,2022-05-01 00:00:00,,,6,39,1,2022-11-02 17:10:13,233
1445,2022-05-01 00:00:00,,,6,39,1,2022-11-02 17:11:02,233
1446,2022-04-01 00:00:00,,,6,39,1,2022-11-02 17:18:53,233
1447,2022-10-01 00:00:00,,,5,100,1,2022-11-04 17:35:19,177
1448,2022-10-01 00:00:00,,,,12,1,2022-11-07 17:14:12,43
1449,2022-10-01 00:00:00,,,5,60,1,2022-11-15 15:51:01,179
1450,2022-10-01 00:00:00,,,5,60,1,2022-11-15 16:24:00,179
1451,2022-11-01 00:00:00,,,1,107,1,2022-12-05 09:16:48,181
1452,2022-11-01 00:00:00,,,5,85,1,2022-12-15 13:54:47,144
1453,2022-12-01 00:00:00,,,6,123,1,2022-12-15 15:20:50,247
1454,2022-12-01 00:00:00,,,6,123,1,2023-01-02 16:37:59,247
1455,2022-11-01 00:00:00,,,,7,1,2023-01-03 12:21:09,19
1456,2022-12-01 00:00:00,,,2,117,1,2023-01-03 17:11:38,229
1457,2022-11-01 00:00:00,,,2,117,1,2023-01-03 17:14:05,229
1458,2022-10-01 00:00:00,,,2,117,1,2023-01-03 17:15:04,229
1459,2022-09-01 00:00:00,,,2,117,1,2023-01-03 17:17:10,229
1460,2022-04-01 00:00:00,,,2,117,1,2023-01-03 17:19:27,229
1461,2022-05-01 00:00:00,,,2,117,1,2023-01-03 17:20:27,229
1462,2022-01-01 00:00:00,,,2,117,1,2023-01-03 17:25:29,229
1463,2022-02-01 00:00:00,,,2,117,1,2023-01-03 17:25:58,229
1464,2022-03-01 00:00:00,,,2,117,1,2023-01-03 17:26:30,229
1465,2022-05-01 00:00:00,,,10,33,1,2023-01-03 17:46:01,56
1466,2022-12-01 00:00:00,,,5,88,1,2023-01-05 13:13:57,159
1467,2022-12-01 00:00:00,,,,12,1,2023-01-06 15:30:43,43
1468,2022-09-01 00:00:00,,,1,107,1,2023-01-07 10:49:59,181
1469,2022-09-01 00:00:00,,,1,107,1,2023-01-07 10:51:08,181
1470,2022-10-01 00:00:00,,,1,107,1,2023-01-07 11:32:17,181
1471,2022-10-01 00:00:00,,,1,107,1,2023-01-07 11:33:57,181
1472,2022-10-01 00:00:00,,,1,107,1,2023-01-07 11:34:36,181
1473,2022-11-01 00:00:00,,,1,107,1,2023-01-07 11:51:05,181
1474,2022-11-01 00:00:00,,,1,107,1,2023-01-07 11:52:51,181
1475,2023-01-01 00:00:00,,,7,112,1,2023-01-09 16:32:40,219
1476,2022-12-01 00:00:00,,,5,103,1,2023-01-10 11:42:42,160
1477,2022-12-01 00:00:00,,,7,112,1,2023-01-10 14:58:07,219
1478,2022-12-01 00:00:00,,,6,127,1,2023-01-12 11:33:33,261
1479,2022-12-01 00:00:00,,,1,107,1,2023-01-25 16:37:29,181
1480,2022-12-01 00:00:00,,,1,107,1,2023-01-25 16:38:52,181
1481,2022-12-01 00:00:00,,,6,39,1,2023-02-03 11:19:15,233
1482,2023-01-01 00:00:00,,,7,112,1,2023-02-04 10:50:42,219
1483,2023-01-01 00:00:00,,,5,100,1,2023-02-07 12:34:43,177
1484,2023-01-01 00:00:00,,,8,114,1,2023-02-09 14:16:47,212
1485,2023-01-01 00:00:00,,,5,88,1,2023-02-09 16:17:40,159
1486,2023-01-01 00:00:00,,,1,107,1,2023-02-21 17:17:52,181
1487,2023-01-01 00:00:00,,,1,107,1,2023-02-21 17:19:14,181
1488,2023-01-01 00:00:00,,,6,127,1,2023-03-08 16:36:17,261
1489,2023-01-01 00:00:00,,,6,127,1,2023-03-08 16:37:08,261
1490,2023-01-01 00:00:00,,,6,127,1,2023-03-08 17:25:08,261
1491,2023-02-01 00:00:00,,,,13,1,2023-03-10 18:02:37,14
1492,2018-11-01 00:00:00,,,1,111,1,2023-03-15 14:40:51,180
1493,2018-12-01 00:00:00,,,1,111,1,2023-03-15 14:42:12,180
1494,2023-02-01 00:00:00,,,1,107,1,2023-03-24 15:01:52,181
1495,2023-02-01 00:00:00,,,6,127,1,2023-04-03 12:34:47,261
1496,2023-02-01 00:00:00,,,6,127,1,2023-04-03 12:36:06,261
1497,2023-03-01 00:00:00,,,6,127,1,2023-04-03 14:06:05,261
1498,2023-03-01 00:00:00,,,6,41,1,2023-04-03 18:22:28,118
1499,2023-03-01 00:00:00,,,1,107,1,2023-04-05 12:15:13,181
1500,2023-03-01 00:00:00,,,1,107,1,2023-04-05 17:11:34,181
1501,2022-04-01 00:00:00,,,5,55,1,2023-04-06 14:22:13,173
1502,2022-12-01 00:00:00,,,5,55,1,2023-04-06 14:41:30,173
1503,2023-03-01 00:00:00,,,5,60,1,2023-04-06 16:03:12,179
1504,2023-02-01 00:00:00,,,5,60,1,2023-04-06 16:15:47,179
1505,2023-03-01 00:00:00,,,5,88,1,2023-04-06 16:32:08,159
1506,2023-03-01 00:00:00,,,5,88,1,2023-04-06 16:33:39,159
1507,2023-03-01 00:00:00,,,5,88,1,2023-04-06 16:43:21,159
1508,2022-04-01 00:00:00,,,5,55,1,2023-04-11 11:44:03,173
1509,2022-10-01 00:00:00,,,5,55,1,2023-04-11 11:49:14,173
1510,2022-10-01 00:00:00,,,5,55,1,2023-04-11 11:50:11,173
1511,2022-10-01 00:00:00,,,5,55,1,2023-04-11 11:52:31,173
1512,2022-10-01 00:00:00,,,5,55,1,2023-04-11 11:53:55,173
1513,2022-10-01 00:00:00,,,5,55,1,2023-04-11 11:56:50,173
1514,2022-10-01 00:00:00,,,5,55,1,2023-04-11 12:00:45,173
1515,2022-05-01 00:00:00,,,5,55,1,2023-04-11 13:26:17,173
1516,2022-05-01 00:00:00,,,5,55,1,2023-04-11 13:26:48,173
1517,2022-10-01 00:00:00,,,5,55,1,2023-04-13 15:59:20,173
1518,2022-10-01 00:00:00,,,5,55,1,2023-04-13 16:00:32,173
1519,2022-07-01 00:00:00,,,5,60,1,2023-04-18 15:49:53,179
1520,2023-03-01 00:00:00,,,6,123,1,2023-04-18 16:55:58,247
1521,2022-08-01 00:00:00,,,,7,1,2023-04-19 10:33:37,19
1522,2022-10-01 00:00:00,,,,7,1,2023-04-19 10:39:58,19
1523,2022-07-01 00:00:00,,,,7,1,2023-04-19 10:43:27,19
1524,2022-07-01 00:00:00,,,,7,1,2023-04-19 10:44:20,19
1525,2022-07-01 00:00:00,,,,7,1,2023-04-19 10:47:42,19
1526,2022-08-01 00:00:00,,,,7,1,2023-04-19 11:07:47,19
1527,2022-08-01 00:00:00,,,,7,1,2023-04-19 11:08:55,19
1528,2022-08-01 00:00:00,,,,7,1,2023-04-19 11:41:21,19
1529,2022-08-01 00:00:00,,,,7,1,2023-04-19 12:09:27,19
1530,2022-09-01 00:00:00,,,,7,1,2023-04-19 12:24:57,19
1531,2022-11-01 00:00:00,,,5,87,1,2023-04-20 16:57:56,162
1532,2022-05-01 00:00:00,,,5,87,1,2023-04-20 16:58:56,162
1533,2022-04-01 00:00:00,,,5,87,1,2023-04-20 17:02:17,162
1534,2022-04-01 00:00:00,,,5,87,1,2023-04-20 17:03:19,162
1535,2022-07-01 00:00:00,,,5,61,1,2023-04-20 17:23:39,129
1536,2022-01-01 00:00:00,,,6,127,1,2023-04-21 12:20:07,261
1537,2022-02-01 00:00:00,,,6,127,1,2023-04-21 12:20:56,261
1538,2022-03-01 00:00:00,,,6,127,1,2023-04-21 12:21:59,261
1539,2022-04-01 00:00:00,,,,7,1,2023-04-21 18:01:15,19
1540,2022-05-01 00:00:00,,,,7,1,2023-04-21 18:02:20,19
1541,2022-06-01 00:00:00,,,,7,1,2023-04-21 18:13:40,19
1542,2022-06-01 00:00:00,,,,7,1,2023-04-21 18:14:23,19
1543,2022-07-01 00:00:00,,,,7,1,2023-04-21 18:17:15,19
1544,2022-07-01 00:00:00,,,,7,1,2023-04-24 15:09:12,19
1545,2022-07-01 00:00:00,,,,7,1,2023-04-24 15:12:55,19
1546,2022-07-01 00:00:00,,,,7,1,2023-04-24 15:14:05,19
1547,2022-08-01 00:00:00,,,,7,1,2023-04-24 15:20:01,19
1548,2022-10-01 00:00:00,,,,7,1,2023-04-24 15:24:46,19
1549,2022-10-01 00:00:00,,,,7,1,2023-04-24 15:25:26,19
1550,2023-04-01 00:00:00,,,1,107,1,2023-05-02 16:32:23,181
1551,2023-04-01 00:00:00,,,,1,1,2023-05-02 16:44:16,75
1552,2023-04-01 00:00:00,,,6,36,1,2023-05-03 15:10:22,91
1553,2023-04-01 00:00:00,,,5,100,1,2023-05-06 12:13:32,177
1554,2023-03-01 00:00:00,,,5,103,1,2023-05-06 18:02:03,160
1555,2022-04-01 00:00:00,,,5,60,1,2023-05-09 12:25:25,179
1556,2022-04-01 00:00:00,,,5,60,1,2023-05-09 12:33:55,179
1557,2022-11-01 00:00:00,,,5,60,1,2023-05-09 12:38:27,179
1558,2022-04-01 00:00:00,,,6,42,1,2023-05-09 14:15:49,244
1559,2022-09-01 00:00:00,,,6,42,1,2023-05-09 14:31:15,244
1560,2022-10-01 00:00:00,,,6,42,1,2023-05-09 14:38:46,244
1561,2022-10-01 00:00:00,,,6,42,1,2023-05-09 14:40:30,244
1562,2022-09-01 00:00:00,,,5,60,1,2023-05-09 14:43:31,179
1563,2023-03-01 00:00:00,,,6,42,1,2023-05-09 14:48:03,244
1564,2022-09-01 00:00:00,,,5,60,1,2023-05-09 14:49:49,179
1565,2023-03-01 00:00:00,,,6,42,1,2023-05-09 14:50:39,244
1566,2023-02-01 00:00:00,,,5,60,1,2023-05-09 14:56:47,179
1567,2022-07-01 00:00:00,,,6,42,1,2023-05-09 15:01:28,244
1568,2022-06-01 00:00:00,,,6,42,1,2023-05-09 15:03:33,244
1569,2022-05-01 00:00:00,,,6,42,1,2023-05-09 15:04:34,244
1570,2023-02-01 00:00:00,,,5,60,1,2023-05-09 15:05:44,179
1571,2023-02-01 00:00:00,,,5,60,1,2023-05-09 15:10:57,179
1572,2023-02-01 00:00:00,,,5,60,1,2023-05-09 15:22:29,179
1573,2023-04-01 00:00:00,,,5,60,1,2023-05-09 15:35:27,179
1574,2023-04-01 00:00:00,,,1,107,1,2023-05-09 15:49:57,181
1575,2023-04-01 00:00:00,,,1,107,1,2023-05-09 15:52:03,181
1576,2023-04-01 00:00:00,,,5,60,1,2023-05-12 13:00:54,179
1577,2022-04-01 00:00:00,,,5,60,1,2023-05-19 16:34:07,179
1578,2022-05-01 00:00:00,,,5,60,1,2023-05-19 16:35:29,179
1579,2022-07-01 00:00:00,,,5,60,1,2023-05-19 16:36:41,179
1580,2022-09-01 00:00:00,,,5,60,1,2023-05-19 16:37:44,179
1581,2023-02-01 00:00:00,,,5,60,1,2023-05-19 16:38:56,179
1582,2023-03-01 00:00:00,,,5,60,1,2023-05-19 16:39:33,179
1583,2023-04-01 00:00:00,,,5,81,1,2023-06-02 15:43:24,157
1584,2023-05-01 00:00:00,,,1,107,1,2023-06-14 14:10:15,181
1585,2023-06-01 00:00:00,,,,7,1,2023-07-05 15:56:46,271
1586,2023-05-01 00:00:00,,,,7,1,2023-07-05 15:58:01,271
1587,2023-05-01 00:00:00,,,,6,1,2023-07-05 16:08:55,39
1588,2023-06-01 00:00:00,,,5,94,1,2023-07-06 15:13:45,146
1589,2023-06-01 00:00:00,,,5,88,1,2023-07-10 13:15:49,159
1590,2023-06-01 00:00:00,,,5,87,1,2023-07-10 15:20:55,162
1591,2023-06-01 00:00:00,,,1,107,1,2023-07-15 12:50:06,181
1592,2023-06-01 00:00:00,,,1,107,1,2023-07-15 12:57:27,181
1593,2023-06-01 00:00:00,,,1,107,1,2023-07-15 12:58:19,181
1594,2022-04-01 00:00:00,,,3,26,1,2023-07-18 12:53:11,64
1595,2022-05-01 00:00:00,,,3,26,1,2023-07-18 12:54:09,64
1596,2022-06-01 00:00:00,,,3,26,1,2023-07-18 12:55:08,64
1597,2022-07-01 00:00:00,,,3,26,1,2023-07-18 12:55:58,64
1598,2022-08-01 00:00:00,,,3,26,1,2023-07-18 12:56:52,64
1599,2022-09-01 00:00:00,,,3,26,1,2023-07-18 12:57:39,64
1600,2022-10-01 00:00:00,,,3,26,1,2023-07-18 12:58:45,64
1601,2022-11-01 00:00:00,,,3,26,1,2023-07-18 12:59:33,64
1602,2022-12-01 00:00:00,,,3,26,1,2023-07-18 13:00:30,64
1603,2023-06-01 00:00:00,,,,9,1,2023-07-21 14:48:21,28
1604,2023-03-01 00:00:00,,,6,123,1,2023-07-31 12:43:05,247
1605,2023-07-01 00:00:00,,,,1,1,2023-08-03 12:58:10,75
1606,2023-07-01 00:00:00,,,6,34,1,2023-08-03 14:19:37,101
1607,2023-07-01 00:00:00,,,6,34,1,2023-08-03 14:22:00,101
1608,2023-07-01 00:00:00,,,,9,1,2023-08-03 15:18:41,28
1609,2023-07-01 00:00:00,,,1,107,1,2023-08-03 15:41:30,181
1610,2023-07-01 00:00:00,,,1,107,1,2023-08-03 15:54:46,181
1611,2023-06-01 00:00:00,,,10,31,1,2023-08-03 16:38:16,59
1612,2023-07-01 00:00:00,,,5,100,1,2023-08-04 14:56:55,177
1613,2023-07-01 00:00:00,,,5,60,1,2023-08-07 17:39:36,179
1614,2023-04-01 00:00:00,,,5,85,1,2023-08-18 11:38:03,144
1615,2023-07-01 00:00:00,,,1,107,1,2023-08-18 17:36:37,181
1616,2023-07-01 00:00:00,,,1,107,1,2023-08-19 09:25:29,181
1617,2023-08-01 00:00:00,,,,12,1,2023-09-07 12:59:56,43
1618,2023-08-01 00:00:00,,,,2,1,2023-09-11 16:14:25,154
1619,2023-08-01 00:00:00,,,1,107,1,2023-09-14 17:16:40,181
1620,2023-08-01 00:00:00,,,1,107,1,2023-09-14 17:19:09,181
1621,2023-08-01 00:00:00,,,1,107,1,2023-09-14 17:23:45,181
1622,2023-08-01 00:00:00,,,1,107,1,2023-09-14 17:25:52,181
1623,2023-08-01 00:00:00,,,,1,1,2023-09-26 13:14:58,75
1624,2023-09-01 00:00:00,,,5,79,1,2023-10-03 13:19:25,130
1625,2023-09-01 00:00:00,,,5,100,1,2023-10-05 10:08:55,177
1626,2023-09-01 00:00:00,,,,1,1,2023-10-06 13:00:28,75
1627,2023-09-01 00:00:00,,,,1,1,2023-10-06 13:01:34,75
1628,2023-09-01 00:00:00,,,,1,1,2023-10-06 13:04:37,75
1629,2023-09-01 00:00:00,,,1,109,1,2023-10-06 17:49:24,188
1630,2023-09-01 00:00:00,,,1,107,1,2023-10-10 14:51:26,181
1631,2023-09-01 00:00:00,,,1,107,1,2023-10-10 15:11:29,181
1632,2023-09-01 00:00:00,,,,12,1,2023-10-12 17:10:37,43
1633,2023-09-01 00:00:00,,,,12,1,2023-10-12 17:11:18,43
1634,2023-10-01 00:00:00,,,6,127,1,2023-11-03 16:48:29,261
1635,2023-10-01 00:00:00,,,3,26,1,2023-11-04 16:17:16,64
1636,2023-10-01 00:00:00,,,,1,1,2023-11-06 12:54:40,75
1637,2023-10-01 00:00:00,,,,12,1,2023-11-06 14:43:58,43
1638,2023-10-01 00:00:00,,,5,60,1,2023-11-06 16:00:53,179
1639,2023-09-01 00:00:00,,,1,109,1,2023-11-07 11:24:55,188
1640,2023-09-01 00:00:00,,,1,109,1,2023-11-07 11:48:40,188
1641,2023-09-01 00:00:00,,,1,109,1,2023-11-07 11:54:55,188
1642,2023-09-01 00:00:00,,,1,109,1,2023-11-07 11:56:22,188
1643,2023-06-01 00:00:00,,,6,39,1,2023-11-08 17:39:26,233
1644,2023-11-01 00:00:00,,,,7,1,2023-12-04 17:28:24,271
1645,2023-11-01 00:00:00,,,5,100,1,2023-12-06 11:28:29,177
1646,2023-11-01 00:00:00,,,5,100,1,2023-12-06 11:43:46,177
1647,2023-11-01 00:00:00,,,5,79,1,2023-12-11 11:15:00,130
1648,2023-11-01 00:00:00,,,,9,1,2023-12-26 16:19:45,28
1649,2023-12-01 00:00:00,,,5,81,1,2024-01-01 13:25:44,157
1650,2024-12-01 00:00:00,,,2,117,1,2024-01-03 11:12:20,229
1651,2023-07-01 00:00:00,,,6,34,1,2024-01-03 11:35:05,101
1652,2023-07-01 00:00:00,,,6,34,1,2024-01-03 11:35:22,101
1653,2023-10-01 00:00:00,,,6,34,1,2024-01-03 11:39:21,101
1654,2023-11-01 00:00:00,,,6,34,1,2024-01-03 11:39:58,101
1655,2023-12-01 00:00:00,,,,1,1,2024-01-03 16:00:53,75
1656,2023-12-01 00:00:00,,,,11,1,2024-01-03 16:50:43,31
1657,2023-12-01 00:00:00,,,,6,1,2024-01-05 18:01:32,39
1658,2023-12-01 00:00:00,,,,1,1,2024-01-08 12:20:19,75
1659,2023-11-01 00:00:00,,,,9,1,2024-01-12 11:10:44,28
1660,2023-07-01 00:00:00,,,,9,1,2024-01-12 11:12:21,28
1661,2023-06-01 00:00:00,,,,9,1,2024-01-12 11:14:16,28
1662,2023-05-01 00:00:00,,,,9,1,2024-01-12 11:15:56,28
1663,2023-04-01 00:00:00,,,,9,1,2024-01-12 11:17:19,28
1664,2022-07-01 00:00:00,,,,9,1,2024-01-12 11:19:28,28
1665,2022-08-01 00:00:00,,,,9,1,2024-01-12 11:21:24,28
1666,2024-01-01 00:00:00,,,7,112,1,2024-01-13 13:04:22,219
1667,2023-12-01 00:00:00,,,1,107,1,2024-01-17 12:48:24,181
1668,2023-12-01 00:00:00,,,1,107,1,2024-01-17 12:53:09,181
1669,2023-10-01 00:00:00,,,6,42,1,2024-01-18 10:42:20,244
1670,2023-10-01 00:00:00,,,6,42,1,2024-01-18 10:44:11,244
1671,2023-06-01 00:00:00,,,6,42,1,2024-01-18 10:56:58,244
1672,2021-08-01 00:00:00,,,1,111,1,2024-01-24 14:53:45,180
1673,2021-10-01 00:00:00,,,1,111,1,2024-01-24 14:54:22,180
1674,2021-11-01 00:00:00,,,1,111,1,2024-01-24 14:54:38,180
1675,2021-12-01 00:00:00,,,1,111,1,2024-01-24 14:55:01,180
1676,2021-01-01 00:00:00,,,1,111,1,2024-01-24 14:56:41,180
1677,2021-12-01 00:00:00,,,6,42,1,2024-01-29 11:03:20,244
1678,2023-05-01 00:00:00,,,6,42,1,2024-01-29 16:54:51,244
1679,2023-11-01 00:00:00,,,5,87,1,2024-02-02 11:56:29,162
1680,2024-01-01 00:00:00,,,,7,1,2024-02-02 18:30:46,271
1681,2023-11-01 00:00:00,,,5,60,1,2024-02-05 12:26:49,179
1682,2024-01-01 00:00:00,,,7,112,1,2024-02-06 14:37:23,219
1683,2024-01-01 00:00:00,,,1,107,1,2024-02-19 12:30:10,181
1684,2024-01-01 00:00:00,,,1,107,1,2024-02-19 12:34:54,181
1685,2024-01-01 00:00:00,,,1,107,1,2024-02-19 13:04:13,181
1686,2024-01-01 00:00:00,,,1,107,1,2024-02-19 13:22:12,181
1687,2024-02-01 00:00:00,,,6,123,1,2024-03-04 09:35:01,247
1688,2024-02-01 00:00:00,,,,6,1,2024-03-06 10:49:42,39
1689,2024-02-01 00:00:00,,,,1,1,2024-03-06 16:43:57,75
1690,2024-02-01 00:00:00,,,,1,1,2024-03-06 16:45:40,75
1691,2024-02-01 00:00:00,,,,1,1,2024-03-06 16:47:49,75
1692,2024-02-01 00:00:00,,,,1,1,2024-03-06 16:48:49,75
1693,2024-02-01 00:00:00,,,1,107,1,2024-03-07 11:21:50,181
1694,2024-02-01 00:00:00,,,10,33,1,2024-03-11 16:00:06,56
1695,2024-02-01 00:00:00,,,1,107,1,2024-03-26 09:57:38,181
1696,2023-11-01 00:00:00,,,5,100,1,2024-03-27 11:33:38,177
1697,2023-04-01 00:00:00,,,,9,1,2024-03-28 16:37:13,28
1698,2023-05-01 00:00:00,,,,9,1,2024-03-28 16:38:43,28
1699,2023-06-01 00:00:00,,,,9,1,2024-03-28 16:40:44,28
1700,2023-07-01 00:00:00,,,,9,1,2024-03-28 16:42:11,28
1701,2023-08-01 00:00:00,,,,9,1,2024-03-28 16:44:24,28
1702,2023-09-01 00:00:00,,,,9,1,2024-03-28 16:45:31,28
1703,2023-10-01 00:00:00,,,,9,1,2024-03-28 16:46:43,28
1704,2023-11-01 00:00:00,,,,9,1,2024-03-28 16:47:53,28
1705,2024-01-01 00:00:00,,,,9,1,2024-03-28 16:49:39,28
1706,2023-11-01 00:00:00,,,5,55,1,2024-04-02 11:41:07,173
1707,2023-11-01 00:00:00,,,5,55,1,2024-04-02 11:41:56,173
1708,2023-04-01 00:00:00,,,5,55,1,2024-04-02 11:50:00,173
1709,2023-05-01 00:00:00,,,5,55,1,2024-04-02 11:54:59,173
1710,2024-02-01 00:00:00,,,5,55,1,2024-04-02 11:58:31,173
1711,2024-03-01 00:00:00,,,1,107,1,2024-04-13 11:18:41,181
1712,2024-02-01 00:00:00,,,1,107,1,2024-04-13 11:19:39,181
1713,2024-03-01 00:00:00,,,1,107,1,2024-04-13 11:20:34,181
1714,2024-03-01 00:00:00,,,,9,1,2024-04-17 14:53:23,28
1715,2023-11-01 00:00:00,,,,9,1,2024-04-17 14:55:04,28
1716,2023-05-01 00:00:00,,,5,60,1,2024-04-25 18:13:10,179
1717,2023-11-01 00:00:00,,,5,61,1,2024-04-25 19:27:45,129
1718,2023-05-01 00:00:00,,,,7,1,2024-04-26 16:14:52,271
1719,2023-06-01 00:00:00,,,,7,1,2024-04-26 16:43:13,271
1720,2024-04-01 00:00:00,,,,1,1,2024-05-07 12:36:33,75
1721,2024-04-01 00:00:00,,,,1,1,2024-05-07 13:23:40,75
1722,2024-04-01 00:00:00,,,,1,1,2024-05-07 13:30:26,75
1723,2024-04-01 00:00:00,,,,1,1,2024-05-07 13:32:19,75
1724,2024-04-01 00:00:00,,,,12,1,2024-05-07 16:25:02,43
1725,2024-04-01 00:00:00,,,5,61,1,2024-05-13 13:13:26,129
1726,2024-04-01 00:00:00,,,1,107,1,2024-05-14 11:43:23,181
1727,2024-04-01 00:00:00,,,1,107,1,2024-05-14 11:52:25,181
1728,2024-04-01 00:00:00,,,,11,1,2024-05-15 10:58:10,31
1729,2024-04-01 00:00:00,,,,11,1,2024-05-15 10:59:57,31
