id,state_id,city_name,created_by_user_id,modified_by_user_id,created_on,modified_on
1,36,Adilabad,1,,2016-08-26 07:48:26,2016-08-26 07:48:26
2,1,Adoni,1,,2016-08-26 07:48:26,2016-08-26 07:48:26
3,1,Amadalavalasa,1,,2016-08-26 07:48:26,2016-08-26 07:48:26
4,1,Amalapuram,1,,2016-08-26 07:48:26,2016-08-26 07:48:26
5,1,Anakapalle,1,,2016-08-26 07:48:26,2016-08-26 07:48:26
6,1,Anantapur,1,,2016-08-26 07:48:26,2016-08-26 07:48:26
7,1,Badepalle,1,,2016-08-26 07:48:26,2016-08-26 07:48:26
8,1,Banganapalle,1,,2016-08-26 07:48:26,2016-08-26 07:48:26
9,1,Bapatla,1,,2016-08-26 07:48:26,2016-08-26 07:48:26
10,1,Bellampalle,1,,2016-08-26 07:48:26,2016-08-26 07:48:26
11,1,Bethamcherla,1,,2016-08-26 07:48:26,2016-08-26 07:48:26
12,1,Bhadrachalam,1,,2016-08-26 07:48:26,2016-08-26 07:48:26
13,1,Bhainsa,1,,2016-08-26 07:48:26,2016-08-26 07:48:26
14,1,Bheemunipatnam,1,,2016-08-26 07:48:26,2016-08-26 07:48:26
15,1,Bhimavaram,1,,2016-08-26 07:48:26,2016-08-26 07:48:26
16,1,Bhongir,1,,2016-08-26 07:48:26,2016-08-26 07:48:26
17,1,Bobbili,1,,2016-08-26 07:48:26,2016-08-26 07:48:26
18,1,Bodhan,1,,2016-08-26 07:48:26,2016-08-26 07:48:26
19,1,Chilakaluripet,1,,2016-08-26 07:48:26,2016-08-26 07:48:26
20,1,Chirala,1,,2016-08-26 07:48:26,2016-08-26 07:48:26
21,1,Chittoor,1,,2016-08-26 07:48:26,2016-08-26 07:48:26
22,1,Cuddapah,1,,2016-08-26 07:48:26,2016-08-26 07:48:26
23,1,Devarakonda,1,,2016-08-26 07:48:26,2016-08-26 07:48:26
24,1,Dharmavaram,1,,2016-08-26 07:48:26,2016-08-26 07:48:26
25,1,Eluru,1,,2016-08-26 07:48:26,2016-08-26 07:48:26
26,1,Farooqnagar,1,,2016-08-26 07:48:26,2016-08-26 07:48:26
27,1,Gadwal,1,,2016-08-26 07:48:26,2016-08-26 07:48:26
28,1,Gooty,1,,2016-08-26 07:48:26,2016-08-26 07:48:26
29,1,Gudivada,1,,2016-08-26 07:48:26,2016-08-26 07:48:26
30,1,Gudur,1,,2016-08-26 07:48:26,2016-08-26 07:48:26
31,1,Guntakal,1,,2016-08-26 07:48:26,2016-08-26 07:48:26
32,1,Guntur,1,,2016-08-26 07:48:26,2016-08-26 07:48:26
33,1,Hanuman Junction,1,,2016-08-26 07:48:26,2016-08-26 07:48:26
34,1,Hindupur,1,,2016-08-26 07:48:26,2016-08-26 07:48:26
35,36,Hyderabad,1,,2016-08-26 07:48:26,2016-08-26 07:48:26
36,1,Ichchapuram,1,,2016-08-26 07:48:26,2016-08-26 07:48:26
37,1,Jaggaiahpet,1,,2016-08-26 07:48:26,2016-08-26 07:48:26
38,1,Jagtial,1,,2016-08-26 07:48:26,2016-08-26 07:48:26
39,1,Jammalamadugu,1,,2016-08-26 07:48:26,2016-08-26 07:48:26
40,1,Jangaon,1,,2016-08-26 07:48:26,2016-08-26 07:48:26
41,1,Kadapa,1,,2016-08-26 07:48:26,2016-08-26 07:48:26
42,1,Kadiri,1,,2016-08-26 07:48:26,2016-08-26 07:48:26
43,1,Kagaznagar,1,,2016-08-26 07:48:26,2016-08-26 07:48:26
44,1,Kakinada,1,,2016-08-26 07:48:26,2016-08-26 07:48:26
45,1,Kalyandurg,1,,2016-08-26 07:48:26,2016-08-26 07:48:26
46,1,Kamareddy,1,,2016-08-26 07:48:26,2016-08-26 07:48:26
47,1,Kandukur,1,,2016-08-26 07:48:26,2016-08-26 07:48:26
48,36,Karimnagar,1,,2016-08-26 07:48:26,2016-08-26 07:48:26
49,1,Kavali,1,,2016-08-26 07:48:26,2016-08-26 07:48:26
50,36,Khammam,1,,2016-08-26 07:48:26,2016-08-26 07:48:26
51,1,Koratla,1,,2016-08-26 07:48:26,2016-08-26 07:48:26
52,1,Kothagudem,1,,2016-08-26 07:48:26,2016-08-26 07:48:26
53,1,Kothapeta,1,,2016-08-26 07:48:26,2016-08-26 07:48:26
54,1,Kovvur,1,,2016-08-26 07:48:26,2016-08-26 07:48:26
55,1,Kurnool,1,,2016-08-26 07:48:26,2016-08-26 07:48:26
56,1,Kyathampalle,1,,2016-08-26 07:48:26,2016-08-26 07:48:26
57,1,Macherla,1,,2016-08-26 07:48:26,2016-08-26 07:48:26
58,1,Machilipatnam,1,,2016-08-26 07:48:26,2016-08-26 07:48:26
59,1,Madanapalle,1,,2016-08-26 07:48:26,2016-08-26 07:48:26
60,36,Mahbubnagar,1,,2016-08-26 07:48:26,2016-08-26 07:48:26
61,1,Mancherial,1,,2016-08-26 07:48:26,2016-08-26 07:48:26
62,1,Mandamarri,1,,2016-08-26 07:48:26,2016-08-26 07:48:26
63,1,Mandapeta,1,,2016-08-26 07:48:26,2016-08-26 07:48:26
64,1,Manuguru,1,,2016-08-26 07:48:26,2016-08-26 07:48:26
65,1,Markapur,1,,2016-08-26 07:48:26,2016-08-26 07:48:26
66,1,Medak,1,,2016-08-26 07:48:26,2016-08-26 07:48:26
67,36,Miryalaguda,1,,2016-08-26 07:48:26,2016-08-26 07:48:26
68,1,Mogalthur,1,,2016-08-26 07:48:26,2016-08-26 07:48:26
69,1,Nagari,1,,2016-08-26 07:48:26,2016-08-26 07:48:26
70,1,Nagarkurnool,1,,2016-08-26 07:48:26,2016-08-26 07:48:26
71,1,Nandyal,1,,2016-08-26 07:48:26,2016-08-26 07:48:26
72,1,Narasapur,1,,2016-08-26 07:48:26,2016-08-26 07:48:26
73,1,Narasaraopet,1,,2016-08-26 07:48:26,2016-08-26 07:48:26
74,1,Narayanpet,1,,2016-08-26 07:48:26,2016-08-26 07:48:26
75,1,Narsipatnam,1,,2016-08-26 07:48:26,2016-08-26 07:48:26
76,1,Nellore,1,,2016-08-26 07:48:26,2016-08-26 07:48:26
77,1,Nidadavole,1,,2016-08-26 07:48:26,2016-08-26 07:48:26
78,1,Nirmal,1,,2016-08-26 07:48:26,2016-08-26 07:48:26
79,36,Nizamabad,1,,2016-08-26 07:48:26,2016-08-26 07:48:26
80,1,Nuzvid,1,,2016-08-26 07:48:26,2016-08-26 07:48:26
81,1,Ongole,1,,2016-08-26 07:48:26,2016-08-26 07:48:26
82,1,Palacole,1,,2016-08-26 07:48:26,2016-08-26 07:48:26
83,1,Palasa Kasibugga,1,,2016-08-26 07:48:26,2016-08-26 07:48:26
84,1,Palwancha,1,,2016-08-26 07:48:26,2016-08-26 07:48:26
85,1,Parvathipuram,1,,2016-08-26 07:48:26,2016-08-26 07:48:26
86,1,Pedana,1,,2016-08-26 07:48:26,2016-08-26 07:48:26
87,1,Peddapuram,1,,2016-08-26 07:48:26,2016-08-26 07:48:26
88,1,Pithapuram,1,,2016-08-26 07:48:26,2016-08-26 07:48:26
89,1,Pondur,1,,2016-08-26 07:48:26,2016-08-26 07:48:26
90,1,Ponnur,1,,2016-08-26 07:48:26,2016-08-26 07:48:26
91,1,Proddatur,1,,2016-08-26 07:48:26,2016-08-26 07:48:26
92,1,Punganur,1,,2016-08-26 07:48:26,2016-08-26 07:48:26
93,1,Puttur,1,,2016-08-26 07:48:26,2016-08-26 07:48:26
94,1,Rajahmundry,1,,2016-08-26 07:48:26,2016-08-26 07:48:26
95,1,Rajam,1,,2016-08-26 07:48:26,2016-08-26 07:48:26
96,1,Ramachandrapuram,1,,2016-08-26 07:48:26,2016-08-26 07:48:26
97,36,Ramagundam,1,,2016-08-26 07:48:26,2016-08-26 07:48:26
98,1,Rayachoti,1,,2016-08-26 07:48:26,2016-08-26 07:48:26
99,1,Rayadurg,1,,2016-08-26 07:48:26,2016-08-26 07:48:26
100,1,Renigunta,1,,2016-08-26 07:48:26,2016-08-26 07:48:26
101,1,Repalle,1,,2016-08-26 07:48:26,2016-08-26 07:48:26
102,1,Sadasivpet,1,,2016-08-26 07:48:26,2016-08-26 07:48:26
103,1,Salur,1,,2016-08-26 07:48:26,2016-08-26 07:48:26
104,1,Samalkot,1,,2016-08-26 07:48:26,2016-08-26 07:48:26
105,1,Sangareddy,1,,2016-08-26 07:48:26,2016-08-26 07:48:26
106,1,Sattenapalle,1,,2016-08-26 07:48:26,2016-08-26 07:48:26
107,1,Siddipet,1,,2016-08-26 07:48:26,2016-08-26 07:48:26
108,1,Singapur,1,,2016-08-26 07:48:26,2016-08-26 07:48:26
109,1,Sircilla,1,,2016-08-26 07:48:26,2016-08-26 07:48:26
110,1,Srikakulam,1,,2016-08-26 07:48:26,2016-08-26 07:48:26
111,1,Srikalahasti,1,,2016-08-26 07:48:26,2016-08-26 07:48:26
112,36,Suryapet,1,,2016-08-26 07:48:26,2016-08-26 07:48:26
113,1,Tadepalligudem,1,,2016-08-26 07:48:26,2016-08-26 07:48:26
114,1,Tadpatri,1,,2016-08-26 07:48:26,2016-08-26 07:48:26
115,1,Tandur,1,,2016-08-26 07:48:26,2016-08-26 07:48:26
116,1,Tanuku,1,,2016-08-26 07:48:26,2016-08-26 07:48:26
117,1,Tenali,1,,2016-08-26 07:48:26,2016-08-26 07:48:26
118,1,Tirupati,1,,2016-08-26 07:48:26,2016-08-26 07:48:26
119,1,Tuni,1,,2016-08-26 07:48:26,2016-08-26 07:48:26
120,1,Uravakonda,1,,2016-08-26 07:48:26,2016-08-26 07:48:26
121,1,Venkatagiri,1,,2016-08-26 07:48:26,2016-08-26 07:48:26
122,1,Vicarabad,1,,2016-08-26 07:48:26,2016-08-26 07:48:26
123,1,Vijayawada,1,,2016-08-26 07:48:26,2016-08-26 07:48:26
124,1,Vinukonda,1,,2016-08-26 07:48:26,2016-08-26 07:48:26
125,1,Visakhapatnam,1,,2016-08-26 07:48:26,2016-08-26 07:48:26
126,1,Vizianagaram,1,,2016-08-26 07:48:26,2016-08-26 07:48:26
127,1,Wanaparthy,1,,2016-08-26 07:48:26,2016-08-26 07:48:26
128,36,Warangal,1,,2016-08-26 07:48:26,2016-08-26 07:48:26
129,1,Yellandu,1,,2016-08-26 07:48:26,2016-08-26 07:48:26
130,1,Yemmiganur,1,,2016-08-26 07:48:26,2016-08-26 07:48:26
131,1,Yerraguntla,1,,2016-08-26 07:48:26,2016-08-26 07:48:26
132,1,Zahirabad,1,,2016-08-26 07:48:26,2016-08-26 07:48:26
133,4,Abhayapuri,1,,2016-08-26 07:48:26,2016-08-26 07:48:26
134,4,Amguri,1,,2016-08-26 07:48:26,2016-08-26 07:48:26
135,4,Anandnagaar,1,,2016-08-26 07:48:26,2016-08-26 07:48:26
136,4,Barpeta,1,,2016-08-26 07:48:26,2016-08-26 07:48:26
137,4,Barpeta Road,1,,2016-08-26 07:48:26,2016-08-26 07:48:26
138,4,Bilasipara,1,,2016-08-26 07:48:26,2016-08-26 07:48:26
139,4,Bongaigaon,1,,2016-08-26 07:48:26,2016-08-26 07:48:26
140,4,Dhekiajuli,1,,2016-08-26 07:48:26,2016-08-26 07:48:26
141,4,Dhubri,1,,2016-08-26 07:48:26,2016-08-26 07:48:26
142,4,Dibrugarh,1,,2016-08-26 07:48:26,2016-08-26 07:48:26
143,4,Digboi,1,,2016-08-26 07:48:26,2016-08-26 07:48:26
144,4,Diphu,1,,2016-08-26 07:48:26,2016-08-26 07:48:26
145,4,Dispur,1,,2016-08-26 07:48:26,2016-08-26 07:48:26
146,4,Gauripur,1,,2016-08-26 07:48:26,2016-08-26 07:48:26
147,4,Goalpara,1,,2016-08-26 07:48:26,2016-08-26 07:48:26
148,4,Golaghat,1,,2016-08-26 07:48:26,2016-08-26 07:48:26
149,4,Guwahati,1,,2016-08-26 07:48:26,2016-08-26 07:48:26
150,4,Haflong,1,,2016-08-26 07:48:26,2016-08-26 07:48:26
151,4,Hailakandi,1,,2016-08-26 07:48:26,2016-08-26 07:48:26
152,4,Hojai,1,,2016-08-26 07:48:26,2016-08-26 07:48:26
153,4,Jorhat,1,,2016-08-26 07:48:26,2016-08-26 07:48:26
154,4,Karimganj,1,,2016-08-26 07:48:26,2016-08-26 07:48:26
155,4,Kokrajhar,1,,2016-08-26 07:48:26,2016-08-26 07:48:26
156,4,Lanka,1,,2016-08-26 07:48:26,2016-08-26 07:48:26
157,4,Lumding,1,,2016-08-26 07:48:26,2016-08-26 07:48:26
158,4,Mangaldoi,1,,2016-08-26 07:48:26,2016-08-26 07:48:26
159,4,Mankachar,1,,2016-08-26 07:48:26,2016-08-26 07:48:26
160,4,Margherita,1,,2016-08-26 07:48:26,2016-08-26 07:48:26
161,4,Mariani,1,,2016-08-26 07:48:26,2016-08-26 07:48:26
162,4,Marigaon,1,,2016-08-26 07:48:26,2016-08-26 07:48:26
163,4,Nagaon,1,,2016-08-26 07:48:26,2016-08-26 07:48:26
164,4,Nalbari,1,,2016-08-26 07:48:26,2016-08-26 07:48:26
165,4,North Lakhimpur,1,,2016-08-26 07:48:26,2016-08-26 07:48:26
166,4,Rangia,1,,2016-08-26 07:48:26,2016-08-26 07:48:26
167,4,Sibsagar,1,,2016-08-26 07:48:26,2016-08-26 07:48:26
168,4,Silapathar,1,,2016-08-26 07:48:26,2016-08-26 07:48:26
169,4,Silchar,1,,2016-08-26 07:48:26,2016-08-26 07:48:26
170,4,Tezpur,1,,2016-08-26 07:48:26,2016-08-26 07:48:26
171,4,Tinsukia,1,,2016-08-26 07:48:26,2016-08-26 07:48:26
172,2,Along,1,,2016-08-26 07:48:26,2016-08-26 07:48:26
173,2,Bomdila,1,,2016-08-26 07:48:26,2016-08-26 07:48:26
174,2,Itanagar,1,,2016-08-26 07:48:26,2016-08-26 07:48:26
175,2,Naharlagun,1,,2016-08-26 07:48:26,2016-08-26 07:48:26
176,2,Pasighat,1,,2016-08-26 07:48:26,2016-08-26 07:48:26
177,12,Ahmedabad,1,,2016-08-26 07:48:26,2016-08-26 07:48:26
178,12,Amreli,1,,2016-08-26 07:48:26,2016-08-26 07:48:26
179,12,Anand,1,,2016-08-26 07:48:26,2016-08-26 07:48:26
180,12,Ankleshwar,1,,2016-08-26 07:48:26,2016-08-26 07:48:26
181,12,Bharuch,1,,2016-08-26 07:48:26,2016-08-26 07:48:26
182,12,Bhavnagar,1,,2016-08-26 07:48:26,2016-08-26 07:48:26
183,12,Bhuj,1,,2016-08-26 07:48:26,2016-08-26 07:48:26
184,12,Cambay,1,,2016-08-26 07:48:26,2016-08-26 07:48:26
185,12,Dahod,1,,2016-08-26 07:48:26,2016-08-26 07:48:26
186,12,Deesa,1,,2016-08-26 07:48:26,2016-08-26 07:48:26
187,12,Dholka,1,,2016-08-26 07:48:26,2016-08-26 07:48:26
188,12,Gandhinagar,1,,2016-08-26 07:48:26,2016-08-26 07:48:26
189,12,Godhra,1,,2016-08-26 07:48:26,2016-08-26 07:48:26
190,12,Himatnagar,1,,2016-08-26 07:48:26,2016-08-26 07:48:26
191,12,Idar,1,,2016-08-26 07:48:26,2016-08-26 07:48:26
192,12,Jamnagar,1,,2016-08-26 07:48:26,2016-08-26 07:48:26
193,12,Junagadh,1,,2016-08-26 07:48:26,2016-08-26 07:48:26
194,12,Kadi,1,,2016-08-26 07:48:26,2016-08-26 07:48:26
195,12,Kalavad,1,,2016-08-26 07:48:26,2016-08-26 07:48:26
196,12,Kalol,1,,2016-08-26 07:48:26,2016-08-26 07:48:26
197,12,Kapadvanj,1,,2016-08-26 07:48:26,2016-08-26 07:48:26
198,12,Karjan,1,,2016-08-26 07:48:26,2016-08-26 07:48:26
199,12,Keshod,1,,2016-08-26 07:48:26,2016-08-26 07:48:26
200,12,Khambhalia,1,,2016-08-26 07:48:26,2016-08-26 07:48:26
201,12,Khambhat,1,,2016-08-26 07:48:26,2016-08-26 07:48:26
202,12,Kheda,1,,2016-08-26 07:48:26,2016-08-26 07:48:26
203,12,Khedbrahma,1,,2016-08-26 07:48:26,2016-08-26 07:48:26
204,12,Kheralu,1,,2016-08-26 07:48:26,2016-08-26 07:48:26
205,12,Kodinar,1,,2016-08-26 07:48:26,2016-08-26 07:48:26
206,12,Lathi,1,,2016-08-26 07:48:26,2016-08-26 07:48:26
207,12,Limbdi,1,,2016-08-26 07:48:26,2016-08-26 07:48:26
208,12,Lunawada,1,,2016-08-26 07:48:26,2016-08-26 07:48:26
209,12,Mahesana,1,,2016-08-26 07:48:26,2016-08-26 07:48:26
210,12,Mahuva,1,,2016-08-26 07:48:26,2016-08-26 07:48:26
211,12,Manavadar,1,,2016-08-26 07:48:26,2016-08-26 07:48:26
212,12,Mandvi,1,,2016-08-26 07:48:26,2016-08-26 07:48:26
213,12,Mangrol,1,,2016-08-26 07:48:26,2016-08-26 07:48:26
214,12,Mansa,1,,2016-08-26 07:48:26,2016-08-26 07:48:26
215,12,Mehmedabad,1,,2016-08-26 07:48:26,2016-08-26 07:48:26
216,12,Modasa,1,,2016-08-26 07:48:26,2016-08-26 07:48:26
217,12,Morvi,1,,2016-08-26 07:48:26,2016-08-26 07:48:26
218,12,Nadiad,1,,2016-08-26 07:48:26,2016-08-26 07:48:26
219,12,Navsari,1,,2016-08-26 07:48:26,2016-08-26 07:48:26
220,12,Padra,1,,2016-08-26 07:48:26,2016-08-26 07:48:26
221,12,Palanpur,1,,2016-08-26 07:48:26,2016-08-26 07:48:26
222,12,Palitana,1,,2016-08-26 07:48:26,2016-08-26 07:48:26
223,12,Pardi,1,,2016-08-26 07:48:26,2016-08-26 07:48:26
224,12,Patan,1,,2016-08-26 07:48:26,2016-08-26 07:48:26
225,12,Petlad,1,,2016-08-26 07:48:26,2016-08-26 07:48:26
226,12,Porbandar,1,,2016-08-26 07:48:26,2016-08-26 07:48:26
227,12,Radhanpur,1,,2016-08-26 07:48:26,2016-08-26 07:48:26
228,12,Rajkot,1,,2016-08-26 07:48:26,2016-08-26 07:48:26
229,12,Rajpipla,1,,2016-08-26 07:48:26,2016-08-26 07:48:26
230,12,Rajula,1,,2016-08-26 07:48:26,2016-08-26 07:48:26
231,12,Ranavav,1,,2016-08-26 07:48:26,2016-08-26 07:48:26
232,12,Rapar,1,,2016-08-26 07:48:26,2016-08-26 07:48:26
233,12,Salaya,1,,2016-08-26 07:48:26,2016-08-26 07:48:26
234,12,Sanand,1,,2016-08-26 07:48:26,2016-08-26 07:48:26
235,12,Savarkundla,1,,2016-08-26 07:48:26,2016-08-26 07:48:26
236,12,Sidhpur,1,,2016-08-26 07:48:26,2016-08-26 07:48:26
237,12,Sihor,1,,2016-08-26 07:48:26,2016-08-26 07:48:26
238,12,Songadh,1,,2016-08-26 07:48:26,2016-08-26 07:48:26
239,12,Surat,1,,2016-08-26 07:48:26,2016-08-26 07:48:26
240,12,Talaja,1,,2016-08-26 07:48:26,2016-08-26 07:48:26
241,12,Thangadh,1,,2016-08-26 07:48:26,2016-08-26 07:48:26
242,12,Tharad,1,,2016-08-26 07:48:26,2016-08-26 07:48:26
243,12,Umbergaon,1,,2016-08-26 07:48:26,2016-08-26 07:48:26
244,12,Umreth,1,,2016-08-26 07:48:26,2016-08-26 07:48:26
245,12,Una,1,,2016-08-26 07:48:26,2016-08-26 07:48:26
246,12,Unjha,1,,2016-08-26 07:48:26,2016-08-26 07:48:26
247,12,Upleta,1,,2016-08-26 07:48:26,2016-08-26 07:48:26
248,12,Vadnagar,1,,2016-08-26 07:48:26,2016-08-26 07:48:26
249,12,Vadodara,1,,2016-08-26 07:48:26,2016-08-26 07:48:26
250,12,Valsad,1,,2016-08-26 07:48:26,2016-08-26 07:48:26
251,12,Vapi,1,,2016-08-26 07:48:26,2016-08-26 07:48:26
252,12,Vapi,1,,2016-08-26 07:48:26,2016-08-26 07:48:26
253,12,Veraval,1,,2016-08-26 07:48:26,2016-08-26 07:48:26
254,12,Vijapur,1,,2016-08-26 07:48:26,2016-08-26 07:48:26
255,12,Viramgam,1,,2016-08-26 07:48:26,2016-08-26 07:48:26
256,12,Visnagar,1,,2016-08-26 07:48:26,2016-08-26 07:48:26
257,12,Vyara,1,,2016-08-26 07:48:26,2016-08-26 07:48:26
258,12,Wadhwan,1,,2016-08-26 07:48:26,2016-08-26 07:48:26
259,12,Wankaner,1,,2016-08-26 07:48:26,2016-08-26 07:48:26
260,5,Amarpur,1,,2016-08-26 07:48:26,2016-08-26 07:48:26
261,5,Araria,1,,2016-08-26 07:48:26,2016-08-26 07:48:26
262,5,Areraj,1,,2016-08-26 07:48:26,2016-08-26 07:48:26
263,5,Arrah,1,,2016-08-26 07:48:26,2016-08-26 07:48:26
264,5,Asarganj,1,,2016-08-26 07:48:26,2016-08-26 07:48:26
265,5,Aurangabad,1,,2016-08-26 07:48:26,2016-08-26 07:48:26
266,5,Bagaha,1,,2016-08-26 07:48:26,2016-08-26 07:48:26
267,5,Bahadurganj,1,,2016-08-26 07:48:26,2016-08-26 07:48:26
268,5,Bairgania,1,,2016-08-26 07:48:26,2016-08-26 07:48:26
269,5,Bakhtiarpur,1,,2016-08-26 07:48:26,2016-08-26 07:48:26
270,5,Banka,1,,2016-08-26 07:48:26,2016-08-26 07:48:26
271,5,Banmankhi Bazar,1,,2016-08-26 07:48:26,2016-08-26 07:48:26
272,5,Barahiya,1,,2016-08-26 07:48:26,2016-08-26 07:48:26
273,5,Barauli,1,,2016-08-26 07:48:26,2016-08-26 07:48:26
274,5,Barbigha,1,,2016-08-26 07:48:26,2016-08-26 07:48:26
275,5,Barh,1,,2016-08-26 07:48:26,2016-08-26 07:48:26
276,5,Begusarai,1,,2016-08-26 07:48:26,2016-08-26 07:48:26
277,5,Behea,1,,2016-08-26 07:48:26,2016-08-26 07:48:26
278,5,Bettiah,1,,2016-08-26 07:48:26,2016-08-26 07:48:26
279,5,Bhabua,1,,2016-08-26 07:48:26,2016-08-26 07:48:26
280,5,Bhagalpur,1,,2016-08-26 07:48:26,2016-08-26 07:48:26
281,5,Bihar Sharif,1,,2016-08-26 07:48:26,2016-08-26 07:48:26
282,5,Bikramganj,1,,2016-08-26 07:48:26,2016-08-26 07:48:26
283,5,Bodh Gaya,1,,2016-08-26 07:48:26,2016-08-26 07:48:26
284,5,Buxar,1,,2016-08-26 07:48:26,2016-08-26 07:48:26
285,5,Chandan Bara,1,,2016-08-26 07:48:26,2016-08-26 07:48:26
286,5,Chanpatia,1,,2016-08-26 07:48:26,2016-08-26 07:48:26
287,5,Chhapra,1,,2016-08-26 07:48:26,2016-08-26 07:48:26
288,5,Colgong,1,,2016-08-26 07:48:26,2016-08-26 07:48:26
289,5,Dalsinghsarai,1,,2016-08-26 07:48:26,2016-08-26 07:48:26
290,5,Darbhanga,1,,2016-08-26 07:48:26,2016-08-26 07:48:26
291,5,Daudnagar,1,,2016-08-26 07:48:26,2016-08-26 07:48:26
292,5,Dehri-on-Sone,1,,2016-08-26 07:48:26,2016-08-26 07:48:26
293,5,Dhaka,1,,2016-08-26 07:48:26,2016-08-26 07:48:26
294,5,Dighwara,1,,2016-08-26 07:48:26,2016-08-26 07:48:26
295,5,Dumraon,1,,2016-08-26 07:48:26,2016-08-26 07:48:26
296,5,Fatwah,1,,2016-08-26 07:48:26,2016-08-26 07:48:26
297,5,Forbesganj,1,,2016-08-26 07:48:26,2016-08-26 07:48:26
298,5,Gaya,1,,2016-08-26 07:48:26,2016-08-26 07:48:26
299,5,Gogri Jamalpur,1,,2016-08-26 07:48:26,2016-08-26 07:48:26
300,5,Gopalganj,1,,2016-08-26 07:48:26,2016-08-26 07:48:26
301,5,Hajipur,1,,2016-08-26 07:48:26,2016-08-26 07:48:26
302,5,Hilsa,1,,2016-08-26 07:48:26,2016-08-26 07:48:26
303,5,Hisua,1,,2016-08-26 07:48:26,2016-08-26 07:48:26
304,5,Islampur,1,,2016-08-26 07:48:26,2016-08-26 07:48:26
305,5,Jagdispur,1,,2016-08-26 07:48:26,2016-08-26 07:48:26
306,5,Jamalpur,1,,2016-08-26 07:48:26,2016-08-26 07:48:26
307,5,Jamui,1,,2016-08-26 07:48:26,2016-08-26 07:48:26
308,5,Jehanabad,1,,2016-08-26 07:48:26,2016-08-26 07:48:26
309,5,Jhajha,1,,2016-08-26 07:48:26,2016-08-26 07:48:26
310,5,Jhanjharpur,1,,2016-08-26 07:48:26,2016-08-26 07:48:26
311,5,Jogabani,1,,2016-08-26 07:48:26,2016-08-26 07:48:26
312,5,Kanti,1,,2016-08-26 07:48:26,2016-08-26 07:48:26
313,5,Katihar,1,,2016-08-26 07:48:26,2016-08-26 07:48:26
314,5,Khagaria,1,,2016-08-26 07:48:26,2016-08-26 07:48:26
315,5,Kharagpur,1,,2016-08-26 07:48:26,2016-08-26 07:48:26
316,5,Kishanganj,1,,2016-08-26 07:48:26,2016-08-26 07:48:26
317,5,Lakhisarai,1,,2016-08-26 07:48:26,2016-08-26 07:48:26
318,5,Lalganj,1,,2016-08-26 07:48:26,2016-08-26 07:48:26
319,5,Madhepura,1,,2016-08-26 07:48:26,2016-08-26 07:48:26
320,5,Madhubani,1,,2016-08-26 07:48:26,2016-08-26 07:48:26
321,5,Maharajganj,1,,2016-08-26 07:48:26,2016-08-26 07:48:26
322,5,Mahnar Bazar,1,,2016-08-26 07:48:26,2016-08-26 07:48:26
323,5,Makhdumpur,1,,2016-08-26 07:48:26,2016-08-26 07:48:26
324,5,Maner,1,,2016-08-26 07:48:26,2016-08-26 07:48:26
325,5,Manihari,1,,2016-08-26 07:48:26,2016-08-26 07:48:26
326,5,Marhaura,1,,2016-08-26 07:48:26,2016-08-26 07:48:26
327,5,Masaurhi,1,,2016-08-26 07:48:26,2016-08-26 07:48:26
328,5,Mirganj,1,,2016-08-26 07:48:26,2016-08-26 07:48:26
329,5,Mokameh,1,,2016-08-26 07:48:26,2016-08-26 07:48:26
330,5,Motihari,1,,2016-08-26 07:48:26,2016-08-26 07:48:26
331,5,Motipur,1,,2016-08-26 07:48:26,2016-08-26 07:48:26
332,5,Munger,1,,2016-08-26 07:48:26,2016-08-26 07:48:26
333,5,Murliganj,1,,2016-08-26 07:48:26,2016-08-26 07:48:26
334,5,Muzaffarpur,1,,2016-08-26 07:48:26,2016-08-26 07:48:26
335,5,Narkatiaganj,1,,2016-08-26 07:48:26,2016-08-26 07:48:26
336,5,Naugachhia,1,,2016-08-26 07:48:26,2016-08-26 07:48:26
337,5,Nawada,1,,2016-08-26 07:48:26,2016-08-26 07:48:26
338,5,Nokha,1,,2016-08-26 07:48:26,2016-08-26 07:48:26
339,5,Patna,1,,2016-08-26 07:48:26,2016-08-26 07:48:26
340,5,Piro,1,,2016-08-26 07:48:26,2016-08-26 07:48:26
341,5,Purnia,1,,2016-08-26 07:48:26,2016-08-26 07:48:26
342,5,Rafiganj,1,,2016-08-26 07:48:26,2016-08-26 07:48:26
343,5,Rajgir,1,,2016-08-26 07:48:26,2016-08-26 07:48:26
344,5,Ramnagar,1,,2016-08-26 07:48:26,2016-08-26 07:48:26
345,5,Raxaul Bazar,1,,2016-08-26 07:48:26,2016-08-26 07:48:26
346,5,Revelganj,1,,2016-08-26 07:48:26,2016-08-26 07:48:26
347,5,Rosera,1,,2016-08-26 07:48:26,2016-08-26 07:48:26
348,5,Saharsa,1,,2016-08-26 07:48:26,2016-08-26 07:48:26
349,5,Samastipur,1,,2016-08-26 07:48:26,2016-08-26 07:48:26
350,5,Sasaram,1,,2016-08-26 07:48:26,2016-08-26 07:48:26
351,5,Sheikhpura,1,,2016-08-26 07:48:26,2016-08-26 07:48:26
352,5,Sheohar,1,,2016-08-26 07:48:26,2016-08-26 07:48:26
353,5,Sherghati,1,,2016-08-26 07:48:26,2016-08-26 07:48:26
354,5,Silao,1,,2016-08-26 07:48:26,2016-08-26 07:48:26
355,5,Sitamarhi,1,,2016-08-26 07:48:26,2016-08-26 07:48:26
356,5,Siwan,1,,2016-08-26 07:48:26,2016-08-26 07:48:26
357,5,Sonepur,1,,2016-08-26 07:48:26,2016-08-26 07:48:26
358,5,Sugauli,1,,2016-08-26 07:48:26,2016-08-26 07:48:26
359,5,Sultanganj,1,,2016-08-26 07:48:26,2016-08-26 07:48:26
360,5,Supaul,1,,2016-08-26 07:48:26,2016-08-26 07:48:26
361,5,Warisaliganj,1,,2016-08-26 07:48:26,2016-08-26 07:48:26
362,13,Ambala,1,,2016-08-26 07:48:26,2016-08-26 07:48:26
363,13,Ambala,1,,2016-08-26 07:48:26,2016-08-26 07:48:26
364,13,Asankhurd,1,,2016-08-26 07:48:26,2016-08-26 07:48:26
365,13,Assandh,1,,2016-08-26 07:48:26,2016-08-26 07:48:26
366,13,Ateli,1,,2016-08-26 07:48:26,2016-08-26 07:48:26
367,13,Babiyal,1,,2016-08-26 07:48:26,2016-08-26 07:48:26
368,13,Bahadurgarh,1,,2016-08-26 07:48:26,2016-08-26 07:48:26
369,13,Barwala,1,,2016-08-26 07:48:26,2016-08-26 07:48:26
370,13,Bhiwani,1,,2016-08-26 07:48:26,2016-08-26 07:48:26
371,13,Charkhi Dadri,1,,2016-08-26 07:48:26,2016-08-26 07:48:26
372,13,Cheeka,1,,2016-08-26 07:48:26,2016-08-26 07:48:26
373,13,Ellenabad 2,1,,2016-08-26 07:48:26,2016-08-26 07:48:26
374,13,Faridabad,1,,2016-08-26 07:48:26,2016-08-26 07:48:26
375,13,Fatehabad,1,,2016-08-26 07:48:26,2016-08-26 07:48:26
376,13,Ganaur,1,,2016-08-26 07:48:26,2016-08-26 07:48:26
377,13,Gharaunda,1,,2016-08-26 07:48:26,2016-08-26 07:48:26
378,13,Gohana,1,,2016-08-26 07:48:26,2016-08-26 07:48:26
379,13,Gurgaon,1,,2016-08-26 07:48:26,2016-08-26 07:48:26
380,13,Haibat(Yamuna Nagar),1,,2016-08-26 07:48:26,2016-08-26 07:48:26
381,13,Hansi,1,,2016-08-26 07:48:26,2016-08-26 07:48:26
382,13,Hisar,1,,2016-08-26 07:48:26,2016-08-26 07:48:26
383,13,Hodal,1,,2016-08-26 07:48:26,2016-08-26 07:48:26
384,13,Jhajjar,1,,2016-08-26 07:48:26,2016-08-26 07:48:26
385,13,Jind,1,,2016-08-26 07:48:26,2016-08-26 07:48:26
386,13,Kaithal,1,,2016-08-26 07:48:26,2016-08-26 07:48:26
387,13,Kalan Wali,1,,2016-08-26 07:48:26,2016-08-26 07:48:26
388,13,Kalka,1,,2016-08-26 07:48:26,2016-08-26 07:48:26
389,13,Karnal,1,,2016-08-26 07:48:26,2016-08-26 07:48:26
390,13,Ladwa,1,,2016-08-26 07:48:26,2016-08-26 07:48:26
391,13,Mahendragarh,1,,2016-08-26 07:48:26,2016-08-26 07:48:26
392,13,Mandi Dabwali,1,,2016-08-26 07:48:26,2016-08-26 07:48:26
393,13,Narnaul,1,,2016-08-26 07:48:26,2016-08-26 07:48:26
394,13,Narwana,1,,2016-08-26 07:48:26,2016-08-26 07:48:26
395,13,Palwal,1,,2016-08-26 07:48:26,2016-08-26 07:48:26
396,13,Panchkula,1,,2016-08-26 07:48:26,2016-08-26 07:48:26
397,13,Panipat,1,,2016-08-26 07:48:26,2016-08-26 07:48:26
398,13,Pehowa,1,,2016-08-26 07:48:26,2016-08-26 07:48:26
399,13,Pinjore,1,,2016-08-26 07:48:26,2016-08-26 07:48:26
400,13,Rania,1,,2016-08-26 07:48:26,2016-08-26 07:48:26
401,13,Ratia,1,,2016-08-26 07:48:26,2016-08-26 07:48:26
402,13,Rewari,1,,2016-08-26 07:48:26,2016-08-26 07:48:26
403,13,Rohtak,1,,2016-08-26 07:48:26,2016-08-26 07:48:26
404,13,Safidon,1,,2016-08-26 07:48:26,2016-08-26 07:48:26
405,13,Samalkha,1,,2016-08-26 07:48:26,2016-08-26 07:48:26
406,13,Shahbad,1,,2016-08-26 07:48:26,2016-08-26 07:48:26
407,13,Sirsa,1,,2016-08-26 07:48:26,2016-08-26 07:48:26
408,13,Sohna,1,,2016-08-26 07:48:26,2016-08-26 07:48:26
409,13,Sonipat,1,,2016-08-26 07:48:26,2016-08-26 07:48:26
410,13,Taraori,1,,2016-08-26 07:48:26,2016-08-26 07:48:26
411,13,Thanesar,1,,2016-08-26 07:48:26,2016-08-26 07:48:26
412,13,Tohana,1,,2016-08-26 07:48:26,2016-08-26 07:48:26
413,13,Yamunanagar,1,,2016-08-26 07:48:26,2016-08-26 07:48:26
414,14,Arki,1,,2016-08-26 07:48:26,2016-08-26 07:48:26
415,14,Baddi,1,,2016-08-26 07:48:26,2016-08-26 07:48:26
416,14,Bilaspur,1,,2016-08-26 07:48:26,2016-08-26 07:48:26
417,14,Chamba,1,,2016-08-26 07:48:26,2016-08-26 07:48:26
418,14,Dalhousie,1,,2016-08-26 07:48:26,2016-08-26 07:48:26
419,14,Dharamsala,1,,2016-08-26 07:48:26,2016-08-26 07:48:26
420,14,Hamirpur,1,,2016-08-26 07:48:26,2016-08-26 07:48:26
421,14,Mandi,1,,2016-08-26 07:48:26,2016-08-26 07:48:26
422,14,Nahan,1,,2016-08-26 07:48:26,2016-08-26 07:48:26
423,14,Shimla,1,,2016-08-26 07:48:26,2016-08-26 07:48:26
424,14,Solan,1,,2016-08-26 07:48:26,2016-08-26 07:48:26
425,14,Sundarnagar,1,,2016-08-26 07:48:26,2016-08-26 07:48:26
426,15,Achabbal,1,,2016-08-26 07:48:26,2016-08-26 07:48:26
427,15,Akhnoor,1,,2016-08-26 07:48:26,2016-08-26 07:48:26
428,15,Anantnag,1,,2016-08-26 07:48:26,2016-08-26 07:48:26
429,15,Arnia,1,,2016-08-26 07:48:26,2016-08-26 07:48:26
430,15,Awantipora,1,,2016-08-26 07:48:26,2016-08-26 07:48:26
431,15,Bandipore,1,,2016-08-26 07:48:26,2016-08-26 07:48:26
432,15,Baramula,1,,2016-08-26 07:48:26,2016-08-26 07:48:26
433,15,Kathua,1,,2016-08-26 07:48:26,2016-08-26 07:48:26
434,15,Leh,1,,2016-08-26 07:48:26,2016-08-26 07:48:26
435,15,Punch,1,,2016-08-26 07:48:26,2016-08-26 07:48:26
436,15,Rajauri,1,,2016-08-26 07:48:26,2016-08-26 07:48:26
437,15,Sopore,1,,2016-08-26 07:48:26,2016-08-26 07:48:26
438,15,Srinagar,1,,2016-08-26 07:48:26,2016-08-26 07:48:26
439,15,Udhampur,1,,2016-08-26 07:48:26,2016-08-26 07:48:26
440,17,Arasikere,1,,2016-08-26 07:48:26,2016-08-26 07:48:26
441,17,Bangalore,1,,2016-08-26 07:48:26,2016-08-26 07:48:26
442,17,Belgaum,1,,2016-08-26 07:48:26,2016-08-26 07:48:26
443,17,Bellary,1,,2016-08-26 07:48:26,2016-08-26 07:48:26
444,17,Chamrajnagar,1,,2016-08-26 07:48:26,2016-08-26 07:48:26
445,17,Chikkaballapur,1,,2016-08-26 07:48:26,2016-08-26 07:48:26
446,17,Chintamani,1,,2016-08-26 07:48:26,2016-08-26 07:48:26
447,17,Chitradurga,1,,2016-08-26 07:48:26,2016-08-26 07:48:26
448,17,Gulbarga,1,,2016-08-26 07:48:26,2016-08-26 07:48:26
449,17,Gundlupet,1,,2016-08-26 07:48:26,2016-08-26 07:48:26
450,17,Hassan,1,,2016-08-26 07:48:26,2016-08-26 07:48:26
451,17,Hospet,1,,2016-08-26 07:48:26,2016-08-26 07:48:26
452,17,Hubli,1,,2016-08-26 07:48:26,2016-08-26 07:48:26
453,17,Karkala,1,,2016-08-26 07:48:26,2016-08-26 07:48:26
454,17,Karwar,1,,2016-08-26 07:48:26,2016-08-26 07:48:26
455,17,Kolar,1,,2016-08-26 07:48:26,2016-08-26 07:48:26
456,17,Kota,1,,2016-08-26 07:48:26,2016-08-26 07:48:26
457,17,Lakshmeshwar,1,,2016-08-26 07:48:26,2016-08-26 07:48:26
458,17,Lingsugur,1,,2016-08-26 07:48:26,2016-08-26 07:48:26
459,17,Maddur,1,,2016-08-26 07:48:26,2016-08-26 07:48:26
460,17,Madhugiri,1,,2016-08-26 07:48:26,2016-08-26 07:48:26
461,17,Madikeri,1,,2016-08-26 07:48:26,2016-08-26 07:48:26
462,17,Magadi,1,,2016-08-26 07:48:26,2016-08-26 07:48:26
463,17,Mahalingpur,1,,2016-08-26 07:48:26,2016-08-26 07:48:26
464,17,Malavalli,1,,2016-08-26 07:48:26,2016-08-26 07:48:26
465,17,Malur,1,,2016-08-26 07:48:26,2016-08-26 07:48:26
466,17,Mandya,1,,2016-08-26 07:48:26,2016-08-26 07:48:26
467,17,Mangalore,1,,2016-08-26 07:48:26,2016-08-26 07:48:26
468,17,Manvi,1,,2016-08-26 07:48:26,2016-08-26 07:48:26
469,17,Mudalgi,1,,2016-08-26 07:48:26,2016-08-26 07:48:26
470,17,Mudbidri,1,,2016-08-26 07:48:26,2016-08-26 07:48:26
471,17,Muddebihal,1,,2016-08-26 07:48:26,2016-08-26 07:48:26
472,17,Mudhol,1,,2016-08-26 07:48:26,2016-08-26 07:48:26
473,17,Mulbagal,1,,2016-08-26 07:48:26,2016-08-26 07:48:26
474,17,Mundargi,1,,2016-08-26 07:48:26,2016-08-26 07:48:26
475,17,Mysore,1,,2016-08-26 07:48:26,2016-08-26 07:48:26
476,17,Nanjangud,1,,2016-08-26 07:48:26,2016-08-26 07:48:26
477,17,Pavagada,1,,2016-08-26 07:48:26,2016-08-26 07:48:26
478,17,Puttur,1,,2016-08-26 07:48:26,2016-08-26 07:48:26
479,17,Rabkavi Banhatti,1,,2016-08-26 07:48:26,2016-08-26 07:48:26
480,17,Raichur,1,,2016-08-26 07:48:26,2016-08-26 07:48:26
481,17,Ramanagaram,1,,2016-08-26 07:48:26,2016-08-26 07:48:26
482,17,Ramdurg,1,,2016-08-26 07:48:26,2016-08-26 07:48:26
483,17,Ranibennur,1,,2016-08-26 07:48:26,2016-08-26 07:48:26
484,17,Robertson Pet,1,,2016-08-26 07:48:26,2016-08-26 07:48:26
485,17,Ron,1,,2016-08-26 07:48:26,2016-08-26 07:48:26
486,17,Sadalgi,1,,2016-08-26 07:48:26,2016-08-26 07:48:26
487,17,Sagar,1,,2016-08-26 07:48:26,2016-08-26 07:48:26
488,17,Sakleshpur,1,,2016-08-26 07:48:26,2016-08-26 07:48:26
489,17,Sandur,1,,2016-08-26 07:48:26,2016-08-26 07:48:26
490,17,Sankeshwar,1,,2016-08-26 07:48:26,2016-08-26 07:48:26
491,17,Saundatti-Yellamma,1,,2016-08-26 07:48:26,2016-08-26 07:48:26
492,17,Savanur,1,,2016-08-26 07:48:26,2016-08-26 07:48:26
493,17,Sedam,1,,2016-08-26 07:48:26,2016-08-26 07:48:26
494,17,Shahabad,1,,2016-08-26 07:48:26,2016-08-26 07:48:26
495,17,Shahpur,1,,2016-08-26 07:48:26,2016-08-26 07:48:26
496,17,Shiggaon,1,,2016-08-26 07:48:26,2016-08-26 07:48:26
497,17,Shikapur,1,,2016-08-26 07:48:26,2016-08-26 07:48:26
498,17,Shimoga,1,,2016-08-26 07:48:26,2016-08-26 07:48:26
499,17,Shorapur,1,,2016-08-26 07:48:26,2016-08-26 07:48:26
500,17,Shrirangapattana,1,,2016-08-26 07:48:26,2016-08-26 07:48:26
501,17,Sidlaghatta,1,,2016-08-26 07:48:26,2016-08-26 07:48:26
502,17,Sindgi,1,,2016-08-26 07:48:26,2016-08-26 07:48:26
503,17,Sindhnur,1,,2016-08-26 07:48:26,2016-08-26 07:48:26
504,17,Sira,1,,2016-08-26 07:48:26,2016-08-26 07:48:26
505,17,Sirsi,1,,2016-08-26 07:48:26,2016-08-26 07:48:26
506,17,Siruguppa,1,,2016-08-26 07:48:26,2016-08-26 07:48:26
507,17,Srinivaspur,1,,2016-08-26 07:48:26,2016-08-26 07:48:26
508,17,Talikota,1,,2016-08-26 07:48:26,2016-08-26 07:48:26
509,17,Tarikere,1,,2016-08-26 07:48:26,2016-08-26 07:48:26
510,17,Tekkalakota,1,,2016-08-26 07:48:26,2016-08-26 07:48:26
511,17,Terdal,1,,2016-08-26 07:48:26,2016-08-26 07:48:26
512,17,Tiptur,1,,2016-08-26 07:48:26,2016-08-26 07:48:26
513,17,Tumkur,1,,2016-08-26 07:48:26,2016-08-26 07:48:26
514,17,Udupi,1,,2016-08-26 07:48:26,2016-08-26 07:48:26
515,17,Vijayapura,1,,2016-08-26 07:48:26,2016-08-26 07:48:26
516,17,Wadi,1,,2016-08-26 07:48:26,2016-08-26 07:48:26
517,17,Yadgir,1,,2016-08-26 07:48:26,2016-08-26 07:48:26
518,17,Chikmagalur,1,,2016-08-26 07:48:26,2016-08-26 07:48:26
519,17,Davanagere,1,,2016-08-26 07:48:26,2016-08-26 07:48:26
520,17,Dharwad,1,,2016-08-26 07:48:26,2016-08-26 07:48:26
521,17,Gadag,1,,2016-08-26 07:48:26,2016-08-26 07:48:26
522,18,Adoor,1,,2016-08-26 07:48:26,2016-08-26 07:48:26
523,18,Akathiyoor,1,,2016-08-26 07:48:26,2016-08-26 07:48:26
524,18,Alappuzha,1,,2016-08-26 07:48:26,2016-08-26 07:48:26
525,18,Ancharakandy,1,,2016-08-26 07:48:26,2016-08-26 07:48:26
526,18,Aroor,1,,2016-08-26 07:48:26,2016-08-26 07:48:26
527,18,Ashtamichira,1,,2016-08-26 07:48:26,2016-08-26 07:48:26
528,18,Attingal,1,,2016-08-26 07:48:26,2016-08-26 07:48:26
529,18,Avinissery,1,,2016-08-26 07:48:26,2016-08-26 07:48:26
530,18,Chalakudy,1,,2016-08-26 07:48:26,2016-08-26 07:48:26
531,18,Changanassery,1,,2016-08-26 07:48:26,2016-08-26 07:48:26
532,18,Chendamangalam,1,,2016-08-26 07:48:26,2016-08-26 07:48:26
533,18,Chengannur,1,,2016-08-26 07:48:26,2016-08-26 07:48:26
534,18,Cherthala,1,,2016-08-26 07:48:26,2016-08-26 07:48:26
535,18,Cheruthazham,1,,2016-08-26 07:48:26,2016-08-26 07:48:26
536,18,Chittur-Thathamangalam,1,,2016-08-26 07:48:26,2016-08-26 07:48:26
537,18,Chockli,1,,2016-08-26 07:48:26,2016-08-26 07:48:26
538,18,Erattupetta,1,,2016-08-26 07:48:26,2016-08-26 07:48:26
539,18,Guruvayoor,1,,2016-08-26 07:48:26,2016-08-26 07:48:26
540,18,Irinjalakuda,1,,2016-08-26 07:48:26,2016-08-26 07:48:26
541,18,Kadirur,1,,2016-08-26 07:48:26,2016-08-26 07:48:26
542,18,Kalliasseri,1,,2016-08-26 07:48:26,2016-08-26 07:48:26
543,18,Kalpetta,1,,2016-08-26 07:48:26,2016-08-26 07:48:26
544,18,Kanhangad,1,,2016-08-26 07:48:26,2016-08-26 07:48:26
545,18,Kanjikkuzhi,1,,2016-08-26 07:48:26,2016-08-26 07:48:26
546,18,Kannur,1,,2016-08-26 07:48:26,2016-08-26 07:48:26
547,18,Kasaragod,1,,2016-08-26 07:48:26,2016-08-26 07:48:26
548,18,Kayamkulam,1,,2016-08-26 07:48:26,2016-08-26 07:48:26
549,18,Kochi,1,,2016-08-26 07:48:26,2016-08-26 07:48:26
550,18,Kodungallur,1,,2016-08-26 07:48:26,2016-08-26 07:48:26
551,18,Kollam,1,,2016-08-26 07:48:26,2016-08-26 07:48:26
552,18,Koothuparamba,1,,2016-08-26 07:48:26,2016-08-26 07:48:26
553,18,Kothamangalam,1,,2016-08-26 07:48:26,2016-08-26 07:48:26
554,18,Kottayam,1,,2016-08-26 07:48:26,2016-08-26 07:48:26
555,18,Kozhikode,1,,2016-08-26 07:48:26,2016-08-26 07:48:26
556,18,Kunnamkulam,1,,2016-08-26 07:48:26,2016-08-26 07:48:26
557,18,Malappuram,1,,2016-08-26 07:48:26,2016-08-26 07:48:26
558,18,Mattannur,1,,2016-08-26 07:48:26,2016-08-26 07:48:26
559,18,Mavelikkara,1,,2016-08-26 07:48:26,2016-08-26 07:48:26
560,18,Mavoor,1,,2016-08-26 07:48:26,2016-08-26 07:48:26
561,18,Muvattupuzha,1,,2016-08-26 07:48:26,2016-08-26 07:48:26
562,18,Nedumangad,1,,2016-08-26 07:48:26,2016-08-26 07:48:26
563,18,Neyyattinkara,1,,2016-08-26 07:48:26,2016-08-26 07:48:26
564,18,Ottappalam,1,,2016-08-26 07:48:26,2016-08-26 07:48:26
565,18,Palai,1,,2016-08-26 07:48:26,2016-08-26 07:48:26
566,18,Palakkad,1,,2016-08-26 07:48:26,2016-08-26 07:48:26
567,18,Panniyannur,1,,2016-08-26 07:48:26,2016-08-26 07:48:26
568,18,Pappinisseri,1,,2016-08-26 07:48:26,2016-08-26 07:48:26
569,18,Paravoor,1,,2016-08-26 07:48:26,2016-08-26 07:48:26
570,18,Pathanamthitta,1,,2016-08-26 07:48:26,2016-08-26 07:48:26
571,18,Payyannur,1,,2016-08-26 07:48:26,2016-08-26 07:48:26
572,18,Peringathur,1,,2016-08-26 07:48:26,2016-08-26 07:48:26
573,18,Perinthalmanna,1,,2016-08-26 07:48:26,2016-08-26 07:48:26
574,18,Perumbavoor,1,,2016-08-26 07:48:26,2016-08-26 07:48:26
575,18,Ponnani,1,,2016-08-26 07:48:26,2016-08-26 07:48:26
576,18,Punalur,1,,2016-08-26 07:48:26,2016-08-26 07:48:26
577,18,Quilandy,1,,2016-08-26 07:48:26,2016-08-26 07:48:26
578,18,Shoranur,1,,2016-08-26 07:48:26,2016-08-26 07:48:26
579,18,Taliparamba,1,,2016-08-26 07:48:26,2016-08-26 07:48:26
580,18,Thiruvalla,1,,2016-08-26 07:48:26,2016-08-26 07:48:26
581,18,Thiruvananthapuram,1,,2016-08-26 07:48:26,2016-08-26 07:48:26
582,18,Thodupuzha,1,,2016-08-26 07:48:26,2016-08-26 07:48:26
583,18,Thrissur,1,,2016-08-26 07:48:26,2016-08-26 07:48:26
584,18,Tirur,1,,2016-08-26 07:48:26,2016-08-26 07:48:26
585,18,Vadakara,1,,2016-08-26 07:48:26,2016-08-26 07:48:26
586,18,Vaikom,1,,2016-08-26 07:48:26,2016-08-26 07:48:26
587,18,Varkala,1,,2016-08-26 07:48:26,2016-08-26 07:48:26
588,20,Ashok Nagar,1,,2016-08-26 07:48:26,2016-08-26 07:48:26
589,20,Balaghat,1,,2016-08-26 07:48:26,2016-08-26 07:48:26
590,20,Betul,1,,2016-08-26 07:48:26,2016-08-26 07:48:26
591,20,Bhopal,1,,2016-08-26 07:48:26,2016-08-26 07:48:26
592,20,Burhanpur,1,,2016-08-26 07:48:26,2016-08-26 07:48:26
593,20,Chhatarpur,1,,2016-08-26 07:48:26,2016-08-26 07:48:26
594,20,Dabra,1,,2016-08-26 07:48:26,2016-08-26 07:48:26
595,20,Datia,1,,2016-08-26 07:48:26,2016-08-26 07:48:26
596,20,Dewas,1,,2016-08-26 07:48:26,2016-08-26 07:48:26
597,20,Dhar,1,,2016-08-26 07:48:26,2016-08-26 07:48:26
598,20,Fatehabad,1,,2016-08-26 07:48:26,2016-08-26 07:48:26
599,20,Gwalior,1,,2016-08-26 07:48:26,2016-08-26 07:48:26
600,20,Indore,1,,2016-08-26 07:48:26,2016-08-26 07:48:26
601,20,Itarsi,1,,2016-08-26 07:48:26,2016-08-26 07:48:26
602,20,Jabalpur,1,,2016-08-26 07:48:26,2016-08-26 07:48:26
603,20,Katni,1,,2016-08-26 07:48:26,2016-08-26 07:48:26
604,20,Kotma,1,,2016-08-26 07:48:26,2016-08-26 07:48:26
605,20,Lahar,1,,2016-08-26 07:48:26,2016-08-26 07:48:26
606,20,Lundi,1,,2016-08-26 07:48:26,2016-08-26 07:48:26
607,20,Maharajpur,1,,2016-08-26 07:48:26,2016-08-26 07:48:26
608,20,Mahidpur,1,,2016-08-26 07:48:26,2016-08-26 07:48:26
609,20,Maihar,1,,2016-08-26 07:48:26,2016-08-26 07:48:26
610,20,Malajkhand,1,,2016-08-26 07:48:26,2016-08-26 07:48:26
611,20,Manasa,1,,2016-08-26 07:48:26,2016-08-26 07:48:26
612,20,Manawar,1,,2016-08-26 07:48:26,2016-08-26 07:48:26
613,20,Mandideep,1,,2016-08-26 07:48:26,2016-08-26 07:48:26
614,20,Mandla,1,,2016-08-26 07:48:26,2016-08-26 07:48:26
615,20,Mandsaur,1,,2016-08-26 07:48:26,2016-08-26 07:48:26
616,20,Mauganj,1,,2016-08-26 07:48:26,2016-08-26 07:48:26
617,20,Mhow Cantonment,1,,2016-08-26 07:48:26,2016-08-26 07:48:26
618,20,Mhowgaon,1,,2016-08-26 07:48:26,2016-08-26 07:48:26
619,20,Morena,1,,2016-08-26 07:48:26,2016-08-26 07:48:26
620,20,Multai,1,,2016-08-26 07:48:26,2016-08-26 07:48:26
621,20,Murwara,1,,2016-08-26 07:48:26,2016-08-26 07:48:26
622,20,Nagda,1,,2016-08-26 07:48:26,2016-08-26 07:48:26
623,20,Nainpur,1,,2016-08-26 07:48:26,2016-08-26 07:48:26
624,20,Narsinghgarh,1,,2016-08-26 07:48:26,2016-08-26 07:48:26
625,20,Narsinghgarh,1,,2016-08-26 07:48:26,2016-08-26 07:48:26
626,20,Neemuch,1,,2016-08-26 07:48:26,2016-08-26 07:48:26
627,20,Nepanagar,1,,2016-08-26 07:48:26,2016-08-26 07:48:26
628,20,Niwari,1,,2016-08-26 07:48:26,2016-08-26 07:48:26
629,20,Nowgong,1,,2016-08-26 07:48:26,2016-08-26 07:48:26
630,20,Nowrozabad,1,,2016-08-26 07:48:26,2016-08-26 07:48:26
631,20,Pachore,1,,2016-08-26 07:48:26,2016-08-26 07:48:26
632,20,Pali,1,,2016-08-26 07:48:26,2016-08-26 07:48:26
633,20,Panagar,1,,2016-08-26 07:48:26,2016-08-26 07:48:26
634,20,Pandhurna,1,,2016-08-26 07:48:26,2016-08-26 07:48:26
635,20,Panna,1,,2016-08-26 07:48:26,2016-08-26 07:48:26
636,20,Pasan,1,,2016-08-26 07:48:26,2016-08-26 07:48:26
637,20,Pipariya,1,,2016-08-26 07:48:26,2016-08-26 07:48:26
638,20,Pithampur,1,,2016-08-26 07:48:26,2016-08-26 07:48:26
639,20,Porsa,1,,2016-08-26 07:48:26,2016-08-26 07:48:26
640,20,Prithvipur,1,,2016-08-26 07:48:26,2016-08-26 07:48:26
641,20,Raghogarh-Vijaypur,1,,2016-08-26 07:48:26,2016-08-26 07:48:26
642,20,Rahatgarh,1,,2016-08-26 07:48:26,2016-08-26 07:48:26
643,20,Raisen,1,,2016-08-26 07:48:26,2016-08-26 07:48:26
644,20,Rajgarh,1,,2016-08-26 07:48:26,2016-08-26 07:48:26
645,20,Ratlam,1,,2016-08-26 07:48:26,2016-08-26 07:48:26
646,20,Rau,1,,2016-08-26 07:48:26,2016-08-26 07:48:26
647,20,Rehli,1,,2016-08-26 07:48:26,2016-08-26 07:48:26
648,20,Rewa,1,,2016-08-26 07:48:26,2016-08-26 07:48:26
649,20,Sabalgarh,1,,2016-08-26 07:48:26,2016-08-26 07:48:26
650,20,Sagar,1,,2016-08-26 07:48:26,2016-08-26 07:48:26
651,20,Sanawad,1,,2016-08-26 07:48:26,2016-08-26 07:48:26
652,20,Sarangpur,1,,2016-08-26 07:48:26,2016-08-26 07:48:26
653,20,Sarni,1,,2016-08-26 07:48:26,2016-08-26 07:48:26
654,20,Satna,1,,2016-08-26 07:48:26,2016-08-26 07:48:26
655,20,Sausar,1,,2016-08-26 07:48:26,2016-08-26 07:48:26
656,20,Sehore,1,,2016-08-26 07:48:26,2016-08-26 07:48:26
657,20,Sendhwa,1,,2016-08-26 07:48:26,2016-08-26 07:48:26
658,20,Seoni,1,,2016-08-26 07:48:26,2016-08-26 07:48:26
659,20,Seoni-Malwa,1,,2016-08-26 07:48:26,2016-08-26 07:48:26
660,20,Shahdol,1,,2016-08-26 07:48:26,2016-08-26 07:48:26
661,20,Shajapur,1,,2016-08-26 07:48:26,2016-08-26 07:48:26
662,20,Shamgarh,1,,2016-08-26 07:48:26,2016-08-26 07:48:26
663,20,Sheopur,1,,2016-08-26 07:48:26,2016-08-26 07:48:26
664,20,Shivpuri,1,,2016-08-26 07:48:26,2016-08-26 07:48:26
665,20,Shujalpur,1,,2016-08-26 07:48:26,2016-08-26 07:48:26
666,20,Sidhi,1,,2016-08-26 07:48:26,2016-08-26 07:48:26
667,20,Sihora,1,,2016-08-26 07:48:26,2016-08-26 07:48:26
668,20,Singrauli,1,,2016-08-26 07:48:26,2016-08-26 07:48:26
669,20,Sironj,1,,2016-08-26 07:48:26,2016-08-26 07:48:26
670,20,Sohagpur,1,,2016-08-26 07:48:26,2016-08-26 07:48:26
671,20,Tarana,1,,2016-08-26 07:48:26,2016-08-26 07:48:26
672,20,Tikamgarh,1,,2016-08-26 07:48:26,2016-08-26 07:48:26
673,20,Ujhani,1,,2016-08-26 07:48:26,2016-08-26 07:48:26
674,20,Ujjain,1,,2016-08-26 07:48:26,2016-08-26 07:48:26
675,20,Umaria,1,,2016-08-26 07:48:26,2016-08-26 07:48:26
676,20,Vidisha,1,,2016-08-26 07:48:26,2016-08-26 07:48:26
677,20,Wara Seoni,1,,2016-08-26 07:48:26,2016-08-26 07:48:26
678,21,Kolhapur,1,,2016-08-26 07:48:26,2016-08-26 07:48:26
679,21,Ahmednagar,1,,2016-08-26 07:48:26,2016-08-26 07:48:26
680,21,Akola,1,,2016-08-26 07:48:26,2016-08-26 07:48:26
681,21,Amravati,1,,2016-08-26 07:48:26,2016-08-26 07:48:26
682,21,Aurangabad,1,,2016-08-26 07:48:26,2016-08-26 07:48:26
683,21,Baramati,1,,2016-08-26 07:48:26,2016-08-26 07:48:26
684,21,Chalisgaon,1,,2016-08-26 07:48:26,2016-08-26 07:48:26
685,21,Chinchani,1,,2016-08-26 07:48:26,2016-08-26 07:48:26
686,21,Devgarh,1,,2016-08-26 07:48:26,2016-08-26 07:48:26
687,21,Dhule,1,,2016-08-26 07:48:26,2016-08-26 07:48:26
688,21,Dombivli,1,,2016-08-26 07:48:26,2016-08-26 07:48:26
689,21,Durgapur,1,,2016-08-26 07:48:26,2016-08-26 07:48:26
690,21,Ichalkaranji,1,,2016-08-26 07:48:26,2016-08-26 07:48:26
691,21,Jalna,1,,2016-08-26 07:48:26,2016-08-26 07:48:26
692,21,Kalyan,1,,2016-08-26 07:48:26,2016-08-26 07:48:26
693,21,Latur,1,,2016-08-26 07:48:26,2016-08-26 07:48:26
694,21,Loha,1,,2016-08-26 07:48:26,2016-08-26 07:48:26
695,21,Lonar,1,,2016-08-26 07:48:26,2016-08-26 07:48:26
696,21,Lonavla,1,,2016-08-26 07:48:26,2016-08-26 07:48:26
697,21,Mahad,1,,2016-08-26 07:48:26,2016-08-26 07:48:26
698,21,Mahuli,1,,2016-08-26 07:48:26,2016-08-26 07:48:26
699,21,Malegaon,1,,2016-08-26 07:48:26,2016-08-26 07:48:26
700,21,Malkapur,1,,2016-08-26 07:48:26,2016-08-26 07:48:26
701,21,Manchar,1,,2016-08-26 07:48:26,2016-08-26 07:48:26
702,21,Mangalvedhe,1,,2016-08-26 07:48:26,2016-08-26 07:48:26
703,21,Mangrulpir,1,,2016-08-26 07:48:26,2016-08-26 07:48:26
704,21,Manjlegaon,1,,2016-08-26 07:48:26,2016-08-26 07:48:26
705,21,Manmad,1,,2016-08-26 07:48:26,2016-08-26 07:48:26
706,21,Manwath,1,,2016-08-26 07:48:26,2016-08-26 07:48:26
707,21,Mehkar,1,,2016-08-26 07:48:26,2016-08-26 07:48:26
708,21,Mhaswad,1,,2016-08-26 07:48:26,2016-08-26 07:48:26
709,21,Miraj,1,,2016-08-26 07:48:26,2016-08-26 07:48:26
710,21,Morshi,1,,2016-08-26 07:48:26,2016-08-26 07:48:26
711,21,Mukhed,1,,2016-08-26 07:48:26,2016-08-26 07:48:26
712,21,Mul,1,,2016-08-26 07:48:26,2016-08-26 07:48:26
713,21,Mumbai,1,,2016-08-26 07:48:26,2016-08-26 07:48:26
714,21,Murtijapur,1,,2016-08-26 07:48:26,2016-08-26 07:48:26
715,21,Nagpur,1,,2016-08-26 07:48:26,2016-08-26 07:48:26
716,21,Nalasopara,1,,2016-08-26 07:48:26,2016-08-26 07:48:26
717,21,Nanded-Waghala,1,,2016-08-26 07:48:26,2016-08-26 07:48:26
718,21,Nandgaon,1,,2016-08-26 07:48:26,2016-08-26 07:48:26
719,21,Nandura,1,,2016-08-26 07:48:26,2016-08-26 07:48:26
720,21,Nandurbar,1,,2016-08-26 07:48:26,2016-08-26 07:48:26
721,21,Narkhed,1,,2016-08-26 07:48:26,2016-08-26 07:48:26
722,21,Nashik,1,,2016-08-26 07:48:26,2016-08-26 07:48:26
723,21,Navi Mumbai,1,,2016-08-26 07:48:26,2016-08-26 07:48:26
724,21,Nawapur,1,,2016-08-26 07:48:26,2016-08-26 07:48:26
725,21,Nilanga,1,,2016-08-26 07:48:26,2016-08-26 07:48:26
726,21,Osmanabad,1,,2016-08-26 07:48:26,2016-08-26 07:48:26
727,21,Ozar,1,,2016-08-26 07:48:26,2016-08-26 07:48:26
728,21,Pachora,1,,2016-08-26 07:48:26,2016-08-26 07:48:26
729,21,Paithan,1,,2016-08-26 07:48:26,2016-08-26 07:48:26
730,21,Palghar,1,,2016-08-26 07:48:26,2016-08-26 07:48:26
731,21,Pandharkaoda,1,,2016-08-26 07:48:26,2016-08-26 07:48:26
732,21,Pandharpur,1,,2016-08-26 07:48:26,2016-08-26 07:48:26
733,21,Panvel,1,,2016-08-26 07:48:26,2016-08-26 07:48:26
734,21,Parbhani,1,,2016-08-26 07:48:26,2016-08-26 07:48:26
735,21,Parli,1,,2016-08-26 07:48:26,2016-08-26 07:48:26
736,21,Parola,1,,2016-08-26 07:48:26,2016-08-26 07:48:26
737,21,Partur,1,,2016-08-26 07:48:26,2016-08-26 07:48:26
738,21,Pathardi,1,,2016-08-26 07:48:26,2016-08-26 07:48:26
739,21,Pathri,1,,2016-08-26 07:48:26,2016-08-26 07:48:26
740,21,Patur,1,,2016-08-26 07:48:26,2016-08-26 07:48:26
741,21,Pauni,1,,2016-08-26 07:48:26,2016-08-26 07:48:26
742,21,Pen,1,,2016-08-26 07:48:26,2016-08-26 07:48:26
743,21,Phaltan,1,,2016-08-26 07:48:26,2016-08-26 07:48:26
744,21,Pulgaon,1,,2016-08-26 07:48:26,2016-08-26 07:48:26
745,21,Pune,1,,2016-08-26 07:48:26,2016-08-26 07:48:26
746,21,Purna,1,,2016-08-26 07:48:26,2016-08-26 07:48:26
747,21,Pusad,1,,2016-08-26 07:48:26,2016-08-26 07:48:26
748,21,Rahuri,1,,2016-08-26 07:48:26,2016-08-26 07:48:26
749,21,Rajura,1,,2016-08-26 07:48:26,2016-08-26 07:48:26
750,21,Ramtek,1,,2016-08-26 07:48:26,2016-08-26 07:48:26
751,21,Ratnagiri,1,,2016-08-26 07:48:26,2016-08-26 07:48:26
752,21,Raver,1,,2016-08-26 07:48:26,2016-08-26 07:48:26
753,21,Risod,1,,2016-08-26 07:48:26,2016-08-26 07:48:26
754,21,Sailu,1,,2016-08-26 07:48:26,2016-08-26 07:48:26
755,21,Sangamner,1,,2016-08-26 07:48:26,2016-08-26 07:48:26
756,21,Sangli,1,,2016-08-26 07:48:26,2016-08-26 07:48:26
757,21,Sangole,1,,2016-08-26 07:48:26,2016-08-26 07:48:26
758,21,Sasvad,1,,2016-08-26 07:48:26,2016-08-26 07:48:26
759,21,Satana,1,,2016-08-26 07:48:26,2016-08-26 07:48:26
760,21,Satara,1,,2016-08-26 07:48:26,2016-08-26 07:48:26
761,21,Savner,1,,2016-08-26 07:48:26,2016-08-26 07:48:26
762,21,Sawantwadi,1,,2016-08-26 07:48:26,2016-08-26 07:48:26
763,21,Shahade,1,,2016-08-26 07:48:26,2016-08-26 07:48:26
764,21,Shegaon,1,,2016-08-26 07:48:26,2016-08-26 07:48:26
765,21,Shendurjana,1,,2016-08-26 07:48:26,2016-08-26 07:48:26
766,21,Shirdi,1,,2016-08-26 07:48:26,2016-08-26 07:48:26
767,21,Shirpur-Warwade,1,,2016-08-26 07:48:26,2016-08-26 07:48:26
768,21,Shirur,1,,2016-08-26 07:48:26,2016-08-26 07:48:26
769,21,Shrigonda,1,,2016-08-26 07:48:26,2016-08-26 07:48:26
770,21,Shrirampur,1,,2016-08-26 07:48:26,2016-08-26 07:48:26
771,21,Sillod,1,,2016-08-26 07:48:26,2016-08-26 07:48:26
772,21,Sinnar,1,,2016-08-26 07:48:26,2016-08-26 07:48:26
773,21,Solapur,1,,2016-08-26 07:48:26,2016-08-26 07:48:26
774,21,Soyagaon,1,,2016-08-26 07:48:26,2016-08-26 07:48:26
775,21,Talegaon Dabhade,1,,2016-08-26 07:48:26,2016-08-26 07:48:26
776,21,Talode,1,,2016-08-26 07:48:26,2016-08-26 07:48:26
777,21,Tasgaon,1,,2016-08-26 07:48:26,2016-08-26 07:48:26
778,21,Tirora,1,,2016-08-26 07:48:26,2016-08-26 07:48:26
779,21,Tuljapur,1,,2016-08-26 07:48:26,2016-08-26 07:48:26
780,21,Tumsar,1,,2016-08-26 07:48:26,2016-08-26 07:48:26
781,21,Uran,1,,2016-08-26 07:48:26,2016-08-26 07:48:26
782,21,Uran Islampur,1,,2016-08-26 07:48:26,2016-08-26 07:48:26
783,21,Wadgaon Road,1,,2016-08-26 07:48:26,2016-08-26 07:48:26
784,21,Wai,1,,2016-08-26 07:48:26,2016-08-26 07:48:26
785,21,Wani,1,,2016-08-26 07:48:26,2016-08-26 07:48:26
786,21,Wardha,1,,2016-08-26 07:48:26,2016-08-26 07:48:26
787,21,Warora,1,,2016-08-26 07:48:26,2016-08-26 07:48:26
788,21,Warud,1,,2016-08-26 07:48:26,2016-08-26 07:48:26
789,21,Washim,1,,2016-08-26 07:48:26,2016-08-26 07:48:26
790,21,Yevla,1,,2016-08-26 07:48:26,2016-08-26 07:48:26
791,22,Kakching,1,,2016-08-26 07:48:26,2016-08-26 07:48:26
792,22,Lilong,1,,2016-08-26 07:48:26,2016-08-26 07:48:26
793,22,Mayang Imphal,1,,2016-08-26 07:48:26,2016-08-26 07:48:26
794,22,Thoubal,1,,2016-08-26 07:48:26,2016-08-26 07:48:26
795,23,Jowai,1,,2016-08-26 07:48:26,2016-08-26 07:48:26
796,23,Nongstoin,1,,2016-08-26 07:48:26,2016-08-26 07:48:26
797,23,Shillong,1,,2016-08-26 07:48:26,2016-08-26 07:48:26
798,23,Tura,1,,2016-08-26 07:48:26,2016-08-26 07:48:26
799,24,Aizawl,1,,2016-08-26 07:48:26,2016-08-26 07:48:26
800,24,Champhai,1,,2016-08-26 07:48:26,2016-08-26 07:48:26
801,24,Lunglei,1,,2016-08-26 07:48:26,2016-08-26 07:48:26
802,24,Saiha,1,,2016-08-26 07:48:26,2016-08-26 07:48:26
803,25,Dimapur,1,,2016-08-26 07:48:26,2016-08-26 07:48:26
804,25,Kohima,1,,2016-08-26 07:48:26,2016-08-26 07:48:26
805,25,Mokokchung,1,,2016-08-26 07:48:26,2016-08-26 07:48:26
806,25,Tuensang,1,,2016-08-26 07:48:26,2016-08-26 07:48:26
807,25,Wokha,1,,2016-08-26 07:48:26,2016-08-26 07:48:26
808,25,Zunheboto,1,,2016-08-26 07:48:26,2016-08-26 07:48:26
809,26,Anandapur,1,,2016-08-26 07:48:26,2016-08-26 07:48:26
810,26,Anugul,1,,2016-08-26 07:48:26,2016-08-26 07:48:26
811,26,Asika,1,,2016-08-26 07:48:26,2016-08-26 07:48:26
812,26,Balangir,1,,2016-08-26 07:48:26,2016-08-26 07:48:26
813,26,Balasore,1,,2016-08-26 07:48:26,2016-08-26 07:48:26
814,26,Baleshwar,1,,2016-08-26 07:48:26,2016-08-26 07:48:26
815,26,Bamra,1,,2016-08-26 07:48:26,2016-08-26 07:48:26
816,26,Barbil,1,,2016-08-26 07:48:26,2016-08-26 07:48:26
817,26,Bargarh,1,,2016-08-26 07:48:26,2016-08-26 07:48:26
818,26,Bargarh,1,,2016-08-26 07:48:26,2016-08-26 07:48:26
819,26,Baripada,1,,2016-08-26 07:48:26,2016-08-26 07:48:26
820,26,Basudebpur,1,,2016-08-26 07:48:26,2016-08-26 07:48:26
821,26,Belpahar,1,,2016-08-26 07:48:26,2016-08-26 07:48:26
822,26,Bhadrak,1,,2016-08-26 07:48:26,2016-08-26 07:48:26
823,26,Bhawanipatna,1,,2016-08-26 07:48:26,2016-08-26 07:48:26
824,26,Bhuban,1,,2016-08-26 07:48:26,2016-08-26 07:48:26
825,26,Bhubaneswar,1,,2016-08-26 07:48:26,2016-08-26 07:48:26
826,26,Biramitrapur,1,,2016-08-26 07:48:26,2016-08-26 07:48:26
827,26,Brahmapur,1,,2016-08-26 07:48:26,2016-08-26 07:48:26
828,26,Brajrajnagar,1,,2016-08-26 07:48:26,2016-08-26 07:48:26
829,26,Byasanagar,1,,2016-08-26 07:48:26,2016-08-26 07:48:26
830,26,Cuttack,1,,2016-08-26 07:48:26,2016-08-26 07:48:26
831,26,Debagarh,1,,2016-08-26 07:48:26,2016-08-26 07:48:26
832,26,Dhenkanal,1,,2016-08-26 07:48:26,2016-08-26 07:48:26
833,26,Gunupur,1,,2016-08-26 07:48:26,2016-08-26 07:48:26
834,26,Hinjilicut,1,,2016-08-26 07:48:26,2016-08-26 07:48:26
835,26,Jagatsinghapur,1,,2016-08-26 07:48:26,2016-08-26 07:48:26
836,26,Jajapur,1,,2016-08-26 07:48:26,2016-08-26 07:48:26
837,26,Jaleswar,1,,2016-08-26 07:48:26,2016-08-26 07:48:26
838,26,Jatani,1,,2016-08-26 07:48:26,2016-08-26 07:48:26
839,26,Jeypur,1,,2016-08-26 07:48:26,2016-08-26 07:48:26
840,26,Jharsuguda,1,,2016-08-26 07:48:26,2016-08-26 07:48:26
841,26,Joda,1,,2016-08-26 07:48:26,2016-08-26 07:48:26
842,26,Kantabanji,1,,2016-08-26 07:48:26,2016-08-26 07:48:26
843,26,Karanjia,1,,2016-08-26 07:48:26,2016-08-26 07:48:26
844,26,Kendrapara,1,,2016-08-26 07:48:26,2016-08-26 07:48:26
845,26,Kendujhar,1,,2016-08-26 07:48:26,2016-08-26 07:48:26
846,26,Khordha,1,,2016-08-26 07:48:26,2016-08-26 07:48:26
847,26,Koraput,1,,2016-08-26 07:48:26,2016-08-26 07:48:26
848,26,Malkangiri,1,,2016-08-26 07:48:26,2016-08-26 07:48:26
849,26,Nabarangapur,1,,2016-08-26 07:48:26,2016-08-26 07:48:26
850,26,Paradip,1,,2016-08-26 07:48:26,2016-08-26 07:48:26
851,26,Parlakhemundi,1,,2016-08-26 07:48:26,2016-08-26 07:48:26
852,26,Pattamundai,1,,2016-08-26 07:48:26,2016-08-26 07:48:26
853,26,Phulabani,1,,2016-08-26 07:48:26,2016-08-26 07:48:26
854,26,Puri,1,,2016-08-26 07:48:26,2016-08-26 07:48:26
855,26,Rairangpur,1,,2016-08-26 07:48:26,2016-08-26 07:48:26
856,26,Rajagangapur,1,,2016-08-26 07:48:26,2016-08-26 07:48:26
857,26,Raurkela,1,,2016-08-26 07:48:26,2016-08-26 07:48:26
858,26,Rayagada,1,,2016-08-26 07:48:26,2016-08-26 07:48:26
859,26,Sambalpur,1,,2016-08-26 07:48:26,2016-08-26 07:48:26
860,26,Soro,1,,2016-08-26 07:48:26,2016-08-26 07:48:26
861,26,Sunabeda,1,,2016-08-26 07:48:26,2016-08-26 07:48:26
862,26,Sundargarh,1,,2016-08-26 07:48:26,2016-08-26 07:48:26
863,26,Talcher,1,,2016-08-26 07:48:26,2016-08-26 07:48:26
864,26,Titlagarh,1,,2016-08-26 07:48:26,2016-08-26 07:48:26
865,26,Umarkote,1,,2016-08-26 07:48:26,2016-08-26 07:48:26
866,28,Ahmedgarh,1,,2016-08-26 07:48:26,2016-08-26 07:48:26
867,28,Amritsar,1,,2016-08-26 07:48:26,2016-08-26 07:48:26
868,28,Barnala,1,,2016-08-26 07:48:26,2016-08-26 07:48:26
869,28,Batala,1,,2016-08-26 07:48:26,2016-08-26 07:48:26
870,28,Bathinda,1,,2016-08-26 07:48:26,2016-08-26 07:48:26
871,28,Bhagha Purana,1,,2016-08-26 07:48:26,2016-08-26 07:48:26
872,28,Budhlada,1,,2016-08-26 07:48:26,2016-08-26 07:48:26
873,6,Chandigarh,1,,2016-08-26 07:48:26,2016-08-26 07:48:26
874,28,Dasua,1,,2016-08-26 07:48:26,2016-08-26 07:48:26
875,28,Dhuri,1,,2016-08-26 07:48:26,2016-08-26 07:48:26
876,28,Dinanagar,1,,2016-08-26 07:48:26,2016-08-26 07:48:26
877,28,Faridkot,1,,2016-08-26 07:48:26,2016-08-26 07:48:26
878,28,Fazilka,1,,2016-08-26 07:48:26,2016-08-26 07:48:26
879,28,Firozpur,1,,2016-08-26 07:48:26,2016-08-26 07:48:26
880,28,Firozpur Cantt.,1,,2016-08-26 07:48:26,2016-08-26 07:48:26
881,28,Giddarbaha,1,,2016-08-26 07:48:26,2016-08-26 07:48:26
882,28,Gobindgarh,1,,2016-08-26 07:48:26,2016-08-26 07:48:26
883,28,Gurdaspur,1,,2016-08-26 07:48:26,2016-08-26 07:48:26
884,28,Hoshiarpur,1,,2016-08-26 07:48:26,2016-08-26 07:48:26
885,28,Jagraon,1,,2016-08-26 07:48:26,2016-08-26 07:48:26
886,28,Jaitu,1,,2016-08-26 07:48:26,2016-08-26 07:48:26
887,28,Jalalabad,1,,2016-08-26 07:48:26,2016-08-26 07:48:26
888,28,Jalandhar,1,,2016-08-26 07:48:26,2016-08-26 07:48:26
889,28,Jalandhar Cantt.,1,,2016-08-26 07:48:26,2016-08-26 07:48:26
890,28,Jandiala,1,,2016-08-26 07:48:26,2016-08-26 07:48:26
891,28,Kapurthala,1,,2016-08-26 07:48:26,2016-08-26 07:48:26
892,28,Karoran,1,,2016-08-26 07:48:26,2016-08-26 07:48:26
893,28,Kartarpur,1,,2016-08-26 07:48:26,2016-08-26 07:48:26
894,28,Khanna,1,,2016-08-26 07:48:26,2016-08-26 07:48:26
895,28,Kharar,1,,2016-08-26 07:48:26,2016-08-26 07:48:26
896,28,Kot Kapura,1,,2016-08-26 07:48:26,2016-08-26 07:48:26
897,28,Kurali,1,,2016-08-26 07:48:26,2016-08-26 07:48:26
898,28,Longowal,1,,2016-08-26 07:48:26,2016-08-26 07:48:26
899,28,Ludhiana,1,,2016-08-26 07:48:26,2016-08-26 07:48:26
900,28,Malerkotla,1,,2016-08-26 07:48:26,2016-08-26 07:48:26
901,28,Malout,1,,2016-08-26 07:48:26,2016-08-26 07:48:26
902,28,Mansa,1,,2016-08-26 07:48:26,2016-08-26 07:48:26
903,28,Maur,1,,2016-08-26 07:48:26,2016-08-26 07:48:26
904,28,Moga,1,,2016-08-26 07:48:26,2016-08-26 07:48:26
905,28,Mohali,1,,2016-08-26 07:48:26,2016-08-26 07:48:26
906,28,Morinda,1,,2016-08-26 07:48:26,2016-08-26 07:48:26
907,28,Mukerian,1,,2016-08-26 07:48:26,2016-08-26 07:48:26
908,28,Muktsar,1,,2016-08-26 07:48:26,2016-08-26 07:48:26
909,28,Nabha,1,,2016-08-26 07:48:26,2016-08-26 07:48:26
910,28,Nakodar,1,,2016-08-26 07:48:26,2016-08-26 07:48:26
911,28,Nangal,1,,2016-08-26 07:48:26,2016-08-26 07:48:26
912,28,Nawanshahr,1,,2016-08-26 07:48:26,2016-08-26 07:48:26
913,28,Pathankot,1,,2016-08-26 07:48:26,2016-08-26 07:48:26
914,28,Patiala,1,,2016-08-26 07:48:26,2016-08-26 07:48:26
915,28,Patran,1,,2016-08-26 07:48:26,2016-08-26 07:48:26
916,28,Patti,1,,2016-08-26 07:48:26,2016-08-26 07:48:26
917,28,Phagwara,1,,2016-08-26 07:48:26,2016-08-26 07:48:26
918,28,Phillaur,1,,2016-08-26 07:48:26,2016-08-26 07:48:26
919,28,Qadian,1,,2016-08-26 07:48:26,2016-08-26 07:48:26
920,28,Raikot,1,,2016-08-26 07:48:26,2016-08-26 07:48:26
921,28,Rajpura,1,,2016-08-26 07:48:26,2016-08-26 07:48:26
922,28,Rampura Phul,1,,2016-08-26 07:48:26,2016-08-26 07:48:26
923,28,Rupnagar,1,,2016-08-26 07:48:26,2016-08-26 07:48:26
924,28,Samana,1,,2016-08-26 07:48:26,2016-08-26 07:48:26
925,28,Sangrur,1,,2016-08-26 07:48:26,2016-08-26 07:48:26
926,28,Sirhind Fatehgarh Sahib,1,,2016-08-26 07:48:26,2016-08-26 07:48:26
927,28,Sujanpur,1,,2016-08-26 07:48:26,2016-08-26 07:48:26
928,28,Sunam,1,,2016-08-26 07:48:26,2016-08-26 07:48:26
929,28,Talwara,1,,2016-08-26 07:48:26,2016-08-26 07:48:26
930,28,Tarn Taran,1,,2016-08-26 07:48:26,2016-08-26 07:48:26
931,28,Urmar Tanda,1,,2016-08-26 07:48:26,2016-08-26 07:48:26
932,28,Zira,1,,2016-08-26 07:48:26,2016-08-26 07:48:26
933,28,Zirakpur,1,,2016-08-26 07:48:26,2016-08-26 07:48:26
934,29,Ajmer,1,,2016-08-26 07:48:26,2016-08-26 07:48:26
935,29,Alwar,1,,2016-08-26 07:48:26,2016-08-26 07:48:26
936,29,Bandikui,1,,2016-08-26 07:48:26,2016-08-26 07:48:26
937,29,Baran,1,,2016-08-26 07:48:26,2016-08-26 07:48:26
938,29,Barmer,1,,2016-08-26 07:48:26,2016-08-26 07:48:26
939,29,Bikaner,1,,2016-08-26 07:48:26,2016-08-26 07:48:26
940,29,Fatehpur,1,,2016-08-26 07:48:26,2016-08-26 07:48:26
941,29,Jaipur,1,,2016-08-26 07:48:26,2016-08-26 07:48:26
942,29,Jaisalmer,1,,2016-08-26 07:48:26,2016-08-26 07:48:26
943,29,Jodhpur,1,,2016-08-26 07:48:26,2016-08-26 07:48:26
944,29,Kota,1,,2016-08-26 07:48:26,2016-08-26 07:48:26
945,29,Lachhmangarh,1,,2016-08-26 07:48:26,2016-08-26 07:48:26
946,29,Ladnu,1,,2016-08-26 07:48:26,2016-08-26 07:48:26
947,29,Lakheri,1,,2016-08-26 07:48:26,2016-08-26 07:48:26
948,29,Lalsot,1,,2016-08-26 07:48:26,2016-08-26 07:48:26
949,29,Losal,1,,2016-08-26 07:48:26,2016-08-26 07:48:26
950,29,Makrana,1,,2016-08-26 07:48:26,2016-08-26 07:48:26
951,29,Malpura,1,,2016-08-26 07:48:26,2016-08-26 07:48:26
952,29,Mandalgarh,1,,2016-08-26 07:48:26,2016-08-26 07:48:26
953,29,Mandawa,1,,2016-08-26 07:48:26,2016-08-26 07:48:26
954,29,Mangrol,1,,2016-08-26 07:48:26,2016-08-26 07:48:26
955,29,Merta City,1,,2016-08-26 07:48:26,2016-08-26 07:48:26
956,29,Mount Abu,1,,2016-08-26 07:48:26,2016-08-26 07:48:26
957,29,Nadbai,1,,2016-08-26 07:48:26,2016-08-26 07:48:26
958,29,Nagar,1,,2016-08-26 07:48:26,2016-08-26 07:48:26
959,29,Nagaur,1,,2016-08-26 07:48:26,2016-08-26 07:48:26
960,29,Nargund,1,,2016-08-26 07:48:26,2016-08-26 07:48:26
961,29,Nasirabad,1,,2016-08-26 07:48:26,2016-08-26 07:48:26
962,29,Nathdwara,1,,2016-08-26 07:48:26,2016-08-26 07:48:26
963,29,Navalgund,1,,2016-08-26 07:48:26,2016-08-26 07:48:26
964,29,Nawalgarh,1,,2016-08-26 07:48:26,2016-08-26 07:48:26
965,29,Neem-Ka-Thana,1,,2016-08-26 07:48:26,2016-08-26 07:48:26
966,29,Nelamangala,1,,2016-08-26 07:48:26,2016-08-26 07:48:26
967,29,Nimbahera,1,,2016-08-26 07:48:26,2016-08-26 07:48:26
968,29,Nipani,1,,2016-08-26 07:48:26,2016-08-26 07:48:26
969,29,Niwai,1,,2016-08-26 07:48:26,2016-08-26 07:48:26
970,29,Nohar,1,,2016-08-26 07:48:26,2016-08-26 07:48:26
971,29,Nokha,1,,2016-08-26 07:48:26,2016-08-26 07:48:26
972,29,Pali,1,,2016-08-26 07:48:26,2016-08-26 07:48:26
973,29,Phalodi,1,,2016-08-26 07:48:26,2016-08-26 07:48:26
974,29,Phulera,1,,2016-08-26 07:48:26,2016-08-26 07:48:26
975,29,Pilani,1,,2016-08-26 07:48:26,2016-08-26 07:48:26
976,29,Pilibanga,1,,2016-08-26 07:48:26,2016-08-26 07:48:26
977,29,Pindwara,1,,2016-08-26 07:48:26,2016-08-26 07:48:26
978,29,Pipar City,1,,2016-08-26 07:48:26,2016-08-26 07:48:26
979,29,Prantij,1,,2016-08-26 07:48:26,2016-08-26 07:48:26
980,29,Pratapgarh,1,,2016-08-26 07:48:26,2016-08-26 07:48:26
981,29,Raisinghnagar,1,,2016-08-26 07:48:26,2016-08-26 07:48:26
982,29,Rajakhera,1,,2016-08-26 07:48:26,2016-08-26 07:48:26
983,29,Rajaldesar,1,,2016-08-26 07:48:26,2016-08-26 07:48:26
984,29,Rajgarh (Alwar),1,,2016-08-26 07:48:26,2016-08-26 07:48:26
985,29,Rajgarh (Churu,1,,2016-08-26 07:48:26,2016-08-26 07:48:26
986,29,Rajsamand,1,,2016-08-26 07:48:26,2016-08-26 07:48:26
987,29,Ramganj Mandi,1,,2016-08-26 07:48:26,2016-08-26 07:48:26
988,29,Ramngarh,1,,2016-08-26 07:48:26,2016-08-26 07:48:26
989,29,Ratangarh,1,,2016-08-26 07:48:26,2016-08-26 07:48:26
990,29,Rawatbhata,1,,2016-08-26 07:48:26,2016-08-26 07:48:26
991,29,Rawatsar,1,,2016-08-26 07:48:26,2016-08-26 07:48:26
992,29,Reengus,1,,2016-08-26 07:48:26,2016-08-26 07:48:26
993,29,Sadri,1,,2016-08-26 07:48:26,2016-08-26 07:48:26
994,29,Sadulshahar,1,,2016-08-26 07:48:26,2016-08-26 07:48:26
995,29,Sagwara,1,,2016-08-26 07:48:26,2016-08-26 07:48:26
996,29,Sambhar,1,,2016-08-26 07:48:26,2016-08-26 07:48:26
997,29,Sanchore,1,,2016-08-26 07:48:26,2016-08-26 07:48:26
998,29,Sangaria,1,,2016-08-26 07:48:26,2016-08-26 07:48:26
999,29,Sardarshahar,1,,2016-08-26 07:48:26,2016-08-26 07:48:26
1000,29,Sawai Madhopur,1,,2016-08-26 07:48:26,2016-08-26 07:48:26
1001,29,Shahpura,1,,2016-08-26 07:48:26,2016-08-26 07:48:26
1002,29,Shahpura,1,,2016-08-26 07:48:26,2016-08-26 07:48:26
1003,29,Sheoganj,1,,2016-08-26 07:48:26,2016-08-26 07:48:26
1004,29,Sikar,1,,2016-08-26 07:48:26,2016-08-26 07:48:26
1005,29,Sirohi,1,,2016-08-26 07:48:26,2016-08-26 07:48:26
1006,29,Sojat,1,,2016-08-26 07:48:26,2016-08-26 07:48:26
1007,29,Sri Madhopur,1,,2016-08-26 07:48:26,2016-08-26 07:48:26
1008,29,Sujangarh,1,,2016-08-26 07:48:26,2016-08-26 07:48:26
1009,29,Sumerpur,1,,2016-08-26 07:48:26,2016-08-26 07:48:26
1010,29,Suratgarh,1,,2016-08-26 07:48:26,2016-08-26 07:48:26
1011,29,Taranagar,1,,2016-08-26 07:48:26,2016-08-26 07:48:26
1012,29,Todabhim,1,,2016-08-26 07:48:26,2016-08-26 07:48:26
1013,29,Todaraisingh,1,,2016-08-26 07:48:26,2016-08-26 07:48:26
1014,29,Tonk,1,,2016-08-26 07:48:26,2016-08-26 07:48:26
1015,29,Udaipur,1,,2016-08-26 07:48:26,2016-08-26 07:48:26
1016,29,Udaipurwati,1,,2016-08-26 07:48:26,2016-08-26 07:48:26
1017,29,Vijainagar,1,,2016-08-26 07:48:26,2016-08-26 07:48:26
1018,30,Gangtok,1,,2016-08-26 07:48:26,2016-08-26 07:48:26
1019,31,Arakkonam,1,,2016-08-26 07:48:26,2016-08-26 07:48:26
1020,31,Arcot,1,,2016-08-26 07:48:26,2016-08-26 07:48:26
1021,31,Aruppukkottai,1,,2016-08-26 07:48:26,2016-08-26 07:48:26
1022,31,Bhavani,1,,2016-08-26 07:48:26,2016-08-26 07:48:26
1023,31,Chengalpattu,1,,2016-08-26 07:48:26,2016-08-26 07:48:26
1024,31,Chennai,1,,2016-08-26 07:48:26,2016-08-26 07:48:26
1025,31,Chinna salem,1,,2016-08-26 07:48:26,2016-08-26 07:48:26
1026,31,Coimbatore,1,,2016-08-26 07:48:26,2016-08-26 07:48:26
1027,31,Coonoor,1,,2016-08-26 07:48:26,2016-08-26 07:48:26
1028,31,Cuddalore,1,,2016-08-26 07:48:26,2016-08-26 07:48:26
1029,31,Dharmapuri,1,,2016-08-26 07:48:26,2016-08-26 07:48:26
1030,31,Dindigul,1,,2016-08-26 07:48:26,2016-08-26 07:48:26
1031,31,Erode,1,,2016-08-26 07:48:26,2016-08-26 07:48:26
1032,31,Gudalur,1,,2016-08-26 07:48:26,2016-08-26 07:48:26
1033,31,Gudalur,1,,2016-08-26 07:48:26,2016-08-26 07:48:26
1034,31,Gudalur,1,,2016-08-26 07:48:26,2016-08-26 07:48:26
1035,31,Kanchipuram,1,,2016-08-26 07:48:26,2016-08-26 07:48:26
1036,31,Karaikudi,1,,2016-08-26 07:48:26,2016-08-26 07:48:26
1037,31,Karungal,1,,2016-08-26 07:48:26,2016-08-26 07:48:26
1038,31,Karur,1,,2016-08-26 07:48:26,2016-08-26 07:48:26
1039,31,Kollankodu,1,,2016-08-26 07:48:26,2016-08-26 07:48:26
1040,31,Lalgudi,1,,2016-08-26 07:48:26,2016-08-26 07:48:26
1041,31,Madurai,1,,2016-08-26 07:48:26,2016-08-26 07:48:26
1042,31,Nagapattinam,1,,2016-08-26 07:48:26,2016-08-26 07:48:26
1043,31,Nagercoil,1,,2016-08-26 07:48:26,2016-08-26 07:48:26
1044,31,Namagiripettai,1,,2016-08-26 07:48:26,2016-08-26 07:48:26
1045,31,Namakkal,1,,2016-08-26 07:48:26,2016-08-26 07:48:26
1046,31,Nandivaram-Guduvancheri,1,,2016-08-26 07:48:26,2016-08-26 07:48:26
1047,31,Nanjikottai,1,,2016-08-26 07:48:26,2016-08-26 07:48:26
1048,31,Natham,1,,2016-08-26 07:48:26,2016-08-26 07:48:26
1049,31,Nellikuppam,1,,2016-08-26 07:48:26,2016-08-26 07:48:26
1050,31,Neyveli,1,,2016-08-26 07:48:26,2016-08-26 07:48:26
1051,31,O Valley,1,,2016-08-26 07:48:26,2016-08-26 07:48:26
1052,31,Oddanchatram,1,,2016-08-26 07:48:26,2016-08-26 07:48:26
1053,31,P.N.Patti,1,,2016-08-26 07:48:26,2016-08-26 07:48:26
1054,31,Pacode,1,,2016-08-26 07:48:26,2016-08-26 07:48:26
1055,31,Padmanabhapuram,1,,2016-08-26 07:48:26,2016-08-26 07:48:26
1056,31,Palani,1,,2016-08-26 07:48:26,2016-08-26 07:48:26
1057,31,Palladam,1,,2016-08-26 07:48:26,2016-08-26 07:48:26
1058,31,Pallapatti,1,,2016-08-26 07:48:26,2016-08-26 07:48:26
1059,31,Pallikonda,1,,2016-08-26 07:48:26,2016-08-26 07:48:26
1060,31,Panagudi,1,,2016-08-26 07:48:26,2016-08-26 07:48:26
1061,31,Panruti,1,,2016-08-26 07:48:26,2016-08-26 07:48:26
1062,31,Paramakudi,1,,2016-08-26 07:48:26,2016-08-26 07:48:26
1063,31,Parangipettai,1,,2016-08-26 07:48:26,2016-08-26 07:48:26
1064,31,Pattukkottai,1,,2016-08-26 07:48:26,2016-08-26 07:48:26
1065,31,Perambalur,1,,2016-08-26 07:48:26,2016-08-26 07:48:26
1066,31,Peravurani,1,,2016-08-26 07:48:26,2016-08-26 07:48:26
1067,31,Periyakulam,1,,2016-08-26 07:48:26,2016-08-26 07:48:26
1068,31,Periyasemur,1,,2016-08-26 07:48:26,2016-08-26 07:48:26
1069,31,Pernampattu,1,,2016-08-26 07:48:26,2016-08-26 07:48:26
1070,31,Pollachi,1,,2016-08-26 07:48:26,2016-08-26 07:48:26
1071,31,Polur,1,,2016-08-26 07:48:26,2016-08-26 07:48:26
1072,31,Ponneri,1,,2016-08-26 07:48:26,2016-08-26 07:48:26
1073,31,Pudukkottai,1,,2016-08-26 07:48:26,2016-08-26 07:48:26
1074,31,Pudupattinam,1,,2016-08-26 07:48:26,2016-08-26 07:48:26
1075,31,Puliyankudi,1,,2016-08-26 07:48:26,2016-08-26 07:48:26
1076,31,Punjaipugalur,1,,2016-08-26 07:48:26,2016-08-26 07:48:26
1077,31,Rajapalayam,1,,2016-08-26 07:48:26,2016-08-26 07:48:26
1078,31,Ramanathapuram,1,,2016-08-26 07:48:26,2016-08-26 07:48:26
1079,31,Rameshwaram,1,,2016-08-26 07:48:26,2016-08-26 07:48:26
1080,31,Rasipuram,1,,2016-08-26 07:48:26,2016-08-26 07:48:26
1081,31,Salem,1,,2016-08-26 07:48:26,2016-08-26 07:48:26
1082,31,Sankarankoil,1,,2016-08-26 07:48:26,2016-08-26 07:48:26
1083,31,Sankari,1,,2016-08-26 07:48:26,2016-08-26 07:48:26
1084,31,Sathyamangalam,1,,2016-08-26 07:48:26,2016-08-26 07:48:26
1085,31,Sattur,1,,2016-08-26 07:48:26,2016-08-26 07:48:26
1086,31,Shenkottai,1,,2016-08-26 07:48:26,2016-08-26 07:48:26
1087,31,Sholavandan,1,,2016-08-26 07:48:26,2016-08-26 07:48:26
1088,31,Sholingur,1,,2016-08-26 07:48:26,2016-08-26 07:48:26
1089,31,Sirkali,1,,2016-08-26 07:48:26,2016-08-26 07:48:26
1090,31,Sivaganga,1,,2016-08-26 07:48:26,2016-08-26 07:48:26
1091,31,Sivagiri,1,,2016-08-26 07:48:26,2016-08-26 07:48:26
1092,31,Sivakasi,1,,2016-08-26 07:48:26,2016-08-26 07:48:26
1093,31,Srivilliputhur,1,,2016-08-26 07:48:26,2016-08-26 07:48:26
1094,31,Surandai,1,,2016-08-26 07:48:26,2016-08-26 07:48:26
1095,31,Suriyampalayam,1,,2016-08-26 07:48:26,2016-08-26 07:48:26
1096,31,Tenkasi,1,,2016-08-26 07:48:26,2016-08-26 07:48:26
1097,31,Thammampatti,1,,2016-08-26 07:48:26,2016-08-26 07:48:26
1098,31,Thanjavur,1,,2016-08-26 07:48:26,2016-08-26 07:48:26
1099,31,Tharamangalam,1,,2016-08-26 07:48:26,2016-08-26 07:48:26
1100,31,Tharangambadi,1,,2016-08-26 07:48:26,2016-08-26 07:48:26
1101,31,Theni Allinagaram,1,,2016-08-26 07:48:26,2016-08-26 07:48:26
1102,31,Thirumangalam,1,,2016-08-26 07:48:26,2016-08-26 07:48:26
1103,31,Thirunindravur,1,,2016-08-26 07:48:26,2016-08-26 07:48:26
1104,31,Thiruparappu,1,,2016-08-26 07:48:26,2016-08-26 07:48:26
1105,31,Thirupuvanam,1,,2016-08-26 07:48:26,2016-08-26 07:48:26
1106,31,Thiruthuraipoondi,1,,2016-08-26 07:48:26,2016-08-26 07:48:26
1107,31,Thiruvallur,1,,2016-08-26 07:48:26,2016-08-26 07:48:26
1108,31,Thiruvarur,1,,2016-08-26 07:48:26,2016-08-26 07:48:26
1109,31,Thoothukudi,1,,2016-08-26 07:48:26,2016-08-26 07:48:26
1110,31,Thuraiyur,1,,2016-08-26 07:48:26,2016-08-26 07:48:26
1111,31,Tindivanam,1,,2016-08-26 07:48:26,2016-08-26 07:48:26
1112,31,Tiruchendur,1,,2016-08-26 07:48:26,2016-08-26 07:48:26
1113,31,Tiruchengode,1,,2016-08-26 07:48:26,2016-08-26 07:48:26
1114,31,Tiruchirappalli,1,,2016-08-26 07:48:26,2016-08-26 07:48:26
1115,31,Tirukalukundram,1,,2016-08-26 07:48:26,2016-08-26 07:48:26
1116,31,Tirukkoyilur,1,,2016-08-26 07:48:26,2016-08-26 07:48:26
1117,31,Tirunelveli,1,,2016-08-26 07:48:26,2016-08-26 07:48:26
1118,31,Tirupathur,1,,2016-08-26 07:48:26,2016-08-26 07:48:26
1119,31,Tirupathur,1,,2016-08-26 07:48:26,2016-08-26 07:48:26
1120,31,Tiruppur,1,,2016-08-26 07:48:26,2016-08-26 07:48:26
1121,31,Tiruttani,1,,2016-08-26 07:48:26,2016-08-26 07:48:26
1122,31,Tiruvannamalai,1,,2016-08-26 07:48:26,2016-08-26 07:48:26
1123,31,Tiruvethipuram,1,,2016-08-26 07:48:26,2016-08-26 07:48:26
1124,31,Tittakudi,1,,2016-08-26 07:48:26,2016-08-26 07:48:26
1125,31,Udhagamandalam,1,,2016-08-26 07:48:26,2016-08-26 07:48:26
1126,31,Udumalaipettai,1,,2016-08-26 07:48:26,2016-08-26 07:48:26
1127,31,Unnamalaikadai,1,,2016-08-26 07:48:26,2016-08-26 07:48:26
1128,31,Usilampatti,1,,2016-08-26 07:48:26,2016-08-26 07:48:26
1129,31,Uthamapalayam,1,,2016-08-26 07:48:26,2016-08-26 07:48:26
1130,31,Uthiramerur,1,,2016-08-26 07:48:26,2016-08-26 07:48:26
1131,31,Vadakkuvalliyur,1,,2016-08-26 07:48:26,2016-08-26 07:48:26
1132,31,Vadalur,1,,2016-08-26 07:48:26,2016-08-26 07:48:26
1133,31,Vadipatti,1,,2016-08-26 07:48:26,2016-08-26 07:48:26
1134,31,Valparai,1,,2016-08-26 07:48:26,2016-08-26 07:48:26
1135,31,Vandavasi,1,,2016-08-26 07:48:26,2016-08-26 07:48:26
1136,31,Vaniyambadi,1,,2016-08-26 07:48:26,2016-08-26 07:48:26
1137,31,Vedaranyam,1,,2016-08-26 07:48:26,2016-08-26 07:48:26
1138,31,Vellakoil,1,,2016-08-26 07:48:26,2016-08-26 07:48:26
1139,31,Vellore,1,,2016-08-26 07:48:26,2016-08-26 07:48:26
1140,31,Vikramasingapuram,1,,2016-08-26 07:48:26,2016-08-26 07:48:26
1141,31,Viluppuram,1,,2016-08-26 07:48:26,2016-08-26 07:48:26
1142,31,Virudhachalam,1,,2016-08-26 07:48:26,2016-08-26 07:48:26
1143,31,Virudhunagar,1,,2016-08-26 07:48:26,2016-08-26 07:48:26
1144,31,Viswanatham,1,,2016-08-26 07:48:26,2016-08-26 07:48:26
1145,31,Chennai,1,,2016-08-26 07:48:26,2016-08-26 07:48:26
1146,31,Coimbatore,1,,2016-08-26 07:48:26,2016-08-26 07:48:26
1147,32,Agartala,1,,2016-08-26 07:48:26,2016-08-26 07:48:26
1148,32,Badharghat,1,,2016-08-26 07:48:26,2016-08-26 07:48:26
1149,32,Dharmanagar,1,,2016-08-26 07:48:26,2016-08-26 07:48:26
1150,32,Indranagar,1,,2016-08-26 07:48:26,2016-08-26 07:48:26
1151,32,Jogendranagar,1,,2016-08-26 07:48:26,2016-08-26 07:48:26
1152,32,Kailasahar,1,,2016-08-26 07:48:26,2016-08-26 07:48:26
1153,32,Khowai,1,,2016-08-26 07:48:26,2016-08-26 07:48:26
1154,32,Pratapgarh,1,,2016-08-26 07:48:26,2016-08-26 07:48:26
1155,32,Udaipur,1,,2016-08-26 07:48:26,2016-08-26 07:48:26
1156,34,Achhnera,1,,2016-08-26 07:48:26,2016-08-26 07:48:26
1157,34,Adari,1,,2016-08-26 07:48:26,2016-08-26 07:48:26
1158,34,Agra,1,,2016-08-26 07:48:26,2016-08-26 07:48:26
1159,34,Aligarh,1,,2016-08-26 07:48:26,2016-08-26 07:48:26
1160,34,Allahabad,1,,2016-08-26 07:48:26,2016-08-26 07:48:26
1161,34,Amroha,1,,2016-08-26 07:48:26,2016-08-26 07:48:26
1162,34,Azamgarh,1,,2016-08-26 07:48:26,2016-08-26 07:48:26
1163,34,Bahraich,1,,2016-08-26 07:48:26,2016-08-26 07:48:26
1164,34,Ballia,1,,2016-08-26 07:48:26,2016-08-26 07:48:26
1165,34,Balrampur,1,,2016-08-26 07:48:26,2016-08-26 07:48:26
1166,34,Banda,1,,2016-08-26 07:48:26,2016-08-26 07:48:26
1167,34,Bareilly,1,,2016-08-26 07:48:26,2016-08-26 07:48:26
1168,34,Chandausi,1,,2016-08-26 07:48:26,2016-08-26 07:48:26
1169,34,Dadri and Nagar Haveli,1,,2016-08-26 07:48:26,2016-08-26 07:48:26
1170,34,Deoria,1,,2016-08-26 07:48:26,2016-08-26 07:48:26
1171,34,Etawah,1,,2016-08-26 07:48:26,2016-08-26 07:48:26
1172,34,Fatehabad,1,,2016-08-26 07:48:26,2016-08-26 07:48:26
1173,34,Fatehpur,1,,2016-08-26 07:48:26,2016-08-26 07:48:26
1174,34,Fatehpur,1,,2016-08-26 07:48:26,2016-08-26 07:48:26
1175,34,Greater Noida,1,,2016-08-26 07:48:26,2016-08-26 07:48:26
1176,34,Hamirpur,1,,2016-08-26 07:48:26,2016-08-26 07:48:26
1177,34,Hardoi,1,,2016-08-26 07:48:26,2016-08-26 07:48:26
1178,34,Jajmau,1,,2016-08-26 07:48:26,2016-08-26 07:48:26
1179,34,Jaunpur,1,,2016-08-26 07:48:26,2016-08-26 07:48:26
1180,34,Jhansi,1,,2016-08-26 07:48:26,2016-08-26 07:48:26
1181,34,Kalpi,1,,2016-08-26 07:48:26,2016-08-26 07:48:26
1182,34,Kanpur,1,,2016-08-26 07:48:26,2016-08-26 07:48:26
1183,34,Kota,1,,2016-08-26 07:48:26,2016-08-26 07:48:26
1184,34,Laharpur,1,,2016-08-26 07:48:26,2016-08-26 07:48:26
1185,34,Lakhimpur,1,,2016-08-26 07:48:26,2016-08-26 07:48:26
1186,34,Lal Gopalganj Nindaura,1,,2016-08-26 07:48:26,2016-08-26 07:48:26
1187,34,Lalganj,1,,2016-08-26 07:48:26,2016-08-26 07:48:26
1188,34,Lalitpur,1,,2016-08-26 07:48:26,2016-08-26 07:48:26
1189,34,Lar,1,,2016-08-26 07:48:26,2016-08-26 07:48:26
1190,34,Loni,1,,2016-08-26 07:48:26,2016-08-26 07:48:26
1191,34,Lucknow,1,,2016-08-26 07:48:26,2016-08-26 07:48:26
1192,34,Mathura,1,,2016-08-26 07:48:26,2016-08-26 07:48:26
1193,34,Meerut,1,,2016-08-26 07:48:26,2016-08-26 07:48:26
1194,34,Modinagar,1,,2016-08-26 07:48:26,2016-08-26 07:48:26
1195,34,Muradnagar,1,,2016-08-26 07:48:26,2016-08-26 07:48:26
1196,34,Nagina,1,,2016-08-26 07:48:26,2016-08-26 07:48:26
1197,34,Najibabad,1,,2016-08-26 07:48:26,2016-08-26 07:48:26
1198,34,Nakur,1,,2016-08-26 07:48:26,2016-08-26 07:48:26
1199,34,Nanpara,1,,2016-08-26 07:48:26,2016-08-26 07:48:26
1200,34,Naraura,1,,2016-08-26 07:48:26,2016-08-26 07:48:26
1201,34,Naugawan Sadat,1,,2016-08-26 07:48:26,2016-08-26 07:48:26
1202,34,Nautanwa,1,,2016-08-26 07:48:26,2016-08-26 07:48:26
1203,34,Nawabganj,1,,2016-08-26 07:48:26,2016-08-26 07:48:26
1204,34,Nehtaur,1,,2016-08-26 07:48:26,2016-08-26 07:48:26
1205,34,NOIDA,1,,2016-08-26 07:48:26,2016-08-26 07:48:26
1206,34,Noorpur,1,,2016-08-26 07:48:26,2016-08-26 07:48:26
1207,34,Obra,1,,2016-08-26 07:48:26,2016-08-26 07:48:26
1208,34,Orai,1,,2016-08-26 07:48:26,2016-08-26 07:48:26
1209,34,Padrauna,1,,2016-08-26 07:48:26,2016-08-26 07:48:26
1210,34,Palia Kalan,1,,2016-08-26 07:48:26,2016-08-26 07:48:26
1211,34,Parasi,1,,2016-08-26 07:48:26,2016-08-26 07:48:26
1212,34,Phulpur,1,,2016-08-26 07:48:26,2016-08-26 07:48:26
1213,34,Pihani,1,,2016-08-26 07:48:26,2016-08-26 07:48:26
1214,34,Pilibhit,1,,2016-08-26 07:48:26,2016-08-26 07:48:26
1215,34,Pilkhuwa,1,,2016-08-26 07:48:26,2016-08-26 07:48:26
1216,34,Powayan,1,,2016-08-26 07:48:26,2016-08-26 07:48:26
1217,34,Pukhrayan,1,,2016-08-26 07:48:26,2016-08-26 07:48:26
1218,34,Puranpur,1,,2016-08-26 07:48:26,2016-08-26 07:48:26
1219,34,Purquazi,1,,2016-08-26 07:48:26,2016-08-26 07:48:26
1220,34,Purwa,1,,2016-08-26 07:48:26,2016-08-26 07:48:26
1221,34,Rae Bareli,1,,2016-08-26 07:48:26,2016-08-26 07:48:26
1222,34,Rampur,1,,2016-08-26 07:48:26,2016-08-26 07:48:26
1223,34,Rampur Maniharan,1,,2016-08-26 07:48:26,2016-08-26 07:48:26
1224,34,Rasra,1,,2016-08-26 07:48:26,2016-08-26 07:48:26
1225,34,Rath,1,,2016-08-26 07:48:26,2016-08-26 07:48:26
1226,34,Renukoot,1,,2016-08-26 07:48:26,2016-08-26 07:48:26
1227,34,Reoti,1,,2016-08-26 07:48:26,2016-08-26 07:48:26
1228,34,Robertsganj,1,,2016-08-26 07:48:26,2016-08-26 07:48:26
1229,34,Rudauli,1,,2016-08-26 07:48:26,2016-08-26 07:48:26
1230,34,Rudrapur,1,,2016-08-26 07:48:26,2016-08-26 07:48:26
1231,34,Sadabad,1,,2016-08-26 07:48:26,2016-08-26 07:48:26
1232,34,Safipur,1,,2016-08-26 07:48:26,2016-08-26 07:48:26
1233,34,Saharanpur,1,,2016-08-26 07:48:26,2016-08-26 07:48:26
1234,34,Sahaspur,1,,2016-08-26 07:48:26,2016-08-26 07:48:26
1235,34,Sahaswan,1,,2016-08-26 07:48:26,2016-08-26 07:48:26
1236,34,Sahawar,1,,2016-08-26 07:48:26,2016-08-26 07:48:26
1237,34,Sahjanwa,1,,2016-08-26 07:48:26,2016-08-26 07:48:26
1238,34,Sambhal,1,,2016-08-26 07:48:26,2016-08-26 07:48:26
1239,34,Samdhan,1,,2016-08-26 07:48:26,2016-08-26 07:48:26
1240,34,Samthar,1,,2016-08-26 07:48:26,2016-08-26 07:48:26
1241,34,Sandi,1,,2016-08-26 07:48:26,2016-08-26 07:48:26
1242,34,Sandila,1,,2016-08-26 07:48:26,2016-08-26 07:48:26
1243,34,Sardhana,1,,2016-08-26 07:48:26,2016-08-26 07:48:26
1244,34,Seohara,1,,2016-08-26 07:48:26,2016-08-26 07:48:26
1245,34,Shahganj,1,,2016-08-26 07:48:26,2016-08-26 07:48:26
1246,34,Shahjahanpur,1,,2016-08-26 07:48:26,2016-08-26 07:48:26
1247,34,Shamli,1,,2016-08-26 07:48:26,2016-08-26 07:48:26
1248,34,Sherkot,1,,2016-08-26 07:48:26,2016-08-26 07:48:26
1249,34,Shikohabad,1,,2016-08-26 07:48:26,2016-08-26 07:48:26
1250,34,Shishgarh,1,,2016-08-26 07:48:26,2016-08-26 07:48:26
1251,34,Siana,1,,2016-08-26 07:48:26,2016-08-26 07:48:26
1252,34,Sikanderpur,1,,2016-08-26 07:48:26,2016-08-26 07:48:26
1253,34,Sikandra Rao,1,,2016-08-26 07:48:26,2016-08-26 07:48:26
1254,34,Sikandrabad,1,,2016-08-26 07:48:26,2016-08-26 07:48:26
1255,34,Sirsaganj,1,,2016-08-26 07:48:26,2016-08-26 07:48:26
1256,34,Sirsi,1,,2016-08-26 07:48:26,2016-08-26 07:48:26
1257,34,Sitapur,1,,2016-08-26 07:48:26,2016-08-26 07:48:26
1258,34,Soron,1,,2016-08-26 07:48:26,2016-08-26 07:48:26
1259,34,Suar,1,,2016-08-26 07:48:26,2016-08-26 07:48:26
1260,34,Sultanpur,1,,2016-08-26 07:48:26,2016-08-26 07:48:26
1261,34,Sumerpur,1,,2016-08-26 07:48:26,2016-08-26 07:48:26
1262,34,Tanda,1,,2016-08-26 07:48:26,2016-08-26 07:48:26
1263,34,Tanda,1,,2016-08-26 07:48:26,2016-08-26 07:48:26
1264,34,Tetri Bazar,1,,2016-08-26 07:48:26,2016-08-26 07:48:26
1265,34,Thakurdwara,1,,2016-08-26 07:48:26,2016-08-26 07:48:26
1266,34,Thana Bhawan,1,,2016-08-26 07:48:26,2016-08-26 07:48:26
1267,34,Tilhar,1,,2016-08-26 07:48:26,2016-08-26 07:48:26
1268,34,Tirwaganj,1,,2016-08-26 07:48:26,2016-08-26 07:48:26
1269,34,Tulsipur,1,,2016-08-26 07:48:26,2016-08-26 07:48:26
1270,34,Tundla,1,,2016-08-26 07:48:26,2016-08-26 07:48:26
1271,34,Unnao,1,,2016-08-26 07:48:26,2016-08-26 07:48:26
1272,34,Utraula,1,,2016-08-26 07:48:26,2016-08-26 07:48:26
1273,34,Varanasi,1,,2016-08-26 07:48:26,2016-08-26 07:48:26
1274,34,Vrindavan,1,,2016-08-26 07:48:26,2016-08-26 07:48:26
1275,34,Warhapur,1,,2016-08-26 07:48:26,2016-08-26 07:48:26
1276,34,Zaidpur,1,,2016-08-26 07:48:26,2016-08-26 07:48:26
1277,34,Zamania,1,,2016-08-26 07:48:26,2016-08-26 07:48:26
1278,35,Calcutta,1,,2016-08-26 07:48:26,2016-08-26 07:48:26
1279,35,Alipurduar,1,,2016-08-26 07:48:26,2016-08-26 07:48:26
1280,35,Arambagh,1,,2016-08-26 07:48:26,2016-08-26 07:48:26
1281,35,Asansol,1,,2016-08-26 07:48:26,2016-08-26 07:48:26
1282,35,Baharampur,1,,2016-08-26 07:48:26,2016-08-26 07:48:26
1283,35,Bally,1,,2016-08-26 07:48:26,2016-08-26 07:48:26
1284,35,Balurghat,1,,2016-08-26 07:48:26,2016-08-26 07:48:26
1285,35,Bankura,1,,2016-08-26 07:48:26,2016-08-26 07:48:26
1286,35,Barakar,1,,2016-08-26 07:48:26,2016-08-26 07:48:26
1287,35,Barasat,1,,2016-08-26 07:48:26,2016-08-26 07:48:26
1288,35,Bardhaman,1,,2016-08-26 07:48:26,2016-08-26 07:48:26
1289,35,Bidhan Nagar,1,,2016-08-26 07:48:26,2016-08-26 07:48:26
1290,35,Chinsura,1,,2016-08-26 07:48:26,2016-08-26 07:48:26
1291,35,Contai,1,,2016-08-26 07:48:26,2016-08-26 07:48:26
1292,35,Cooch Behar,1,,2016-08-26 07:48:26,2016-08-26 07:48:26
1293,35,Darjeeling,1,,2016-08-26 07:48:26,2016-08-26 07:48:26
1294,35,Durgapur,1,,2016-08-26 07:48:26,2016-08-26 07:48:26
1295,35,Haldia,1,,2016-08-26 07:48:26,2016-08-26 07:48:26
1296,35,Howrah,1,,2016-08-26 07:48:26,2016-08-26 07:48:26
1297,35,Islampur,1,,2016-08-26 07:48:26,2016-08-26 07:48:26
1298,35,Jhargram,1,,2016-08-26 07:48:26,2016-08-26 07:48:26
1299,35,Kharagpur,1,,2016-08-26 07:48:26,2016-08-26 07:48:26
1300,35,Kolkata,1,,2016-08-26 07:48:26,2016-08-26 07:48:26
1301,35,Mainaguri,1,,2016-08-26 07:48:26,2016-08-26 07:48:26
1302,35,Mal,1,,2016-08-26 07:48:26,2016-08-26 07:48:26
1303,35,Mathabhanga,1,,2016-08-26 07:48:26,2016-08-26 07:48:26
1304,35,Medinipur,1,,2016-08-26 07:48:26,2016-08-26 07:48:26
1305,35,Memari,1,,2016-08-26 07:48:26,2016-08-26 07:48:26
1306,35,Monoharpur,1,,2016-08-26 07:48:26,2016-08-26 07:48:26
1307,35,Murshidabad,1,,2016-08-26 07:48:26,2016-08-26 07:48:26
1308,35,Nabadwip,1,,2016-08-26 07:48:26,2016-08-26 07:48:26
1309,35,Naihati,1,,2016-08-26 07:48:26,2016-08-26 07:48:26
1310,35,Panchla,1,,2016-08-26 07:48:26,2016-08-26 07:48:26
1311,35,Pandua,1,,2016-08-26 07:48:26,2016-08-26 07:48:26
1312,35,Paschim Punropara,1,,2016-08-26 07:48:26,2016-08-26 07:48:26
1313,35,Purulia,1,,2016-08-26 07:48:26,2016-08-26 07:48:26
1314,35,Raghunathpur,1,,2016-08-26 07:48:26,2016-08-26 07:48:26
1315,35,Raiganj,1,,2016-08-26 07:48:26,2016-08-26 07:48:26
1316,35,Rampurhat,1,,2016-08-26 07:48:26,2016-08-26 07:48:26
1317,35,Ranaghat,1,,2016-08-26 07:48:26,2016-08-26 07:48:26
1318,35,Sainthia,1,,2016-08-26 07:48:26,2016-08-26 07:48:26
1319,35,Santipur,1,,2016-08-26 07:48:26,2016-08-26 07:48:26
1320,35,Siliguri,1,,2016-08-26 07:48:26,2016-08-26 07:48:26
1321,35,Sonamukhi,1,,2016-08-26 07:48:26,2016-08-26 07:48:26
1322,35,Srirampore,1,,2016-08-26 07:48:26,2016-08-26 07:48:26
1323,35,Suri,1,,2016-08-26 07:48:26,2016-08-26 07:48:26
1324,35,Taki,1,,2016-08-26 07:48:26,2016-08-26 07:48:26
1325,35,Tamluk,1,,2016-08-26 07:48:26,2016-08-26 07:48:26
1326,35,Tarakeswar,1,,2016-08-26 07:48:26,2016-08-26 07:48:26
1328,10,Delhi,1,,2016-08-26 07:48:26,2016-08-26 07:48:26
1329,11,Aldona,1,,2016-08-26 07:48:26,2016-08-26 07:48:26
1330,11,Curchorem Cacora,1,,2016-08-26 07:48:26,2016-08-26 07:48:26
1331,11,Madgaon,1,,2016-08-26 07:48:26,2016-08-26 07:48:26
1332,11,Mapusa,1,,2016-08-26 07:48:26,2016-08-26 07:48:26
1333,11,Margao,1,,2016-08-26 07:48:26,2016-08-26 07:48:26
1334,11,Marmagao,1,,2016-08-26 07:48:26,2016-08-26 07:48:26
1335,11,Panaji,1,,2016-08-26 07:48:26,2016-08-26 07:48:26
1336,27,Karaikal,1,,2016-08-26 07:48:26,2016-08-26 07:48:26
1337,27,Mahe,1,,2016-08-26 07:48:26,2016-08-26 07:48:26
1338,27,Pondicherry,1,,2016-08-26 07:48:26,2016-08-26 07:48:26
1339,27,Yanam,1,,2016-08-26 07:48:26,2016-08-26 07:48:26
1340,16,Amlabad,1,,2016-08-26 07:48:26,2016-08-26 07:48:26
1341,16,Ara,1,,2016-08-26 07:48:26,2016-08-26 07:48:26
1342,16,Barughutu,1,,2016-08-26 07:48:26,2016-08-26 07:48:26
1343,16,Bokaro Steel City,1,,2016-08-26 07:48:26,2016-08-26 07:48:26
1344,16,Chaibasa,1,,2016-08-26 07:48:26,2016-08-26 07:48:26
1345,16,Chakradharpur,1,,2016-08-26 07:48:26,2016-08-26 07:48:26
1346,16,Chandrapura,1,,2016-08-26 07:48:26,2016-08-26 07:48:26
1347,16,Chatra,1,,2016-08-26 07:48:26,2016-08-26 07:48:26
1348,16,Chirkunda,1,,2016-08-26 07:48:26,2016-08-26 07:48:26
1349,16,Churi,1,,2016-08-26 07:48:26,2016-08-26 07:48:26
1350,16,Daltonganj,1,,2016-08-26 07:48:26,2016-08-26 07:48:26
1351,16,Deoghar,1,,2016-08-26 07:48:26,2016-08-26 07:48:26
1352,16,Dhanbad,1,,2016-08-26 07:48:26,2016-08-26 07:48:26
1353,16,Dumka,1,,2016-08-26 07:48:26,2016-08-26 07:48:26
1354,16,Garhwa,1,,2016-08-26 07:48:26,2016-08-26 07:48:26
1355,16,Ghatshila,1,,2016-08-26 07:48:26,2016-08-26 07:48:26
1356,16,Giridih,1,,2016-08-26 07:48:26,2016-08-26 07:48:26
1357,16,Godda,1,,2016-08-26 07:48:26,2016-08-26 07:48:26
1358,16,Gomoh,1,,2016-08-26 07:48:26,2016-08-26 07:48:26
1359,16,Gumia,1,,2016-08-26 07:48:26,2016-08-26 07:48:26
1360,16,Gumla,1,,2016-08-26 07:48:26,2016-08-26 07:48:26
1361,16,Hazaribag,1,,2016-08-26 07:48:26,2016-08-26 07:48:26
1362,16,Hussainabad,1,,2016-08-26 07:48:26,2016-08-26 07:48:26
1363,16,Jamshedpur,1,,2016-08-26 07:48:26,2016-08-26 07:48:26
1364,16,Jamtara,1,,2016-08-26 07:48:26,2016-08-26 07:48:26
1365,16,Jhumri Tilaiya,1,,2016-08-26 07:48:26,2016-08-26 07:48:26
1366,16,Khunti,1,,2016-08-26 07:48:26,2016-08-26 07:48:26
1367,16,Lohardaga,1,,2016-08-26 07:48:26,2016-08-26 07:48:26
1368,16,Madhupur,1,,2016-08-26 07:48:26,2016-08-26 07:48:26
1369,16,Mihijam,1,,2016-08-26 07:48:26,2016-08-26 07:48:26
1370,16,Musabani,1,,2016-08-26 07:48:26,2016-08-26 07:48:26
1371,16,Pakaur,1,,2016-08-26 07:48:26,2016-08-26 07:48:26
1372,16,Patratu,1,,2016-08-26 07:48:26,2016-08-26 07:48:26
1373,16,Phusro,1,,2016-08-26 07:48:26,2016-08-26 07:48:26
1374,16,Ramngarh,1,,2016-08-26 07:48:26,2016-08-26 07:48:26
1375,16,Ranchi,1,,2016-08-26 07:48:26,2016-08-26 07:48:26
1376,16,Sahibganj,1,,2016-08-26 07:48:26,2016-08-26 07:48:26
1377,16,Saunda,1,,2016-08-26 07:48:26,2016-08-26 07:48:26
1378,16,Simdega,1,,2016-08-26 07:48:26,2016-08-26 07:48:26
1379,16,Tenu Dam-cum- Kathhara,1,,2016-08-26 07:48:26,2016-08-26 07:48:26
1380,7,Ahiwara,1,,2016-08-26 07:48:26,2016-08-26 07:48:26
1381,7,Akaltara,1,,2016-08-26 07:48:26,2016-08-26 07:48:26
1382,7,Ambagarh Chowki,1,,2016-08-26 07:48:26,2016-08-26 07:48:26
1383,7,Ambikapur,1,,2016-08-26 07:48:26,2016-08-26 07:48:26
1384,7,Arang,1,,2016-08-26 07:48:26,2016-08-26 07:48:26
1385,7,Bade Bacheli,1,,2016-08-26 07:48:26,2016-08-26 07:48:26
1386,7,Balod,1,,2016-08-26 07:48:26,2016-08-26 07:48:26
1387,7,Baloda Bazar,1,,2016-08-26 07:48:26,2016-08-26 07:48:26
1388,7,Bemetra,1,,2016-08-26 07:48:26,2016-08-26 07:48:26
1389,7,Bhatapara,1,,2016-08-26 07:48:26,2016-08-26 07:48:26
1390,7,Bilaspur,1,,2016-08-26 07:48:26,2016-08-26 07:48:26
1391,7,Birgaon,1,,2016-08-26 07:48:26,2016-08-26 07:48:26
1392,7,Champa,1,,2016-08-26 07:48:26,2016-08-26 07:48:26
1393,7,Chirmiri,1,,2016-08-26 07:48:26,2016-08-26 07:48:26
1394,7,Dalli-Rajhara,1,,2016-08-26 07:48:26,2016-08-26 07:48:26
1395,7,Dhamtari,1,,2016-08-26 07:48:26,2016-08-26 07:48:26
1396,7,Dipka,1,,2016-08-26 07:48:26,2016-08-26 07:48:26
1397,7,Dongargarh,1,,2016-08-26 07:48:26,2016-08-26 07:48:26
1398,7,Durg-Bhilai Nagar,1,,2016-08-26 07:48:26,2016-08-26 07:48:26
1399,7,Gobranawapara,1,,2016-08-26 07:48:26,2016-08-26 07:48:26
1400,7,Jagdalpur,1,,2016-08-26 07:48:26,2016-08-26 07:48:26
1401,7,Janjgir,1,,2016-08-26 07:48:26,2016-08-26 07:48:26
1402,7,Jashpurnagar,1,,2016-08-26 07:48:26,2016-08-26 07:48:26
1403,7,Kanker,1,,2016-08-26 07:48:26,2016-08-26 07:48:26
1404,7,Kawardha,1,,2016-08-26 07:48:26,2016-08-26 07:48:26
1405,7,Kondagaon,1,,2016-08-26 07:48:26,2016-08-26 07:48:26
1406,7,Korba,1,,2016-08-26 07:48:26,2016-08-26 07:48:26
1407,7,Mahasamund,1,,2016-08-26 07:48:26,2016-08-26 07:48:26
1408,7,Mahendragarh,1,,2016-08-26 07:48:26,2016-08-26 07:48:26
1409,7,Mungeli,1,,2016-08-26 07:48:26,2016-08-26 07:48:26
1410,7,Naila Janjgir,1,,2016-08-26 07:48:26,2016-08-26 07:48:26
1411,7,Raigarh,1,,2016-08-26 07:48:26,2016-08-26 07:48:26
1412,7,Raipur,1,,2016-08-26 07:48:26,2016-08-26 07:48:26
1413,7,Rajnandgaon,1,,2016-08-26 07:48:26,2016-08-26 07:48:26
1414,7,Sakti,1,,2016-08-26 07:48:26,2016-08-26 07:48:26
1415,7,Tilda Newra,1,,2016-08-26 07:48:26,2016-08-26 07:48:26
1416,33,Nainital,1,,2016-08-26 07:48:26,2016-08-26 07:48:26
1417,33,Almora,1,,2016-08-26 07:48:26,2016-08-26 07:48:26
1418,33,Pitoragarh,1,,2016-08-26 07:48:26,2016-08-26 07:48:26
1419,33,Udhamsingh Nagar,1,,2016-08-26 07:48:26,2016-08-26 07:48:26
1420,33,Bageshwar,1,,2016-08-26 07:48:26,2016-08-26 07:48:26
1421,33,Champawat,1,,2016-08-26 07:48:26,2016-08-26 07:48:26
1422,33,Garhwal(Pauri),1,,2016-08-26 07:48:26,2016-08-26 07:48:26
1423,33,Tehri-Garhwal,1,,2016-08-26 07:48:26,2016-08-26 07:48:26
1424,33,Chamoli( Gopeshwar ),1,,2016-08-26 07:48:26,2016-08-26 07:48:26
1425,33,Uttarkashi,1,,2016-08-26 07:48:26,2016-08-26 07:48:26
1426,33,Dehradun,1,,2016-08-26 07:48:26,2016-08-26 07:48:26
1427,33,Rudraprayag,1,,2016-08-26 07:48:26,2016-08-26 07:48:26
1428,33,Haridwar,1,,2016-08-26 07:48:26,2016-08-26 07:48:26
1429,9,Dama,1,,2016-08-26 07:48:26,2016-08-26 07:48:26
1430,9,Diu,1,,2016-08-26 07:48:26,2016-08-26 07:48:26
1431,3,Andaman,1,,2016-08-26 07:48:26,2016-08-26 07:48:26
1432,3,Nicobar,1,,2016-08-26 07:48:26,2016-08-26 07:48:26
1433,3,Lakshadweep,1,,2016-08-26 07:48:26,2016-08-26 07:48:26
1435,10,Delhi NCR,1,,2016-08-26 07:48:26,2016-08-26 07:48:26
1436,19,Lakshadeep,1,,2016-08-26 07:48:26,2016-08-26 07:48:26
1437,8,Dadar AND Nagar Haveli,1,,2016-08-26 07:48:26,2016-08-26 07:48:26
1438,34,Gorakhpur,1,,2018-05-02 17:20:26,
