id,month_year,state_board_id,port_board_id,commodities_group_wise_id,ov_ul_if,ov_ul_ff,ov_l_if,ov_l_ff,ov_total,co_ul_if,co_ul_ff,co_l_if,co_l_ff,co_total,grand_total,status,approved_on,created_on,modified_on,created_by_user_id,updated_by_user_id,data_updated_no_of_times,last_data_updated_on,last_data_updated_by_user_id
1,2017-04-01 00:00:00,10,31,1,0.000,0.000,0.000,0.000,0.000,0.000,0.000,0.000,0.000,0.000,0.000,Approved,2018-01-17 11:20:16,2017-05-04 12:45:43,2018-01-17 11:20:16,53,59,0,,
2,2017-04-01 00:00:00,10,31,2,0.000,0.000,0.000,0.000,0.000,0.000,0.000,0.000,0.000,0.000,0.000,Approved,2018-01-17 11:20:16,2017-05-04 12:45:43,2018-01-17 11:20:16,53,59,0,,
3,2017-04-01 00:00:00,10,31,3,0.000,0.000,0.000,0.000,0.000,0.000,0.000,0.000,0.000,0.000,0.000,Approved,2018-01-17 11:20:16,2017-05-04 12:45:43,2018-01-17 11:20:16,53,59,0,,
4,2017-04-01 00:00:00,10,31,4,0.000,0.000,0.000,0.000,0.000,0.000,0.000,0.000,0.000,0.000,0.000,Approved,2018-01-17 11:20:16,2017-05-04 12:45:43,2018-01-17 11:20:16,53,59,0,,
5,2017-04-01 00:00:00,10,31,5,0.000,0.000,0.000,0.000,0.000,0.000,0.000,0.000,0.000,0.000,0.000,Approved,2018-01-17 11:20:16,2017-05-04 12:45:43,2018-01-17 11:20:16,53,59,0,,
6,2017-04-01 00:00:00,10,31,6,0.000,0.000,0.000,0.000,0.000,0.000,0.000,0.000,0.000,0.000,0.000,Approved,2018-01-17 11:20:16,2017-05-04 12:45:43,2018-01-17 11:20:16,53,59,0,,
7,2017-04-01 00:00:00,10,31,7,0.000,0.000,0.000,0.000,0.000,0.000,0.000,0.000,0.000,0.000,0.000,Approved,2018-01-17 11:20:16,2017-05-04 12:45:43,2018-01-17 11:20:16,53,59,0,,
8,2017-04-01 00:00:00,10,31,8,0.000,0.000,0.000,0.000,0.000,0.000,0.000,0.000,0.000,0.000,0.000,Approved,2018-01-17 11:20:16,2017-05-04 12:45:43,2018-01-17 11:20:16,53,59,0,,
9,2017-04-01 00:00:00,10,31,9,0.000,0.000,0.000,0.000,0.000,0.000,0.000,0.000,0.000,0.000,0.000,Approved,2018-01-17 11:20:16,2017-05-04 12:45:43,2018-01-17 11:20:16,53,59,0,,
10,2017-04-01 00:00:00,10,31,10,0.000,0.000,0.000,0.000,0.000,0.000,0.000,0.000,0.000,0.000,0.000,Approved,2018-01-17 11:20:16,2017-05-04 12:45:43,2018-01-17 11:20:16,53,59,0,,
11,2017-04-01 00:00:00,10,31,11,0.000,0.000,0.000,0.000,0.000,0.000,0.000,0.000,0.000,0.000,0.000,Approved,2018-01-17 11:20:16,2017-05-04 12:45:43,2018-01-17 11:20:16,53,59,0,,
12,2017-04-01 00:00:00,10,31,12,0.000,0.000,0.000,0.000,0.000,0.000,0.000,0.000,0.000,0.000,0.000,Approved,2018-01-17 11:20:16,2017-05-04 12:45:43,2018-01-17 11:20:16,53,59,0,,
13,2017-04-01 00:00:00,10,33,1,0.000,1.000,0.000,0.000,1.000,0.000,0.000,0.000,0.000,0.000,1.000,Approved,2017-05-05 16:46:04,2017-05-05 16:35:36,2017-05-05 16:46:04,52,56,0,,
14,2017-04-01 00:00:00,10,33,2,0.000,0.000,0.000,0.000,0.000,0.000,0.000,0.000,0.000,0.000,0.000,Approved,2017-05-05 16:46:04,2017-05-05 16:35:36,2017-05-05 16:46:04,52,56,0,,
15,2017-04-01 00:00:00,10,33,3,0.000,0.000,0.000,0.000,0.000,0.000,0.000,0.000,0.000,0.000,0.000,Approved,2017-05-05 16:46:04,2017-05-05 16:35:36,2017-05-05 16:46:04,52,56,0,,
16,2017-04-01 00:00:00,10,33,4,0.000,0.000,0.000,0.000,0.000,0.000,0.000,0.000,0.000,0.000,0.000,Approved,2017-05-05 16:46:04,2017-05-05 16:35:36,2017-05-05 16:46:04,52,56,0,,
17,2017-04-01 00:00:00,10,33,5,0.000,0.000,0.000,0.000,0.000,0.000,0.000,0.000,0.000,0.000,0.000,Approved,2017-05-05 16:46:04,2017-05-05 16:35:36,2017-05-05 16:46:04,52,56,0,,
18,2017-04-01 00:00:00,10,33,6,0.000,0.000,0.000,0.000,0.000,0.000,0.000,0.000,0.000,0.000,0.000,Approved,2017-05-05 16:46:04,2017-05-05 16:35:36,2017-05-05 16:46:04,52,56,0,,
19,2017-04-01 00:00:00,10,33,7,0.000,0.000,0.000,0.000,0.000,0.000,0.000,0.000,0.000,0.000,0.000,Approved,2017-05-05 16:46:04,2017-05-05 16:35:36,2017-05-05 16:46:04,52,56,0,,
20,2017-04-01 00:00:00,10,33,8,0.000,0.000,0.000,0.000,0.000,0.000,0.000,0.000,0.000,0.000,0.000,Approved,2017-05-05 16:46:04,2017-05-05 16:35:36,2017-05-05 16:46:04,52,56,0,,
21,2017-04-01 00:00:00,10,33,9,0.000,0.000,0.000,0.000,0.000,0.000,0.000,0.000,0.000,0.000,0.000,Approved,2017-05-05 16:46:04,2017-05-05 16:35:36,2017-05-05 16:46:04,52,56,0,,
22,2017-04-01 00:00:00,10,33,10,0.000,0.000,0.000,0.000,0.000,0.000,0.000,0.000,0.000,0.000,0.000,Approved,2017-05-05 16:46:04,2017-05-05 16:35:36,2017-05-05 16:46:04,52,56,0,,
23,2017-04-01 00:00:00,10,33,11,0.000,0.000,0.000,0.000,0.000,0.000,0.000,0.000,0.000,0.000,0.000,Approved,2017-05-05 16:46:04,2017-05-05 16:35:36,2017-05-05 16:46:04,52,56,0,,
24,2017-04-01 00:00:00,10,33,12,0.000,0.000,0.000,0.000,0.000,0.000,0.000,0.000,0.000,0.000,0.000,Approved,2017-05-05 16:46:04,2017-05-05 16:35:36,2017-05-05 16:46:04,52,56,0,,
25,2016-06-01 00:00:00,10,33,1,0.000,2940.000,0.000,0.000,2940.000,0.000,0.000,0.000,0.000,0.000,2940.000,Approved,2017-12-18 12:14:35,2017-05-05 16:49:56,2017-12-18 12:14:35,52,56,0,,
26,2016-06-01 00:00:00,10,33,2,0.000,0.000,0.000,0.000,0.000,0.000,0.000,0.000,0.000,0.000,0.000,Approved,2017-12-18 12:14:35,2017-05-05 16:49:56,2017-12-18 12:14:35,52,56,0,,
27,2016-06-01 00:00:00,10,33,3,0.000,0.000,0.000,0.000,0.000,0.000,0.000,0.000,0.000,0.000,0.000,Approved,2017-12-18 12:14:35,2017-05-05 16:49:56,2017-12-18 12:14:35,52,56,0,,
28,2016-06-01 00:00:00,10,33,4,0.000,0.000,0.000,0.000,0.000,0.000,0.000,0.000,0.000,0.000,0.000,Approved,2017-12-18 12:14:35,2017-05-05 16:49:56,2017-12-18 12:14:35,52,56,0,,
29,2016-06-01 00:00:00,10,33,5,0.000,0.000,0.000,0.000,0.000,0.000,0.000,0.000,0.000,0.000,0.000,Approved,2017-12-18 12:14:35,2017-05-05 16:49:56,2017-12-18 12:14:35,52,56,0,,
30,2016-06-01 00:00:00,10,33,6,0.000,0.000,0.000,0.000,0.000,0.000,0.000,0.000,0.000,0.000,0.000,Approved,2017-12-18 12:14:35,2017-05-05 16:49:56,2017-12-18 12:14:35,52,56,0,,
31,2016-06-01 00:00:00,10,33,7,0.000,0.000,0.000,0.000,0.000,0.000,0.000,0.000,0.000,0.000,0.000,Approved,2017-12-18 12:14:35,2017-05-05 16:49:56,2017-12-18 12:14:35,52,56,0,,
32,2016-06-01 00:00:00,10,33,8,0.000,0.000,0.000,0.000,0.000,0.000,0.000,0.000,0.000,0.000,0.000,Approved,2017-12-18 12:14:35,2017-05-05 16:49:56,2017-12-18 12:14:35,52,56,0,,
33,2016-06-01 00:00:00,10,33,9,0.000,0.000,0.000,0.000,0.000,0.000,0.000,0.000,0.000,0.000,0.000,Approved,2017-12-18 12:14:35,2017-05-05 16:49:56,2017-12-18 12:14:35,52,56,0,,
34,2016-06-01 00:00:00,10,33,10,0.000,0.000,0.000,0.000,0.000,0.000,0.000,0.000,0.000,0.000,0.000,Approved,2017-12-18 12:14:35,2017-05-05 16:49:56,2017-12-18 12:14:35,52,56,0,,
35,2016-06-01 00:00:00,10,33,11,0.000,0.000,0.000,0.000,0.000,0.000,0.000,0.000,0.000,0.000,0.000,Approved,2017-12-18 12:14:35,2017-05-05 16:49:56,2017-12-18 12:14:35,52,56,0,,
36,2016-06-01 00:00:00,10,33,12,0.000,0.000,0.000,0.000,0.000,0.000,0.000,0.000,0.000,0.000,0.000,Approved,2017-12-18 12:14:35,2017-05-05 16:49:56,2017-12-18 12:14:35,52,56,0,,
37,2016-11-01 00:00:00,10,33,1,0.000,1.000,0.000,0.000,1.000,0.000,0.000,0.000,0.000,0.000,1.000,Approved,2017-12-18 16:20:20,2017-05-05 16:51:02,,52,,0,,
38,2016-11-01 00:00:00,10,33,2,0.000,0.000,0.000,0.000,0.000,0.000,0.000,0.000,0.000,0.000,0.000,Approved,2017-12-18 16:20:20,2017-05-05 16:51:02,,52,,0,,
39,2016-11-01 00:00:00,10,33,3,0.000,0.000,0.000,0.000,0.000,0.000,0.000,0.000,0.000,0.000,0.000,Approved,2017-12-18 16:20:20,2017-05-05 16:51:02,,52,,0,,
40,2016-11-01 00:00:00,10,33,4,0.000,0.000,0.000,0.000,0.000,0.000,0.000,0.000,0.000,0.000,0.000,Approved,2017-12-18 16:20:20,2017-05-05 16:51:02,,52,,0,,
41,2016-11-01 00:00:00,10,33,5,0.000,0.000,0.000,0.000,0.000,0.000,0.000,0.000,0.000,0.000,0.000,Approved,2017-12-18 16:20:20,2017-05-05 16:51:02,,52,,0,,
42,2016-11-01 00:00:00,10,33,6,0.000,0.000,0.000,0.000,0.000,0.000,0.000,0.000,0.000,0.000,0.000,Approved,2017-12-18 16:20:20,2017-05-05 16:51:02,,52,,0,,
43,2016-11-01 00:00:00,10,33,7,0.000,0.000,0.000,0.000,0.000,0.000,0.000,0.000,0.000,0.000,0.000,Approved,2017-12-18 16:20:20,2017-05-05 16:51:02,,52,,0,,
44,2016-11-01 00:00:00,10,33,8,0.000,0.000,0.000,0.000,0.000,0.000,0.000,0.000,0.000,0.000,0.000,Approved,2017-12-18 16:20:20,2017-05-05 16:51:02,,52,,0,,
45,2016-11-01 00:00:00,10,33,9,0.000,0.000,0.000,0.000,0.000,0.000,0.000,0.000,0.000,0.000,0.000,Approved,2017-12-18 16:20:20,2017-05-05 16:51:02,,52,,0,,
46,2016-11-01 00:00:00,10,33,10,0.000,0.000,0.000,0.000,0.000,0.000,0.000,0.000,0.000,0.000,0.000,Approved,2017-12-18 16:20:20,2017-05-05 16:51:02,,52,,0,,
47,2016-11-01 00:00:00,10,33,11,0.000,0.000,0.000,0.000,0.000,0.000,0.000,0.000,0.000,0.000,0.000,Approved,2017-12-18 16:20:20,2017-05-05 16:51:02,,52,,0,,
48,2016-11-01 00:00:00,10,33,12,0.000,0.000,0.000,0.000,0.000,0.000,0.000,0.000,0.000,0.000,0.000,Approved,2017-12-18 16:20:20,2017-05-05 16:51:02,,52,,0,,
49,2017-01-01 00:00:00,10,33,1,0.000,2999.340,0.000,0.000,2999.340,0.000,0.000,0.000,0.000,0.000,2999.340,Approved,2017-05-05 16:57:08,2017-05-05 16:52:48,,52,,0,,
50,2017-01-01 00:00:00,10,33,2,0.000,0.000,0.000,0.000,0.000,0.000,0.000,0.000,0.000,0.000,0.000,Approved,2017-05-05 16:57:08,2017-05-05 16:52:48,,52,,0,,
51,2017-01-01 00:00:00,10,33,3,0.000,0.000,0.000,0.000,0.000,0.000,0.000,0.000,0.000,0.000,0.000,Approved,2017-05-05 16:57:08,2017-05-05 16:52:48,,52,,0,,
52,2017-01-01 00:00:00,10,33,4,0.000,0.000,0.000,0.000,0.000,0.000,0.000,0.000,0.000,0.000,0.000,Approved,2017-05-05 16:57:08,2017-05-05 16:52:48,,52,,0,,
53,2017-01-01 00:00:00,10,33,5,0.000,0.000,0.000,0.000,0.000,0.000,0.000,0.000,0.000,0.000,0.000,Approved,2017-05-05 16:57:08,2017-05-05 16:52:48,,52,,0,,
54,2017-01-01 00:00:00,10,33,6,0.000,0.000,0.000,0.000,0.000,0.000,0.000,0.000,0.000,0.000,0.000,Approved,2017-05-05 16:57:08,2017-05-05 16:52:48,,52,,0,,
55,2017-01-01 00:00:00,10,33,7,0.000,0.000,0.000,0.000,0.000,0.000,0.000,0.000,0.000,0.000,0.000,Approved,2017-05-05 16:57:08,2017-05-05 16:52:48,,52,,0,,
56,2017-01-01 00:00:00,10,33,8,0.000,0.000,0.000,0.000,0.000,0.000,0.000,0.000,0.000,0.000,0.000,Approved,2017-05-05 16:57:08,2017-05-05 16:52:48,,52,,0,,
57,2017-01-01 00:00:00,10,33,9,0.000,0.000,0.000,0.000,0.000,0.000,0.000,0.000,0.000,0.000,0.000,Approved,2017-05-05 16:57:08,2017-05-05 16:52:48,,52,,0,,
58,2017-01-01 00:00:00,10,33,10,0.000,0.000,0.000,0.000,0.000,0.000,0.000,0.000,0.000,0.000,0.000,Approved,2017-05-05 16:57:08,2017-05-05 16:52:48,,52,,0,,
59,2017-01-01 00:00:00,10,33,11,0.000,0.000,0.000,0.000,0.000,0.000,0.000,0.000,0.000,0.000,0.000,Approved,2017-05-05 16:57:08,2017-05-05 16:52:48,,52,,0,,
60,2017-01-01 00:00:00,10,33,12,0.000,0.000,0.000,0.000,0.000,0.000,0.000,0.000,0.000,0.000,0.000,Approved,2017-05-05 16:57:08,2017-05-05 16:52:48,,52,,0,,
61,2017-04-01 00:00:00,3,27,1,0.000,0.000,0.000,0.000,0.000,0.000,0.000,0.000,0.000,0.000,0.000,Approved,2017-11-24 12:43:15,2017-05-23 14:04:08,,68,,0,,
62,2017-04-01 00:00:00,3,27,2,0.000,0.000,0.000,0.000,0.000,0.000,0.000,0.000,0.000,0.000,0.000,Approved,2017-11-24 12:43:15,2017-05-23 14:04:08,,68,,0,,
63,2017-04-01 00:00:00,3,27,3,0.000,0.000,0.000,0.000,0.000,0.000,0.000,0.000,0.000,0.000,0.000,Approved,2017-11-24 12:43:15,2017-05-23 14:04:08,,68,,0,,
64,2017-04-01 00:00:00,3,27,4,0.000,0.000,0.000,0.000,0.000,0.000,0.000,0.000,0.000,0.000,0.000,Approved,2017-11-24 12:43:15,2017-05-23 14:04:08,,68,,0,,
65,2017-04-01 00:00:00,3,27,5,0.000,0.000,0.000,0.000,0.000,0.000,0.000,0.000,0.000,0.000,0.000,Approved,2017-11-24 12:43:15,2017-05-23 14:04:08,,68,,0,,
66,2017-04-01 00:00:00,3,27,6,0.000,0.000,0.000,0.000,0.000,0.000,0.000,0.000,0.000,0.000,0.000,Approved,2017-11-24 12:43:15,2017-05-23 14:04:08,,68,,0,,
67,2017-04-01 00:00:00,3,27,7,0.000,0.000,0.000,0.000,0.000,0.000,0.000,0.000,0.000,0.000,0.000,Approved,2017-11-24 12:43:15,2017-05-23 14:04:08,,68,,0,,
68,2017-04-01 00:00:00,3,27,8,0.000,0.000,0.000,0.000,0.000,0.000,0.000,0.000,0.000,0.000,0.000,Approved,2017-11-24 12:43:15,2017-05-23 14:04:08,,68,,0,,
69,2017-04-01 00:00:00,3,27,9,0.000,0.000,0.000,0.000,0.000,0.000,0.000,0.000,0.000,0.000,0.000,Approved,2017-11-24 12:43:15,2017-05-23 14:04:08,,68,,0,,
70,2017-04-01 00:00:00,3,27,10,0.000,0.000,0.000,0.000,0.000,0.000,0.000,0.000,0.000,0.000,0.000,Approved,2017-11-24 12:43:15,2017-05-23 14:04:08,,68,,0,,
71,2017-04-01 00:00:00,3,27,11,0.000,0.000,0.000,0.000,0.000,0.000,0.000,0.000,0.000,0.000,0.000,Approved,2017-11-24 12:43:15,2017-05-23 14:04:08,,68,,0,,
72,2017-04-01 00:00:00,3,27,12,0.000,0.000,0.000,0.000,0.000,0.000,0.000,0.000,0.000,0.000,0.000,Approved,2017-11-24 12:43:15,2017-05-23 14:04:08,,68,,0,,
73,2017-03-01 00:00:00,3,27,1,0.000,0.000,0.000,0.000,0.000,0.000,0.000,0.000,0.000,0.000,0.000,Approved,2017-11-24 12:43:39,2017-05-23 14:21:57,,68,,0,,
74,2017-03-01 00:00:00,3,27,2,0.000,3000.000,0.000,0.000,3000.000,0.000,0.000,0.000,0.000,0.000,3000.000,Approved,2017-11-24 12:43:39,2017-05-23 14:21:57,,68,,0,,
75,2017-03-01 00:00:00,3,27,3,0.000,0.000,0.000,0.000,0.000,0.000,0.000,0.000,0.000,0.000,0.000,Approved,2017-11-24 12:43:39,2017-05-23 14:21:57,,68,,0,,
76,2017-03-01 00:00:00,3,27,4,0.000,0.000,0.000,0.000,0.000,0.000,0.000,0.000,0.000,0.000,0.000,Approved,2017-11-24 12:43:39,2017-05-23 14:21:57,,68,,0,,
77,2017-03-01 00:00:00,3,27,5,0.000,0.000,0.000,0.000,0.000,0.000,0.000,0.000,0.000,0.000,0.000,Approved,2017-11-24 12:43:39,2017-05-23 14:21:57,,68,,0,,
78,2017-03-01 00:00:00,3,27,6,0.000,0.000,0.000,0.000,0.000,0.000,0.000,0.000,0.000,0.000,0.000,Approved,2017-11-24 12:43:39,2017-05-23 14:21:57,,68,,0,,
79,2017-03-01 00:00:00,3,27,7,0.000,0.000,0.000,0.000,0.000,0.000,0.000,0.000,0.000,0.000,0.000,Approved,2017-11-24 12:43:39,2017-05-23 14:21:57,,68,,0,,
80,2017-03-01 00:00:00,3,27,8,0.000,0.000,0.000,0.000,0.000,0.000,0.000,0.000,0.000,0.000,0.000,Approved,2017-11-24 12:43:39,2017-05-23 14:21:57,,68,,0,,
81,2017-03-01 00:00:00,3,27,9,0.000,0.000,0.000,0.000,0.000,0.000,0.000,0.000,0.000,0.000,0.000,Approved,2017-11-24 12:43:39,2017-05-23 14:21:57,,68,,0,,
82,2017-03-01 00:00:00,3,27,10,0.000,0.000,0.000,0.000,0.000,0.000,0.000,0.000,0.000,0.000,0.000,Approved,2017-11-24 12:43:39,2017-05-23 14:21:57,,68,,0,,
83,2017-03-01 00:00:00,3,27,11,0.000,0.000,0.000,0.000,0.000,0.000,0.000,0.000,0.000,0.000,0.000,Approved,2017-11-24 12:43:39,2017-05-23 14:21:57,,68,,0,,
84,2017-03-01 00:00:00,3,27,12,0.000,0.000,0.000,0.000,0.000,0.000,0.000,0.000,0.000,0.000,0.000,Approved,2017-11-24 12:43:39,2017-05-23 14:21:57,,68,,0,,
85,2017-02-01 00:00:00,3,27,1,0.000,0.000,0.000,0.000,0.000,0.000,0.000,0.000,0.000,0.000,0.000,Approved,2017-11-24 12:43:53,2017-05-23 15:01:47,,68,,0,,
86,2017-02-01 00:00:00,3,27,2,0.000,0.000,0.000,0.000,0.000,0.000,0.000,0.000,0.000,0.000,0.000,Approved,2017-11-24 12:43:53,2017-05-23 15:01:47,,68,,0,,
87,2017-02-01 00:00:00,3,27,3,0.000,0.000,0.000,0.000,0.000,0.000,0.000,0.000,0.000,0.000,0.000,Approved,2017-11-24 12:43:53,2017-05-23 15:01:47,,68,,0,,
88,2017-02-01 00:00:00,3,27,4,0.000,0.000,0.000,0.000,0.000,0.000,0.000,0.000,0.000,0.000,0.000,Approved,2017-11-24 12:43:53,2017-05-23 15:01:47,,68,,0,,
89,2017-02-01 00:00:00,3,27,5,0.000,0.000,0.000,0.000,0.000,0.000,0.000,0.000,0.000,0.000,0.000,Approved,2017-11-24 12:43:53,2017-05-23 15:01:47,,68,,0,,
90,2017-02-01 00:00:00,3,27,6,0.000,0.000,0.000,0.000,0.000,0.000,0.000,0.000,0.000,0.000,0.000,Approved,2017-11-24 12:43:53,2017-05-23 15:01:47,,68,,0,,
91,2017-02-01 00:00:00,3,27,7,0.000,0.000,0.000,0.000,0.000,0.000,0.000,0.000,0.000,0.000,0.000,Approved,2017-11-24 12:43:53,2017-05-23 15:01:47,,68,,0,,
92,2017-02-01 00:00:00,3,27,8,0.000,0.000,0.000,0.000,0.000,0.000,0.000,0.000,0.000,0.000,0.000,Approved,2017-11-24 12:43:53,2017-05-23 15:01:47,,68,,0,,
93,2017-02-01 00:00:00,3,27,9,0.000,0.000,0.000,0.000,0.000,0.000,0.000,0.000,0.000,0.000,0.000,Approved,2017-11-24 12:43:53,2017-05-23 15:01:47,,68,,0,,
94,2017-02-01 00:00:00,3,27,10,0.000,0.000,0.000,0.000,0.000,0.000,0.000,0.000,0.000,0.000,0.000,Approved,2017-11-24 12:43:53,2017-05-23 15:01:47,,68,,0,,
95,2017-02-01 00:00:00,3,27,11,0.000,0.000,0.000,0.000,0.000,0.000,0.000,0.000,0.000,0.000,0.000,Approved,2017-11-24 12:43:53,2017-05-23 15:01:47,,68,,0,,
96,2017-02-01 00:00:00,3,27,12,0.000,0.000,0.000,0.000,0.000,0.000,0.000,0.000,0.000,0.000,0.000,Approved,2017-11-24 12:43:53,2017-05-23 15:01:47,,68,,0,,
97,2017-01-01 00:00:00,3,27,1,0.000,0.000,0.000,0.000,0.000,0.000,0.000,0.000,0.000,0.000,0.000,Approved,2017-11-24 12:44:04,2017-05-23 15:02:40,,68,,0,,
98,2017-01-01 00:00:00,3,27,2,0.000,0.000,0.000,0.000,0.000,0.000,0.000,0.000,0.000,0.000,0.000,Approved,2017-11-24 12:44:04,2017-05-23 15:02:40,,68,,0,,
99,2017-01-01 00:00:00,3,27,3,0.000,0.000,0.000,0.000,0.000,0.000,0.000,0.000,0.000,0.000,0.000,Approved,2017-11-24 12:44:04,2017-05-23 15:02:40,,68,,0,,
100,2017-01-01 00:00:00,3,27,4,0.000,0.000,0.000,0.000,0.000,0.000,0.000,0.000,0.000,0.000,0.000,Approved,2017-11-24 12:44:04,2017-05-23 15:02:40,,68,,0,,
101,2017-01-01 00:00:00,3,27,5,0.000,0.000,0.000,0.000,0.000,0.000,0.000,0.000,0.000,0.000,0.000,Approved,2017-11-24 12:44:04,2017-05-23 15:02:40,,68,,0,,
102,2017-01-01 00:00:00,3,27,6,0.000,0.000,0.000,0.000,0.000,0.000,0.000,0.000,0.000,0.000,0.000,Approved,2017-11-24 12:44:04,2017-05-23 15:02:40,,68,,0,,
103,2017-01-01 00:00:00,3,27,7,0.000,0.000,0.000,0.000,0.000,0.000,0.000,0.000,0.000,0.000,0.000,Approved,2017-11-24 12:44:04,2017-05-23 15:02:40,,68,,0,,
104,2017-01-01 00:00:00,3,27,8,0.000,0.000,0.000,0.000,0.000,0.000,0.000,0.000,0.000,0.000,0.000,Approved,2017-11-24 12:44:04,2017-05-23 15:02:40,,68,,0,,
105,2017-01-01 00:00:00,3,27,9,0.000,0.000,0.000,0.000,0.000,0.000,0.000,0.000,0.000,0.000,0.000,Approved,2017-11-24 12:44:04,2017-05-23 15:02:40,,68,,0,,
106,2017-01-01 00:00:00,3,27,10,0.000,0.000,0.000,0.000,0.000,0.000,0.000,0.000,0.000,0.000,0.000,Approved,2017-11-24 12:44:04,2017-05-23 15:02:40,,68,,0,,
107,2017-01-01 00:00:00,3,27,11,0.000,0.000,0.000,0.000,0.000,0.000,0.000,0.000,0.000,0.000,0.000,Approved,2017-11-24 12:44:04,2017-05-23 15:02:40,,68,,0,,
108,2017-01-01 00:00:00,3,27,12,0.000,0.000,0.000,0.000,0.000,0.000,0.000,0.000,0.000,0.000,0.000,Approved,2017-11-24 12:44:04,2017-05-23 15:02:40,,68,,0,,
109,2016-04-01 00:00:00,3,27,1,0.000,0.000,0.000,0.000,0.000,0.000,0.000,0.000,0.000,0.000,0.000,Approved,2017-11-24 12:45:16,2017-05-23 15:05:34,2017-11-24 12:45:16,68,63,0,,
110,2016-04-01 00:00:00,3,27,2,0.000,6008.000,0.000,0.000,6008.000,0.000,0.000,0.000,0.000,0.000,6008.000,Approved,2017-11-24 12:45:16,2017-05-23 15:05:34,2017-11-24 12:45:16,68,63,0,,
111,2016-04-01 00:00:00,3,27,3,0.000,0.000,0.000,0.000,0.000,0.000,0.000,0.000,0.000,0.000,0.000,Approved,2017-11-24 12:45:16,2017-05-23 15:05:34,2017-11-24 12:45:16,68,63,0,,
112,2016-04-01 00:00:00,3,27,4,0.000,0.000,0.000,0.000,0.000,0.000,0.000,0.000,0.000,0.000,0.000,Approved,2017-11-24 12:45:16,2017-05-23 15:05:34,2017-11-24 12:45:16,68,63,0,,
113,2016-04-01 00:00:00,3,27,5,0.000,0.000,0.000,0.000,0.000,0.000,0.000,0.000,0.000,0.000,0.000,Approved,2017-11-24 12:45:16,2017-05-23 15:05:34,2017-11-24 12:45:16,68,63,0,,
114,2016-04-01 00:00:00,3,27,6,0.000,0.000,0.000,0.000,0.000,0.000,0.000,0.000,0.000,0.000,0.000,Approved,2017-11-24 12:45:16,2017-05-23 15:05:34,2017-11-24 12:45:16,68,63,0,,
115,2016-04-01 00:00:00,3,27,7,0.000,0.000,0.000,0.000,0.000,0.000,0.000,0.000,0.000,0.000,0.000,Approved,2017-11-24 12:45:16,2017-05-23 15:05:34,2017-11-24 12:45:16,68,63,0,,
116,2016-04-01 00:00:00,3,27,8,0.000,0.000,0.000,0.000,0.000,0.000,0.000,0.000,0.000,0.000,0.000,Approved,2017-11-24 12:45:16,2017-05-23 15:05:34,2017-11-24 12:45:16,68,63,0,,
117,2016-04-01 00:00:00,3,27,9,0.000,0.000,0.000,0.000,0.000,0.000,0.000,0.000,0.000,0.000,0.000,Approved,2017-11-24 12:45:16,2017-05-23 15:05:34,2017-11-24 12:45:16,68,63,0,,
118,2016-04-01 00:00:00,3,27,10,0.000,0.000,0.000,0.000,0.000,0.000,0.000,0.000,0.000,0.000,0.000,Approved,2017-11-24 12:45:16,2017-05-23 15:05:34,2017-11-24 12:45:16,68,63,0,,
119,2016-04-01 00:00:00,3,27,11,0.000,0.000,0.000,0.000,0.000,0.000,0.000,0.000,0.000,0.000,0.000,Approved,2017-11-24 12:45:16,2017-05-23 15:05:34,2017-11-24 12:45:16,68,63,0,,
120,2016-04-01 00:00:00,3,27,12,0.000,0.000,0.000,0.000,0.000,0.000,0.000,0.000,0.000,0.000,0.000,Approved,2017-11-24 12:45:16,2017-05-23 15:05:34,2017-11-24 12:45:16,68,63,0,,
121,2017-04-01 00:00:00,3,28,1,0.000,25106.000,0.000,0.000,25106.000,9.000,0.000,0.000,0.000,9.000,25115.000,Approved,2018-12-06 16:05:30,2017-05-25 16:26:06,,70,,0,,
122,2017-04-01 00:00:00,3,28,2,0.000,0.000,0.000,0.000,0.000,0.000,0.000,0.000,0.000,0.000,0.000,Approved,2018-12-06 16:05:30,2017-05-25 16:26:06,,70,,0,,
123,2017-04-01 00:00:00,3,28,3,0.000,0.000,0.000,0.000,0.000,0.000,0.000,0.000,0.000,0.000,0.000,Approved,2018-12-06 16:05:30,2017-05-25 16:26:06,,70,,0,,
124,2017-04-01 00:00:00,3,28,4,0.000,0.000,0.000,0.000,0.000,0.000,0.000,0.000,0.000,0.000,0.000,Approved,2018-12-06 16:05:30,2017-05-25 16:26:06,,70,,0,,
125,2017-04-01 00:00:00,3,28,5,0.000,0.000,0.000,0.000,0.000,0.000,0.000,0.000,0.000,0.000,0.000,Approved,2018-12-06 16:05:30,2017-05-25 16:26:06,,70,,0,,
126,2017-04-01 00:00:00,3,28,6,0.000,0.000,0.000,0.000,0.000,0.000,0.000,0.000,0.000,0.000,0.000,Approved,2018-12-06 16:05:30,2017-05-25 16:26:06,,70,,0,,
127,2017-04-01 00:00:00,3,28,7,0.000,0.000,0.000,0.000,0.000,0.000,0.000,0.000,0.000,0.000,0.000,Approved,2018-12-06 16:05:30,2017-05-25 16:26:06,,70,,0,,
128,2017-04-01 00:00:00,3,28,8,0.000,0.000,0.000,0.000,0.000,0.000,0.000,0.000,0.000,0.000,0.000,Approved,2018-12-06 16:05:30,2017-05-25 16:26:06,,70,,0,,
129,2017-04-01 00:00:00,3,28,9,0.000,0.000,0.000,0.000,0.000,0.000,0.000,0.000,0.000,0.000,0.000,Approved,2018-12-06 16:05:30,2017-05-25 16:26:06,,70,,0,,
130,2017-04-01 00:00:00,3,28,10,0.000,0.000,0.000,0.000,0.000,0.000,0.000,0.000,0.000,0.000,0.000,Approved,2018-12-06 16:05:30,2017-05-25 16:26:06,,70,,0,,
131,2017-04-01 00:00:00,3,28,11,0.000,0.000,0.000,0.000,0.000,0.000,0.000,0.000,0.000,0.000,0.000,Approved,2018-12-06 16:05:30,2017-05-25 16:26:06,,70,,0,,
132,2017-04-01 00:00:00,3,28,12,0.000,0.000,0.000,0.000,0.000,143.000,0.000,0.000,0.000,143.000,143.000,Approved,2018-12-06 16:05:30,2017-05-25 16:26:06,,70,,0,,
133,2017-04-01 00:00:00,3,30,1,0.000,0.000,0.000,0.000,0.000,2.000,0.000,3.000,0.000,5.000,5.000,Approved,2017-06-16 15:52:27,2017-06-16 15:46:56,,69,,0,,
134,2017-04-01 00:00:00,3,30,2,0.000,1.000,0.000,0.000,1.000,0.000,0.000,0.000,0.000,0.000,1.000,Approved,2017-06-16 15:52:27,2017-06-16 15:46:56,,69,,0,,
135,2017-04-01 00:00:00,3,30,3,0.000,0.000,0.000,0.000,0.000,0.000,0.000,0.000,0.000,0.000,0.000,Approved,2017-06-16 15:52:27,2017-06-16 15:46:56,,69,,0,,
136,2017-04-01 00:00:00,3,30,4,0.000,0.000,0.000,0.000,0.000,0.000,0.000,0.000,0.000,0.000,0.000,Approved,2017-06-16 15:52:27,2017-06-16 15:46:56,,69,,0,,
137,2017-04-01 00:00:00,3,30,5,0.000,0.000,0.000,0.000,0.000,0.000,0.000,0.000,0.000,0.000,0.000,Approved,2017-06-16 15:52:27,2017-06-16 15:46:56,,69,,0,,
138,2017-04-01 00:00:00,3,30,6,0.000,0.000,0.000,0.000,0.000,0.000,0.000,0.000,0.000,0.000,0.000,Approved,2017-06-16 15:52:27,2017-06-16 15:46:56,,69,,0,,
139,2017-04-01 00:00:00,3,30,7,0.000,0.000,0.000,0.000,0.000,0.000,0.000,0.000,0.000,0.000,0.000,Approved,2017-06-16 15:52:27,2017-06-16 15:46:56,,69,,0,,
140,2017-04-01 00:00:00,3,30,8,0.000,0.000,0.000,0.000,0.000,0.000,0.000,0.000,0.000,0.000,0.000,Approved,2017-06-16 15:52:27,2017-06-16 15:46:56,,69,,0,,
141,2017-04-01 00:00:00,3,30,9,0.000,0.000,0.000,0.000,0.000,0.000,0.000,0.000,0.000,0.000,0.000,Approved,2017-06-16 15:52:27,2017-06-16 15:46:56,,69,,0,,
142,2017-04-01 00:00:00,3,30,10,0.000,0.000,0.000,0.000,0.000,0.000,0.000,0.000,0.000,0.000,0.000,Approved,2017-06-16 15:52:27,2017-06-16 15:46:56,,69,,0,,
143,2017-04-01 00:00:00,3,30,11,0.000,0.000,0.000,0.000,0.000,0.000,0.000,0.000,0.000,0.000,0.000,Approved,2017-06-16 15:52:27,2017-06-16 15:46:56,,69,,0,,
144,2017-04-01 00:00:00,3,30,12,0.000,0.000,0.000,0.000,0.000,0.000,0.000,0.000,0.000,0.000,0.000,Approved,2017-06-16 15:52:27,2017-06-16 15:46:56,,69,,0,,
145,2017-05-01 00:00:00,3,30,1,0.000,0.000,0.000,0.000,0.000,1.000,0.000,3.000,0.000,4.000,4.000,Approved,2017-06-20 11:36:47,2017-06-20 11:26:28,,69,,0,,
146,2017-05-01 00:00:00,3,30,2,0.000,1.000,0.000,0.000,1.000,0.000,0.000,0.000,0.000,0.000,1.000,Approved,2017-06-20 11:36:47,2017-06-20 11:26:28,,69,,0,,
147,2017-05-01 00:00:00,3,30,3,0.000,0.000,0.000,0.000,0.000,0.000,0.000,0.000,0.000,0.000,0.000,Approved,2017-06-20 11:36:47,2017-06-20 11:26:28,,69,,0,,
148,2017-05-01 00:00:00,3,30,4,0.000,0.000,0.000,0.000,0.000,0.000,0.000,0.000,0.000,0.000,0.000,Approved,2017-06-20 11:36:47,2017-06-20 11:26:28,,69,,0,,
149,2017-05-01 00:00:00,3,30,5,0.000,0.000,0.000,0.000,0.000,0.000,0.000,0.000,0.000,0.000,0.000,Approved,2017-06-20 11:36:47,2017-06-20 11:26:28,,69,,0,,
150,2017-05-01 00:00:00,3,30,6,0.000,0.000,0.000,0.000,0.000,0.000,0.000,0.000,0.000,0.000,0.000,Approved,2017-06-20 11:36:47,2017-06-20 11:26:28,,69,,0,,
151,2017-05-01 00:00:00,3,30,7,0.000,0.000,0.000,0.000,0.000,0.000,0.000,0.000,0.000,0.000,0.000,Approved,2017-06-20 11:36:47,2017-06-20 11:26:28,,69,,0,,
152,2017-05-01 00:00:00,3,30,8,0.000,0.000,0.000,0.000,0.000,0.000,0.000,0.000,0.000,0.000,0.000,Approved,2017-06-20 11:36:47,2017-06-20 11:26:28,,69,,0,,
153,2017-05-01 00:00:00,3,30,9,0.000,0.000,0.000,0.000,0.000,0.000,0.000,0.000,0.000,0.000,0.000,Approved,2017-06-20 11:36:47,2017-06-20 11:26:28,,69,,0,,
154,2017-05-01 00:00:00,3,30,10,0.000,0.000,0.000,0.000,0.000,0.000,0.000,0.000,0.000,0.000,0.000,Approved,2017-06-20 11:36:47,2017-06-20 11:26:28,,69,,0,,
155,2017-05-01 00:00:00,3,30,11,0.000,0.000,0.000,0.000,0.000,0.000,0.000,0.000,0.000,0.000,0.000,Approved,2017-06-20 11:36:47,2017-06-20 11:26:28,,69,,0,,
156,2017-05-01 00:00:00,3,30,12,0.000,0.000,0.000,0.000,0.000,0.000,0.000,0.000,0.000,0.000,0.000,Approved,2017-06-20 11:36:47,2017-06-20 11:26:28,,69,,0,,
157,2017-06-01 00:00:00,3,30,1,0.000,0.000,0.000,0.000,0.000,1.000,0.000,1.000,0.000,2.000,2.000,Approved,2017-07-20 12:42:15,2017-07-12 13:03:50,,69,,0,,
158,2017-06-01 00:00:00,3,30,2,0.000,0.000,0.000,0.000,0.000,0.000,0.000,0.000,0.000,0.000,0.000,Approved,2017-07-20 12:42:15,2017-07-12 13:03:50,,69,,0,,
159,2017-06-01 00:00:00,3,30,3,0.000,0.000,0.000,0.000,0.000,0.000,0.000,0.000,0.000,0.000,0.000,Approved,2017-07-20 12:42:15,2017-07-12 13:03:50,,69,,0,,
160,2017-06-01 00:00:00,3,30,4,0.000,0.000,0.000,0.000,0.000,0.000,0.000,0.000,0.000,0.000,0.000,Approved,2017-07-20 12:42:15,2017-07-12 13:03:50,,69,,0,,
161,2017-06-01 00:00:00,3,30,5,0.000,0.000,0.000,0.000,0.000,0.000,0.000,0.000,0.000,0.000,0.000,Approved,2017-07-20 12:42:15,2017-07-12 13:03:50,,69,,0,,
162,2017-06-01 00:00:00,3,30,6,0.000,0.000,0.000,0.000,0.000,0.000,0.000,0.000,0.000,0.000,0.000,Approved,2017-07-20 12:42:15,2017-07-12 13:03:50,,69,,0,,
163,2017-06-01 00:00:00,3,30,7,0.000,0.000,0.000,0.000,0.000,0.000,0.000,0.000,0.000,0.000,0.000,Approved,2017-07-20 12:42:15,2017-07-12 13:03:50,,69,,0,,
164,2017-06-01 00:00:00,3,30,8,0.000,0.000,0.000,0.000,0.000,0.000,0.000,0.000,0.000,0.000,0.000,Approved,2017-07-20 12:42:15,2017-07-12 13:03:50,,69,,0,,
165,2017-06-01 00:00:00,3,30,9,0.000,0.000,0.000,0.000,0.000,0.000,0.000,0.000,0.000,0.000,0.000,Approved,2017-07-20 12:42:15,2017-07-12 13:03:50,,69,,0,,
166,2017-06-01 00:00:00,3,30,10,0.000,0.000,0.000,0.000,0.000,0.000,0.000,0.000,0.000,0.000,0.000,Approved,2017-07-20 12:42:15,2017-07-12 13:03:50,,69,,0,,
167,2017-06-01 00:00:00,3,30,11,0.000,0.000,0.000,0.000,0.000,0.000,0.000,0.000,0.000,0.000,0.000,Approved,2017-07-20 12:42:15,2017-07-12 13:03:50,,69,,0,,
168,2017-06-01 00:00:00,3,30,12,0.000,0.000,0.000,0.000,0.000,0.000,0.000,0.000,0.000,0.000,0.000,Approved,2017-07-20 12:42:15,2017-07-12 13:03:50,,69,,0,,
169,2017-07-01 00:00:00,3,30,1,0.000,0.000,0.000,0.000,0.000,1.000,0.000,1.000,0.000,2.000,2.000,Approved,2017-08-16 17:26:37,2017-08-10 12:45:56,,69,,0,,
170,2017-07-01 00:00:00,3,30,2,0.000,1.000,0.000,0.000,1.000,0.000,0.000,0.000,0.000,0.000,1.000,Approved,2017-08-16 17:26:37,2017-08-10 12:45:56,,69,,0,,
171,2017-07-01 00:00:00,3,30,3,0.000,0.000,0.000,0.000,0.000,0.000,0.000,0.000,0.000,0.000,0.000,Approved,2017-08-16 17:26:37,2017-08-10 12:45:56,,69,,0,,
172,2017-07-01 00:00:00,3,30,4,0.000,0.000,0.000,0.000,0.000,0.000,0.000,0.000,0.000,0.000,0.000,Approved,2017-08-16 17:26:37,2017-08-10 12:45:56,,69,,0,,
173,2017-07-01 00:00:00,3,30,5,0.000,0.000,0.000,0.000,0.000,0.000,0.000,0.000,0.000,0.000,0.000,Approved,2017-08-16 17:26:37,2017-08-10 12:45:56,,69,,0,,
174,2017-07-01 00:00:00,3,30,6,0.000,0.000,0.000,0.000,0.000,0.000,0.000,0.000,0.000,0.000,0.000,Approved,2017-08-16 17:26:37,2017-08-10 12:45:56,,69,,0,,
175,2017-07-01 00:00:00,3,30,7,0.000,0.000,0.000,0.000,0.000,0.000,0.000,0.000,0.000,0.000,0.000,Approved,2017-08-16 17:26:37,2017-08-10 12:45:56,,69,,0,,
176,2017-07-01 00:00:00,3,30,8,0.000,0.000,0.000,0.000,0.000,0.000,0.000,0.000,0.000,0.000,0.000,Approved,2017-08-16 17:26:37,2017-08-10 12:45:56,,69,,0,,
177,2017-07-01 00:00:00,3,30,9,0.000,0.000,0.000,0.000,0.000,0.000,0.000,0.000,0.000,0.000,0.000,Approved,2017-08-16 17:26:37,2017-08-10 12:45:56,,69,,0,,
178,2017-07-01 00:00:00,3,30,10,0.000,0.000,0.000,0.000,0.000,0.000,0.000,0.000,0.000,0.000,0.000,Approved,2017-08-16 17:26:37,2017-08-10 12:45:56,,69,,0,,
179,2017-07-01 00:00:00,3,30,11,0.000,0.000,0.000,0.000,0.000,0.000,0.000,0.000,0.000,0.000,0.000,Approved,2017-08-16 17:26:37,2017-08-10 12:45:56,,69,,0,,
180,2017-07-01 00:00:00,3,30,12,0.000,0.000,0.000,0.000,0.000,0.000,0.000,0.000,0.000,0.000,0.000,Approved,2017-08-16 17:26:37,2017-08-10 12:45:56,,69,,0,,
181,2016-04-01 00:00:00,3,30,1,0.000,0.000,0.000,0.000,0.000,0.000,0.000,2.000,0.000,2.000,2.000,Approved,2017-10-09 10:22:06,2017-08-20 14:25:14,,69,,0,,
182,2016-04-01 00:00:00,3,30,2,0.000,0.000,0.000,0.000,0.000,0.000,0.000,0.000,0.000,0.000,0.000,Approved,2017-10-09 10:22:06,2017-08-20 14:25:14,,69,,0,,
183,2016-04-01 00:00:00,3,30,3,0.000,0.000,0.000,0.000,0.000,0.000,0.000,0.000,0.000,0.000,0.000,Approved,2017-10-09 10:22:06,2017-08-20 14:25:14,,69,,0,,
184,2016-04-01 00:00:00,3,30,4,0.000,0.000,0.000,0.000,0.000,0.000,0.000,0.000,0.000,0.000,0.000,Approved,2017-10-09 10:22:06,2017-08-20 14:25:14,,69,,0,,
185,2016-04-01 00:00:00,3,30,5,0.000,0.000,0.000,0.000,0.000,0.000,0.000,0.000,0.000,0.000,0.000,Approved,2017-10-09 10:22:06,2017-08-20 14:25:14,,69,,0,,
186,2016-04-01 00:00:00,3,30,6,0.000,0.000,0.000,0.000,0.000,0.000,0.000,0.000,0.000,0.000,0.000,Approved,2017-10-09 10:22:06,2017-08-20 14:25:14,,69,,0,,
187,2016-04-01 00:00:00,3,30,7,0.000,0.000,0.000,0.000,0.000,0.000,0.000,0.000,0.000,0.000,0.000,Approved,2017-10-09 10:22:06,2017-08-20 14:25:14,,69,,0,,
188,2016-04-01 00:00:00,3,30,8,0.000,0.000,0.000,0.000,0.000,0.000,0.000,0.000,0.000,0.000,0.000,Approved,2017-10-09 10:22:06,2017-08-20 14:25:14,,69,,0,,
189,2016-04-01 00:00:00,3,30,9,0.000,0.000,0.000,0.000,0.000,0.000,0.000,0.000,0.000,0.000,0.000,Approved,2017-10-09 10:22:06,2017-08-20 14:25:14,,69,,0,,
190,2016-04-01 00:00:00,3,30,10,0.000,0.000,0.000,0.000,0.000,0.000,0.000,0.000,0.000,0.000,0.000,Approved,2017-10-09 10:22:06,2017-08-20 14:25:14,,69,,0,,
191,2016-04-01 00:00:00,3,30,11,0.000,0.000,0.000,0.000,0.000,0.000,0.000,0.000,0.000,0.000,0.000,Approved,2017-10-09 10:22:06,2017-08-20 14:25:14,,69,,0,,
192,2016-04-01 00:00:00,3,30,12,0.000,0.000,0.000,0.000,0.000,0.000,0.000,0.000,0.000,0.000,0.000,Approved,2017-10-09 10:22:06,2017-08-20 14:25:14,,69,,0,,
193,2016-05-01 00:00:00,3,30,1,0.000,0.000,0.000,0.000,0.000,0.000,0.000,2.000,0.000,2.000,2.000,Approved,2017-10-09 10:22:13,2017-08-20 14:30:20,,69,,0,,
194,2016-05-01 00:00:00,3,30,2,0.000,1.000,0.000,0.000,1.000,0.000,0.000,0.000,0.000,0.000,1.000,Approved,2017-10-09 10:22:13,2017-08-20 14:30:20,,69,,0,,
195,2016-05-01 00:00:00,3,30,3,0.000,0.000,0.000,0.000,0.000,0.000,0.000,0.000,0.000,0.000,0.000,Approved,2017-10-09 10:22:13,2017-08-20 14:30:20,,69,,0,,
196,2016-05-01 00:00:00,3,30,4,0.000,0.000,0.000,0.000,0.000,0.000,0.000,0.000,0.000,0.000,0.000,Approved,2017-10-09 10:22:13,2017-08-20 14:30:20,,69,,0,,
197,2016-05-01 00:00:00,3,30,5,0.000,0.000,0.000,0.000,0.000,0.000,0.000,0.000,0.000,0.000,0.000,Approved,2017-10-09 10:22:13,2017-08-20 14:30:20,,69,,0,,
198,2016-05-01 00:00:00,3,30,6,0.000,0.000,0.000,0.000,0.000,0.000,0.000,0.000,0.000,0.000,0.000,Approved,2017-10-09 10:22:13,2017-08-20 14:30:20,,69,,0,,
199,2016-05-01 00:00:00,3,30,7,0.000,0.000,0.000,0.000,0.000,0.000,0.000,0.000,0.000,0.000,0.000,Approved,2017-10-09 10:22:13,2017-08-20 14:30:20,,69,,0,,
200,2016-05-01 00:00:00,3,30,8,0.000,0.000,0.000,0.000,0.000,0.000,0.000,0.000,0.000,0.000,0.000,Approved,2017-10-09 10:22:13,2017-08-20 14:30:20,,69,,0,,
201,2016-05-01 00:00:00,3,30,9,0.000,0.000,0.000,0.000,0.000,0.000,0.000,0.000,0.000,0.000,0.000,Approved,2017-10-09 10:22:13,2017-08-20 14:30:20,,69,,0,,
202,2016-05-01 00:00:00,3,30,10,0.000,0.000,0.000,0.000,0.000,0.000,0.000,0.000,0.000,0.000,0.000,Approved,2017-10-09 10:22:13,2017-08-20 14:30:20,,69,,0,,
203,2016-05-01 00:00:00,3,30,11,0.000,0.000,0.000,0.000,0.000,0.000,0.000,0.000,0.000,0.000,0.000,Approved,2017-10-09 10:22:13,2017-08-20 14:30:20,,69,,0,,
204,2016-05-01 00:00:00,3,30,12,0.000,0.000,0.000,0.000,0.000,0.000,0.000,0.000,0.000,0.000,0.000,Approved,2017-10-09 10:22:13,2017-08-20 14:30:20,,69,,0,,
205,2016-06-01 00:00:00,3,30,1,0.000,0.000,0.000,0.000,0.000,0.000,0.000,2.000,0.000,2.000,2.000,Approved,2017-10-09 10:22:19,2017-08-27 17:45:32,,69,,0,,
206,2016-06-01 00:00:00,3,30,2,0.000,0.000,0.000,0.000,0.000,0.000,0.000,0.000,0.000,0.000,0.000,Approved,2017-10-09 10:22:19,2017-08-27 17:45:32,,69,,0,,
207,2016-06-01 00:00:00,3,30,3,0.000,0.000,0.000,0.000,0.000,0.000,0.000,0.000,0.000,0.000,0.000,Approved,2017-10-09 10:22:19,2017-08-27 17:45:32,,69,,0,,
208,2016-06-01 00:00:00,3,30,4,0.000,0.000,0.000,0.000,0.000,0.000,0.000,0.000,0.000,0.000,0.000,Approved,2017-10-09 10:22:19,2017-08-27 17:45:32,,69,,0,,
209,2016-06-01 00:00:00,3,30,5,0.000,0.000,0.000,0.000,0.000,0.000,0.000,0.000,0.000,0.000,0.000,Approved,2017-10-09 10:22:19,2017-08-27 17:45:32,,69,,0,,
210,2016-06-01 00:00:00,3,30,6,0.000,0.000,0.000,0.000,0.000,0.000,0.000,0.000,0.000,0.000,0.000,Approved,2017-10-09 10:22:19,2017-08-27 17:45:32,,69,,0,,
211,2016-06-01 00:00:00,3,30,7,0.000,0.000,0.000,0.000,0.000,0.000,0.000,0.000,0.000,0.000,0.000,Approved,2017-10-09 10:22:19,2017-08-27 17:45:32,,69,,0,,
212,2016-06-01 00:00:00,3,30,8,0.000,0.000,0.000,0.000,0.000,0.000,0.000,0.000,0.000,0.000,0.000,Approved,2017-10-09 10:22:19,2017-08-27 17:45:32,,69,,0,,
213,2016-06-01 00:00:00,3,30,9,0.000,0.000,0.000,0.000,0.000,0.000,0.000,0.000,0.000,0.000,0.000,Approved,2017-10-09 10:22:19,2017-08-27 17:45:32,,69,,0,,
214,2016-06-01 00:00:00,3,30,10,0.000,0.000,0.000,0.000,0.000,0.000,0.000,0.000,0.000,0.000,0.000,Approved,2017-10-09 10:22:19,2017-08-27 17:45:32,,69,,0,,
215,2016-06-01 00:00:00,3,30,11,0.000,0.000,0.000,0.000,0.000,0.000,0.000,0.000,0.000,0.000,0.000,Approved,2017-10-09 10:22:19,2017-08-27 17:45:32,,69,,0,,
216,2016-06-01 00:00:00,3,30,12,0.000,0.000,0.000,0.000,0.000,0.000,0.000,0.000,0.000,0.000,0.000,Approved,2017-10-09 10:22:19,2017-08-27 17:45:32,,69,,0,,
217,2016-07-01 00:00:00,3,30,1,0.000,0.000,0.000,0.000,0.000,0.000,0.000,2.000,0.000,2.000,2.000,Approved,2017-10-09 10:22:25,2017-08-27 17:52:08,,69,,0,,
218,2016-07-01 00:00:00,3,30,2,0.000,1.000,0.000,0.000,1.000,0.000,0.000,0.000,0.000,0.000,1.000,Approved,2017-10-09 10:22:25,2017-08-27 17:52:08,,69,,0,,
219,2016-07-01 00:00:00,3,30,3,0.000,0.000,0.000,0.000,0.000,0.000,0.000,0.000,0.000,0.000,0.000,Approved,2017-10-09 10:22:25,2017-08-27 17:52:08,,69,,0,,
220,2016-07-01 00:00:00,3,30,4,0.000,0.000,0.000,0.000,0.000,0.000,0.000,0.000,0.000,0.000,0.000,Approved,2017-10-09 10:22:25,2017-08-27 17:52:08,,69,,0,,
221,2016-07-01 00:00:00,3,30,5,0.000,0.000,0.000,0.000,0.000,0.000,0.000,0.000,0.000,0.000,0.000,Approved,2017-10-09 10:22:25,2017-08-27 17:52:08,,69,,0,,
222,2016-07-01 00:00:00,3,30,6,0.000,0.000,0.000,0.000,0.000,0.000,0.000,0.000,0.000,0.000,0.000,Approved,2017-10-09 10:22:25,2017-08-27 17:52:08,,69,,0,,
223,2016-07-01 00:00:00,3,30,7,0.000,0.000,0.000,0.000,0.000,0.000,0.000,0.000,0.000,0.000,0.000,Approved,2017-10-09 10:22:25,2017-08-27 17:52:08,,69,,0,,
224,2016-07-01 00:00:00,3,30,8,0.000,0.000,0.000,0.000,0.000,0.000,0.000,0.000,0.000,0.000,0.000,Approved,2017-10-09 10:22:25,2017-08-27 17:52:08,,69,,0,,
225,2016-07-01 00:00:00,3,30,9,0.000,0.000,0.000,0.000,0.000,0.000,0.000,0.000,0.000,0.000,0.000,Approved,2017-10-09 10:22:25,2017-08-27 17:52:08,,69,,0,,
226,2016-07-01 00:00:00,3,30,10,0.000,0.000,0.000,0.000,0.000,0.000,0.000,0.000,0.000,0.000,0.000,Approved,2017-10-09 10:22:25,2017-08-27 17:52:08,,69,,0,,
227,2016-07-01 00:00:00,3,30,11,0.000,0.000,0.000,0.000,0.000,0.000,0.000,0.000,0.000,0.000,0.000,Approved,2017-10-09 10:22:25,2017-08-27 17:52:08,,69,,0,,
228,2016-07-01 00:00:00,3,30,12,0.000,0.000,0.000,0.000,0.000,0.000,0.000,0.000,0.000,0.000,0.000,Approved,2017-10-09 10:22:25,2017-08-27 17:52:08,,69,,0,,
229,2016-08-01 00:00:00,3,30,1,0.000,0.000,0.000,0.000,0.000,0.000,0.000,1.000,0.000,1.000,1.000,Approved,2017-10-09 10:22:31,2017-08-27 18:24:26,,69,,0,,
230,2016-08-01 00:00:00,3,30,2,0.000,1.000,0.000,0.000,1.000,0.000,0.000,0.000,0.000,0.000,1.000,Approved,2017-10-09 10:22:31,2017-08-27 18:24:26,,69,,0,,
231,2016-08-01 00:00:00,3,30,3,0.000,0.000,0.000,0.000,0.000,0.000,0.000,0.000,0.000,0.000,0.000,Approved,2017-10-09 10:22:31,2017-08-27 18:24:26,,69,,0,,
232,2016-08-01 00:00:00,3,30,4,0.000,0.000,0.000,0.000,0.000,0.000,0.000,0.000,0.000,0.000,0.000,Approved,2017-10-09 10:22:31,2017-08-27 18:24:26,,69,,0,,
233,2016-08-01 00:00:00,3,30,5,0.000,0.000,0.000,0.000,0.000,0.000,0.000,0.000,0.000,0.000,0.000,Approved,2017-10-09 10:22:31,2017-08-27 18:24:26,,69,,0,,
234,2016-08-01 00:00:00,3,30,6,0.000,0.000,0.000,0.000,0.000,0.000,0.000,0.000,0.000,0.000,0.000,Approved,2017-10-09 10:22:31,2017-08-27 18:24:26,,69,,0,,
235,2016-08-01 00:00:00,3,30,7,0.000,0.000,0.000,0.000,0.000,0.000,0.000,0.000,0.000,0.000,0.000,Approved,2017-10-09 10:22:31,2017-08-27 18:24:26,,69,,0,,
236,2016-08-01 00:00:00,3,30,8,0.000,0.000,0.000,0.000,0.000,0.000,0.000,0.000,0.000,0.000,0.000,Approved,2017-10-09 10:22:31,2017-08-27 18:24:26,,69,,0,,
237,2016-08-01 00:00:00,3,30,9,0.000,0.000,0.000,0.000,0.000,0.000,0.000,0.000,0.000,0.000,0.000,Approved,2017-10-09 10:22:31,2017-08-27 18:24:26,,69,,0,,
238,2016-08-01 00:00:00,3,30,10,0.000,0.000,0.000,0.000,0.000,0.000,0.000,0.000,0.000,0.000,0.000,Approved,2017-10-09 10:22:31,2017-08-27 18:24:26,,69,,0,,
239,2016-08-01 00:00:00,3,30,11,0.000,0.000,0.000,0.000,0.000,0.000,0.000,0.000,0.000,0.000,0.000,Approved,2017-10-09 10:22:31,2017-08-27 18:24:26,,69,,0,,
240,2016-08-01 00:00:00,3,30,12,0.000,0.000,0.000,0.000,0.000,0.000,0.000,0.000,0.000,0.000,0.000,Approved,2017-10-09 10:22:31,2017-08-27 18:24:26,,69,,0,,
241,2016-09-01 00:00:00,3,30,1,0.000,0.000,0.000,0.000,0.000,0.000,0.000,2.000,0.000,2.000,2.000,Approved,2017-10-09 10:22:37,2017-08-27 18:27:58,,69,,0,,
242,2016-09-01 00:00:00,3,30,2,0.000,1.000,0.000,0.000,1.000,0.000,0.000,0.000,0.000,0.000,1.000,Approved,2017-10-09 10:22:37,2017-08-27 18:27:58,,69,,0,,
243,2016-09-01 00:00:00,3,30,3,0.000,0.000,0.000,0.000,0.000,0.000,0.000,0.000,0.000,0.000,0.000,Approved,2017-10-09 10:22:37,2017-08-27 18:27:58,,69,,0,,
244,2016-09-01 00:00:00,3,30,4,0.000,0.000,0.000,0.000,0.000,0.000,0.000,0.000,0.000,0.000,0.000,Approved,2017-10-09 10:22:37,2017-08-27 18:27:58,,69,,0,,
245,2016-09-01 00:00:00,3,30,5,0.000,0.000,0.000,0.000,0.000,0.000,0.000,0.000,0.000,0.000,0.000,Approved,2017-10-09 10:22:37,2017-08-27 18:27:58,,69,,0,,
246,2016-09-01 00:00:00,3,30,6,0.000,0.000,0.000,0.000,0.000,0.000,0.000,0.000,0.000,0.000,0.000,Approved,2017-10-09 10:22:37,2017-08-27 18:27:58,,69,,0,,
247,2016-09-01 00:00:00,3,30,7,0.000,0.000,0.000,0.000,0.000,0.000,0.000,0.000,0.000,0.000,0.000,Approved,2017-10-09 10:22:37,2017-08-27 18:27:58,,69,,0,,
248,2016-09-01 00:00:00,3,30,8,0.000,0.000,0.000,0.000,0.000,0.000,0.000,0.000,0.000,0.000,0.000,Approved,2017-10-09 10:22:37,2017-08-27 18:27:58,,69,,0,,
249,2016-09-01 00:00:00,3,30,9,0.000,0.000,0.000,0.000,0.000,0.000,0.000,0.000,0.000,0.000,0.000,Approved,2017-10-09 10:22:37,2017-08-27 18:27:58,,69,,0,,
250,2016-09-01 00:00:00,3,30,10,0.000,0.000,0.000,0.000,0.000,0.000,0.000,0.000,0.000,0.000,0.000,Approved,2017-10-09 10:22:37,2017-08-27 18:27:59,,69,,0,,
251,2016-09-01 00:00:00,3,30,11,0.000,0.000,0.000,0.000,0.000,0.000,0.000,0.000,0.000,0.000,0.000,Approved,2017-10-09 10:22:37,2017-08-27 18:27:59,,69,,0,,
252,2016-09-01 00:00:00,3,30,12,0.000,0.000,0.000,0.000,0.000,0.000,0.000,0.000,0.000,0.000,0.000,Approved,2017-10-09 10:22:37,2017-08-27 18:27:59,,69,,0,,
253,2016-10-01 00:00:00,3,30,1,0.000,0.000,0.000,0.000,0.000,0.000,0.000,2.000,0.000,2.000,2.000,Approved,2017-10-09 10:22:44,2017-08-27 18:30:14,,69,,0,,
254,2016-10-01 00:00:00,3,30,2,0.000,1.000,0.000,0.000,1.000,0.000,0.000,0.000,0.000,0.000,1.000,Approved,2017-10-09 10:22:44,2017-08-27 18:30:14,,69,,0,,
255,2016-10-01 00:00:00,3,30,3,0.000,0.000,0.000,0.000,0.000,0.000,0.000,0.000,0.000,0.000,0.000,Approved,2017-10-09 10:22:44,2017-08-27 18:30:14,,69,,0,,
256,2016-10-01 00:00:00,3,30,4,0.000,0.000,0.000,0.000,0.000,0.000,0.000,0.000,0.000,0.000,0.000,Approved,2017-10-09 10:22:44,2017-08-27 18:30:14,,69,,0,,
257,2016-10-01 00:00:00,3,30,5,0.000,0.000,0.000,0.000,0.000,0.000,0.000,0.000,0.000,0.000,0.000,Approved,2017-10-09 10:22:44,2017-08-27 18:30:14,,69,,0,,
258,2016-10-01 00:00:00,3,30,6,0.000,0.000,0.000,0.000,0.000,0.000,0.000,0.000,0.000,0.000,0.000,Approved,2017-10-09 10:22:44,2017-08-27 18:30:14,,69,,0,,
259,2016-10-01 00:00:00,3,30,7,0.000,0.000,0.000,0.000,0.000,0.000,0.000,0.000,0.000,0.000,0.000,Approved,2017-10-09 10:22:44,2017-08-27 18:30:14,,69,,0,,
260,2016-10-01 00:00:00,3,30,8,0.000,0.000,0.000,0.000,0.000,0.000,0.000,0.000,0.000,0.000,0.000,Approved,2017-10-09 10:22:44,2017-08-27 18:30:14,,69,,0,,
261,2016-10-01 00:00:00,3,30,9,0.000,0.000,0.000,0.000,0.000,0.000,0.000,0.000,0.000,0.000,0.000,Approved,2017-10-09 10:22:44,2017-08-27 18:30:14,,69,,0,,
262,2016-10-01 00:00:00,3,30,10,0.000,0.000,0.000,0.000,0.000,0.000,0.000,0.000,0.000,0.000,0.000,Approved,2017-10-09 10:22:44,2017-08-27 18:30:14,,69,,0,,
263,2016-10-01 00:00:00,3,30,11,0.000,0.000,0.000,0.000,0.000,0.000,0.000,0.000,0.000,0.000,0.000,Approved,2017-10-09 10:22:44,2017-08-27 18:30:14,,69,,0,,
264,2016-10-01 00:00:00,3,30,12,0.000,0.000,0.000,0.000,0.000,0.000,0.000,0.000,0.000,0.000,0.000,Approved,2017-10-09 10:22:44,2017-08-27 18:30:14,,69,,0,,
265,2016-11-01 00:00:00,3,30,1,0.000,0.000,0.000,0.000,0.000,0.000,0.000,3.000,0.000,3.000,3.000,Approved,2017-10-09 10:22:51,2017-08-27 18:33:04,,69,,0,,
266,2016-11-01 00:00:00,3,30,2,0.000,1.000,0.000,0.000,1.000,0.000,0.000,0.000,0.000,0.000,1.000,Approved,2017-10-09 10:22:51,2017-08-27 18:33:04,,69,,0,,
267,2016-11-01 00:00:00,3,30,3,0.000,0.000,0.000,0.000,0.000,0.000,0.000,0.000,0.000,0.000,0.000,Approved,2017-10-09 10:22:51,2017-08-27 18:33:04,,69,,0,,
268,2016-11-01 00:00:00,3,30,4,0.000,0.000,0.000,0.000,0.000,0.000,0.000,0.000,0.000,0.000,0.000,Approved,2017-10-09 10:22:51,2017-08-27 18:33:04,,69,,0,,
269,2016-11-01 00:00:00,3,30,5,0.000,0.000,0.000,0.000,0.000,0.000,0.000,0.000,0.000,0.000,0.000,Approved,2017-10-09 10:22:51,2017-08-27 18:33:04,,69,,0,,
270,2016-11-01 00:00:00,3,30,6,0.000,0.000,0.000,0.000,0.000,0.000,0.000,0.000,0.000,0.000,0.000,Approved,2017-10-09 10:22:51,2017-08-27 18:33:04,,69,,0,,
271,2016-11-01 00:00:00,3,30,7,0.000,0.000,0.000,0.000,0.000,0.000,0.000,0.000,0.000,0.000,0.000,Approved,2017-10-09 10:22:51,2017-08-27 18:33:04,,69,,0,,
272,2016-11-01 00:00:00,3,30,8,0.000,0.000,0.000,0.000,0.000,0.000,0.000,0.000,0.000,0.000,0.000,Approved,2017-10-09 10:22:51,2017-08-27 18:33:04,,69,,0,,
273,2016-11-01 00:00:00,3,30,9,0.000,0.000,0.000,0.000,0.000,0.000,0.000,0.000,0.000,0.000,0.000,Approved,2017-10-09 10:22:51,2017-08-27 18:33:04,,69,,0,,
274,2016-11-01 00:00:00,3,30,10,0.000,0.000,0.000,0.000,0.000,0.000,0.000,0.000,0.000,0.000,0.000,Approved,2017-10-09 10:22:51,2017-08-27 18:33:04,,69,,0,,
275,2016-11-01 00:00:00,3,30,11,0.000,0.000,0.000,0.000,0.000,0.000,0.000,0.000,0.000,0.000,0.000,Approved,2017-10-09 10:22:51,2017-08-27 18:33:04,,69,,0,,
276,2016-11-01 00:00:00,3,30,12,0.000,0.000,0.000,0.000,0.000,0.000,0.000,0.000,0.000,0.000,0.000,Approved,2017-10-09 10:22:51,2017-08-27 18:33:04,,69,,0,,
277,2016-12-01 00:00:00,3,30,1,0.000,0.000,0.000,0.000,0.000,0.000,0.000,2.000,0.000,2.000,2.000,Approved,2017-10-09 10:22:58,2017-08-27 18:35:19,,69,,0,,
278,2016-12-01 00:00:00,3,30,2,0.000,1.000,0.000,0.000,1.000,0.000,0.000,0.000,0.000,0.000,1.000,Approved,2017-10-09 10:22:58,2017-08-27 18:35:19,,69,,0,,
279,2016-12-01 00:00:00,3,30,3,0.000,0.000,0.000,0.000,0.000,0.000,0.000,0.000,0.000,0.000,0.000,Approved,2017-10-09 10:22:58,2017-08-27 18:35:19,,69,,0,,
280,2016-12-01 00:00:00,3,30,4,0.000,0.000,0.000,0.000,0.000,0.000,0.000,0.000,0.000,0.000,0.000,Approved,2017-10-09 10:22:58,2017-08-27 18:35:19,,69,,0,,
281,2016-12-01 00:00:00,3,30,5,0.000,0.000,0.000,0.000,0.000,0.000,0.000,0.000,0.000,0.000,0.000,Approved,2017-10-09 10:22:58,2017-08-27 18:35:19,,69,,0,,
282,2016-12-01 00:00:00,3,30,6,0.000,0.000,0.000,0.000,0.000,0.000,0.000,0.000,0.000,0.000,0.000,Approved,2017-10-09 10:22:58,2017-08-27 18:35:19,,69,,0,,
283,2016-12-01 00:00:00,3,30,7,0.000,0.000,0.000,0.000,0.000,0.000,0.000,0.000,0.000,0.000,0.000,Approved,2017-10-09 10:22:58,2017-08-27 18:35:19,,69,,0,,
284,2016-12-01 00:00:00,3,30,8,0.000,0.000,0.000,0.000,0.000,0.000,0.000,0.000,0.000,0.000,0.000,Approved,2017-10-09 10:22:58,2017-08-27 18:35:19,,69,,0,,
285,2016-12-01 00:00:00,3,30,9,0.000,0.000,0.000,0.000,0.000,0.000,0.000,0.000,0.000,0.000,0.000,Approved,2017-10-09 10:22:58,2017-08-27 18:35:19,,69,,0,,
286,2016-12-01 00:00:00,3,30,10,0.000,0.000,0.000,0.000,0.000,0.000,0.000,0.000,0.000,0.000,0.000,Approved,2017-10-09 10:22:58,2017-08-27 18:35:19,,69,,0,,
287,2016-12-01 00:00:00,3,30,11,0.000,0.000,0.000,0.000,0.000,0.000,0.000,0.000,0.000,0.000,0.000,Approved,2017-10-09 10:22:58,2017-08-27 18:35:19,,69,,0,,
288,2016-12-01 00:00:00,3,30,12,0.000,0.000,0.000,0.000,0.000,0.000,0.000,0.000,0.000,0.000,0.000,Approved,2017-10-09 10:22:58,2017-08-27 18:35:19,,69,,0,,
289,2017-01-01 00:00:00,3,30,1,0.000,0.000,0.000,0.000,0.000,0.000,0.000,2.000,0.000,2.000,2.000,Approved,2017-10-09 10:23:04,2017-08-27 18:37:28,,69,,0,,
290,2017-01-01 00:00:00,3,30,2,0.000,1.000,0.000,0.000,1.000,0.000,0.000,0.000,0.000,0.000,1.000,Approved,2017-10-09 10:23:04,2017-08-27 18:37:28,,69,,0,,
291,2017-01-01 00:00:00,3,30,3,0.000,0.000,0.000,0.000,0.000,0.000,0.000,0.000,0.000,0.000,0.000,Approved,2017-10-09 10:23:04,2017-08-27 18:37:28,,69,,0,,
292,2017-01-01 00:00:00,3,30,4,0.000,0.000,0.000,0.000,0.000,0.000,0.000,0.000,0.000,0.000,0.000,Approved,2017-10-09 10:23:04,2017-08-27 18:37:28,,69,,0,,
293,2017-01-01 00:00:00,3,30,5,0.000,0.000,0.000,0.000,0.000,0.000,0.000,0.000,0.000,0.000,0.000,Approved,2017-10-09 10:23:04,2017-08-27 18:37:28,,69,,0,,
294,2017-01-01 00:00:00,3,30,6,0.000,0.000,0.000,0.000,0.000,0.000,0.000,0.000,0.000,0.000,0.000,Approved,2017-10-09 10:23:04,2017-08-27 18:37:28,,69,,0,,
295,2017-01-01 00:00:00,3,30,7,0.000,0.000,0.000,0.000,0.000,0.000,0.000,0.000,0.000,0.000,0.000,Approved,2017-10-09 10:23:04,2017-08-27 18:37:28,,69,,0,,
296,2017-01-01 00:00:00,3,30,8,0.000,0.000,0.000,0.000,0.000,0.000,0.000,0.000,0.000,0.000,0.000,Approved,2017-10-09 10:23:04,2017-08-27 18:37:28,,69,,0,,
297,2017-01-01 00:00:00,3,30,9,0.000,0.000,0.000,0.000,0.000,0.000,0.000,0.000,0.000,0.000,0.000,Approved,2017-10-09 10:23:04,2017-08-27 18:37:28,,69,,0,,
298,2017-01-01 00:00:00,3,30,10,0.000,0.000,0.000,0.000,0.000,0.000,0.000,0.000,0.000,0.000,0.000,Approved,2017-10-09 10:23:04,2017-08-27 18:37:28,,69,,0,,
299,2017-01-01 00:00:00,3,30,11,0.000,0.000,0.000,0.000,0.000,0.000,0.000,0.000,0.000,0.000,0.000,Approved,2017-10-09 10:23:04,2017-08-27 18:37:28,,69,,0,,
300,2017-01-01 00:00:00,3,30,12,0.000,0.000,0.000,0.000,0.000,0.000,0.000,0.000,0.000,0.000,0.000,Approved,2017-10-09 10:23:04,2017-08-27 18:37:28,,69,,0,,
301,2017-02-01 00:00:00,3,30,1,0.000,0.000,0.000,0.000,0.000,2.000,0.000,2.000,0.000,4.000,4.000,Approved,2017-10-09 10:23:10,2017-08-27 18:39:55,,69,,0,,
302,2017-02-01 00:00:00,3,30,2,0.000,0.000,0.000,0.000,0.000,0.000,0.000,0.000,0.000,0.000,0.000,Approved,2017-10-09 10:23:10,2017-08-27 18:39:55,,69,,0,,
303,2017-02-01 00:00:00,3,30,3,0.000,0.000,0.000,0.000,0.000,0.000,0.000,0.000,0.000,0.000,0.000,Approved,2017-10-09 10:23:10,2017-08-27 18:39:55,,69,,0,,
304,2017-02-01 00:00:00,3,30,4,0.000,0.000,0.000,0.000,0.000,0.000,0.000,0.000,0.000,0.000,0.000,Approved,2017-10-09 10:23:10,2017-08-27 18:39:55,,69,,0,,
305,2017-02-01 00:00:00,3,30,5,0.000,0.000,0.000,0.000,0.000,0.000,0.000,0.000,0.000,0.000,0.000,Approved,2017-10-09 10:23:10,2017-08-27 18:39:55,,69,,0,,
306,2017-02-01 00:00:00,3,30,6,0.000,0.000,0.000,0.000,0.000,0.000,0.000,0.000,0.000,0.000,0.000,Approved,2017-10-09 10:23:10,2017-08-27 18:39:55,,69,,0,,
307,2017-02-01 00:00:00,3,30,7,0.000,0.000,0.000,0.000,0.000,0.000,0.000,0.000,0.000,0.000,0.000,Approved,2017-10-09 10:23:10,2017-08-27 18:39:55,,69,,0,,
308,2017-02-01 00:00:00,3,30,8,0.000,0.000,0.000,0.000,0.000,0.000,0.000,0.000,0.000,0.000,0.000,Approved,2017-10-09 10:23:10,2017-08-27 18:39:55,,69,,0,,
309,2017-02-01 00:00:00,3,30,9,0.000,0.000,0.000,0.000,0.000,0.000,0.000,0.000,0.000,0.000,0.000,Approved,2017-10-09 10:23:10,2017-08-27 18:39:55,,69,,0,,
310,2017-02-01 00:00:00,3,30,10,0.000,0.000,0.000,0.000,0.000,0.000,0.000,0.000,0.000,0.000,0.000,Approved,2017-10-09 10:23:10,2017-08-27 18:39:55,,69,,0,,
311,2017-02-01 00:00:00,3,30,11,0.000,0.000,0.000,0.000,0.000,0.000,0.000,0.000,0.000,0.000,0.000,Approved,2017-10-09 10:23:10,2017-08-27 18:39:55,,69,,0,,
312,2017-02-01 00:00:00,3,30,12,0.000,0.000,0.000,0.000,0.000,0.000,0.000,0.000,0.000,0.000,0.000,Approved,2017-10-09 10:23:10,2017-08-27 18:39:55,,69,,0,,
313,2017-03-01 00:00:00,3,30,1,0.000,0.000,0.000,0.000,0.000,1.000,0.000,2.000,0.000,3.000,3.000,Approved,2017-10-09 10:23:16,2017-08-27 18:42:14,,69,,0,,
314,2017-03-01 00:00:00,3,30,2,0.000,1.000,0.000,0.000,1.000,0.000,0.000,0.000,0.000,0.000,1.000,Approved,2017-10-09 10:23:16,2017-08-27 18:42:14,,69,,0,,
315,2017-03-01 00:00:00,3,30,3,0.000,0.000,0.000,0.000,0.000,0.000,0.000,0.000,0.000,0.000,0.000,Approved,2017-10-09 10:23:16,2017-08-27 18:42:14,,69,,0,,
316,2017-03-01 00:00:00,3,30,4,0.000,0.000,0.000,0.000,0.000,0.000,0.000,0.000,0.000,0.000,0.000,Approved,2017-10-09 10:23:16,2017-08-27 18:42:14,,69,,0,,
317,2017-03-01 00:00:00,3,30,5,0.000,0.000,0.000,0.000,0.000,0.000,0.000,0.000,0.000,0.000,0.000,Approved,2017-10-09 10:23:16,2017-08-27 18:42:14,,69,,0,,
318,2017-03-01 00:00:00,3,30,6,0.000,0.000,0.000,0.000,0.000,0.000,0.000,0.000,0.000,0.000,0.000,Approved,2017-10-09 10:23:16,2017-08-27 18:42:14,,69,,0,,
319,2017-03-01 00:00:00,3,30,7,0.000,0.000,0.000,0.000,0.000,0.000,0.000,0.000,0.000,0.000,0.000,Approved,2017-10-09 10:23:16,2017-08-27 18:42:14,,69,,0,,
320,2017-03-01 00:00:00,3,30,8,0.000,0.000,0.000,0.000,0.000,0.000,0.000,0.000,0.000,0.000,0.000,Approved,2017-10-09 10:23:16,2017-08-27 18:42:14,,69,,0,,
321,2017-03-01 00:00:00,3,30,9,0.000,0.000,0.000,0.000,0.000,0.000,0.000,0.000,0.000,0.000,0.000,Approved,2017-10-09 10:23:16,2017-08-27 18:42:14,,69,,0,,
322,2017-03-01 00:00:00,3,30,10,0.000,0.000,0.000,0.000,0.000,0.000,0.000,0.000,0.000,0.000,0.000,Approved,2017-10-09 10:23:16,2017-08-27 18:42:14,,69,,0,,
323,2017-03-01 00:00:00,3,30,11,0.000,0.000,0.000,0.000,0.000,0.000,0.000,0.000,0.000,0.000,0.000,Approved,2017-10-09 10:23:16,2017-08-27 18:42:14,,69,,0,,
324,2017-03-01 00:00:00,3,30,12,0.000,0.000,0.000,0.000,0.000,0.000,0.000,0.000,0.000,0.000,0.000,Approved,2017-10-09 10:23:16,2017-08-27 18:42:14,,69,,0,,
325,2017-07-01 00:00:00,10,32,1,10200.000,0.000,0.000,0.000,10200.000,0.000,0.000,0.000,0.000,0.000,10200.000,Approval Awaited,,2017-08-28 14:53:39,,58,,0,,
326,2017-07-01 00:00:00,10,32,2,0.000,0.000,0.000,0.000,0.000,0.000,0.000,0.000,0.000,0.000,0.000,Approval Awaited,,2017-08-28 14:53:39,,58,,0,,
327,2017-07-01 00:00:00,10,32,3,0.000,0.000,0.000,0.000,0.000,0.000,0.000,0.000,0.000,0.000,0.000,Approval Awaited,,2017-08-28 14:53:39,,58,,0,,
328,2017-07-01 00:00:00,10,32,4,0.000,0.000,0.000,0.000,0.000,0.000,0.000,0.000,0.000,0.000,0.000,Approval Awaited,,2017-08-28 14:53:39,,58,,0,,
329,2017-07-01 00:00:00,10,32,5,0.000,0.000,0.000,0.000,0.000,0.000,0.000,0.000,0.000,0.000,0.000,Approval Awaited,,2017-08-28 14:53:39,,58,,0,,
330,2017-07-01 00:00:00,10,32,6,0.000,0.000,0.000,0.000,0.000,0.000,0.000,0.000,0.000,0.000,0.000,Approval Awaited,,2017-08-28 14:53:39,,58,,0,,
331,2017-07-01 00:00:00,10,32,7,0.000,0.000,0.000,0.000,0.000,0.000,0.000,0.000,0.000,0.000,0.000,Approval Awaited,,2017-08-28 14:53:39,,58,,0,,
332,2017-07-01 00:00:00,10,32,8,0.000,0.000,0.000,0.000,0.000,0.000,0.000,0.000,0.000,0.000,0.000,Approval Awaited,,2017-08-28 14:53:39,,58,,0,,
333,2017-07-01 00:00:00,10,32,9,0.000,0.000,0.000,0.000,0.000,0.000,0.000,0.000,0.000,0.000,0.000,Approval Awaited,,2017-08-28 14:53:39,,58,,0,,
334,2017-07-01 00:00:00,10,32,10,0.000,0.000,0.000,0.000,0.000,0.000,0.000,0.000,0.000,0.000,0.000,Approval Awaited,,2017-08-28 14:53:39,,58,,0,,
335,2017-07-01 00:00:00,10,32,11,0.000,0.000,0.000,0.000,0.000,0.000,0.000,0.000,0.000,0.000,0.000,Approval Awaited,,2017-08-28 14:53:39,,58,,0,,
336,2017-07-01 00:00:00,10,32,12,0.000,0.000,0.000,0.000,0.000,0.000,0.000,0.000,0.000,0.000,0.000,Approval Awaited,,2017-08-28 14:53:39,,58,,0,,
