id,row_id,commodities_group_wise_id,state_board_id,port_board_id,month_year,loaded,unloaded,total,status,created_by_user_id,updated_by_user_id,approved_on,created_on,modified_on,log_data_created_on
1,1,1,,8,2017-02-01 00:00:00,239042,1203777,1442819,Approval Awaited,35,,2017-03-14 15:02:54,2017-03-02 14:23:42,,2017-03-14 15:02:54
2,2,2,,8,2017-02-01 00:00:00,0,71115,71115,Approval Awaited,35,,2017-03-14 15:02:54,2017-03-02 14:23:42,,2017-03-14 15:02:54
3,3,3,,8,2017-02-01 00:00:00,0,0,0,Approval Awaited,35,,2017-03-14 15:02:54,2017-03-02 14:23:42,,2017-03-14 15:02:54
4,4,4,,8,2017-02-01 00:00:00,0,0,0,Approval Awaited,35,,2017-03-14 15:02:54,2017-03-02 14:23:42,,2017-03-14 15:02:54
5,5,5,,8,2017-02-01 00:00:00,0,0,0,Approval Awaited,35,,2017-03-14 15:02:54,2017-03-02 14:23:42,,2017-03-14 15:02:54
6,6,6,,8,2017-02-01 00:00:00,0,0,0,Approval Awaited,35,,2017-03-14 15:02:54,2017-03-02 14:23:42,,2017-03-14 15:02:54
7,7,7,,8,2017-02-01 00:00:00,0,0,0,Approval Awaited,35,,2017-03-14 15:02:54,2017-03-02 14:23:42,,2017-03-14 15:02:54
8,8,8,,8,2017-02-01 00:00:00,0,0,0,Approval Awaited,35,,2017-03-14 15:02:54,2017-03-02 14:23:42,,2017-03-14 15:02:54
9,9,9,,8,2017-02-01 00:00:00,198219,318861,517080,Approval Awaited,35,,2017-03-14 15:02:54,2017-03-02 14:23:42,,2017-03-14 15:02:54
10,10,10,,8,2017-02-01 00:00:00,0,0,0,Approval Awaited,35,,2017-03-14 15:02:54,2017-03-02 14:23:42,,2017-03-14 15:02:54
11,11,11,,8,2017-02-01 00:00:00,0,103749,103749,Approval Awaited,35,,2017-03-14 15:02:54,2017-03-02 14:23:42,,2017-03-14 15:02:54
12,12,12,,8,2017-02-01 00:00:00,0,0,0,Approval Awaited,35,,2017-03-14 15:02:54,2017-03-02 14:23:42,,2017-03-14 15:02:54
13,109,1,,8,2016-12-01 00:00:00,160947,1255343,1416290,Approval Awaited,35,,2017-03-14 15:22:19,2017-03-03 11:52:07,,2017-03-14 15:22:19
14,110,2,,8,2016-12-01 00:00:00,4977,31296,36273,Approval Awaited,35,,2017-03-14 15:22:19,2017-03-03 11:52:07,,2017-03-14 15:22:19
15,111,3,,8,2016-12-01 00:00:00,0,0,0,Approval Awaited,35,,2017-03-14 15:22:19,2017-03-03 11:52:07,,2017-03-14 15:22:19
16,112,4,,8,2016-12-01 00:00:00,0,0,0,Approval Awaited,35,,2017-03-14 15:22:19,2017-03-03 11:52:07,,2017-03-14 15:22:19
17,113,5,,8,2016-12-01 00:00:00,0,25000,25000,Approval Awaited,35,,2017-03-14 15:22:19,2017-03-03 11:52:07,,2017-03-14 15:22:19
18,114,6,,8,2016-12-01 00:00:00,0,0,0,Approval Awaited,35,,2017-03-14 15:22:19,2017-03-03 11:52:07,,2017-03-14 15:22:19
19,115,7,,8,2016-12-01 00:00:00,0,0,0,Approval Awaited,35,,2017-03-14 15:22:19,2017-03-03 11:52:07,,2017-03-14 15:22:19
20,116,8,,8,2016-12-01 00:00:00,0,0,0,Approval Awaited,35,,2017-03-14 15:22:19,2017-03-03 11:52:07,,2017-03-14 15:22:19
21,117,9,,8,2016-12-01 00:00:00,204561,352323,556884,Approval Awaited,35,,2017-03-14 15:22:19,2017-03-03 11:52:07,,2017-03-14 15:22:19
22,118,10,,8,2016-12-01 00:00:00,0,0,0,Approval Awaited,35,,2017-03-14 15:22:19,2017-03-03 11:52:07,,2017-03-14 15:22:19
23,119,11,,8,2016-12-01 00:00:00,0,127808,127808,Approval Awaited,35,,2017-03-14 15:22:19,2017-03-03 11:52:07,,2017-03-14 15:22:19
24,120,12,,8,2016-12-01 00:00:00,0,0,0,Approval Awaited,35,,2017-03-14 15:22:19,2017-03-03 11:52:07,,2017-03-14 15:22:19
25,337,1,10,33,2017-04-01 00:00:00,0,0,0,Approval Awaited,52,,2017-05-05 16:43:24,2017-05-05 16:26:58,,2017-05-05 16:43:24
26,338,2,10,33,2017-04-01 00:00:00,0,2999,2999,Approval Awaited,52,,2017-05-05 16:43:24,2017-05-05 16:26:58,,2017-05-05 16:43:24
27,339,3,10,33,2017-04-01 00:00:00,0,0,0,Approval Awaited,52,,2017-05-05 16:43:24,2017-05-05 16:26:58,,2017-05-05 16:43:24
28,340,4,10,33,2017-04-01 00:00:00,0,0,0,Approval Awaited,52,,2017-05-05 16:43:24,2017-05-05 16:26:58,,2017-05-05 16:43:24
29,341,5,10,33,2017-04-01 00:00:00,0,0,0,Approval Awaited,52,,2017-05-05 16:43:24,2017-05-05 16:26:58,,2017-05-05 16:43:24
30,342,6,10,33,2017-04-01 00:00:00,0,0,0,Approval Awaited,52,,2017-05-05 16:43:24,2017-05-05 16:26:58,,2017-05-05 16:43:24
31,343,7,10,33,2017-04-01 00:00:00,0,0,0,Approval Awaited,52,,2017-05-05 16:43:24,2017-05-05 16:26:58,,2017-05-05 16:43:24
32,344,8,10,33,2017-04-01 00:00:00,0,0,0,Approval Awaited,52,,2017-05-05 16:43:24,2017-05-05 16:26:58,,2017-05-05 16:43:24
33,345,9,10,33,2017-04-01 00:00:00,0,0,0,Approval Awaited,52,,2017-05-05 16:43:24,2017-05-05 16:26:58,,2017-05-05 16:43:24
34,346,10,10,33,2017-04-01 00:00:00,0,0,0,Approval Awaited,52,,2017-05-05 16:43:24,2017-05-05 16:26:58,,2017-05-05 16:43:24
35,347,11,10,33,2017-04-01 00:00:00,0,0,0,Approval Awaited,52,,2017-05-05 16:43:24,2017-05-05 16:26:58,,2017-05-05 16:43:24
36,348,12,10,33,2017-04-01 00:00:00,0,0,0,Approval Awaited,52,,2017-05-05 16:43:24,2017-05-05 16:26:58,,2017-05-05 16:43:24
37,349,1,10,33,2016-06-01 00:00:00,0,0,0,Approval Awaited,52,,2017-05-05 16:43:58,2017-05-05 16:28:36,,2017-05-05 16:43:58
38,350,2,10,33,2016-06-01 00:00:00,0,2940,2940,Approval Awaited,52,,2017-05-05 16:43:58,2017-05-05 16:28:36,,2017-05-05 16:43:58
39,351,3,10,33,2016-06-01 00:00:00,0,0,0,Approval Awaited,52,,2017-05-05 16:43:58,2017-05-05 16:28:36,,2017-05-05 16:43:58
40,352,4,10,33,2016-06-01 00:00:00,0,0,0,Approval Awaited,52,,2017-05-05 16:43:58,2017-05-05 16:28:36,,2017-05-05 16:43:58
41,353,5,10,33,2016-06-01 00:00:00,0,0,0,Approval Awaited,52,,2017-05-05 16:43:58,2017-05-05 16:28:36,,2017-05-05 16:43:58
42,354,6,10,33,2016-06-01 00:00:00,0,0,0,Approval Awaited,52,,2017-05-05 16:43:58,2017-05-05 16:28:36,,2017-05-05 16:43:58
43,355,7,10,33,2016-06-01 00:00:00,0,0,0,Approval Awaited,52,,2017-05-05 16:43:58,2017-05-05 16:28:36,,2017-05-05 16:43:58
44,356,8,10,33,2016-06-01 00:00:00,0,0,0,Approval Awaited,52,,2017-05-05 16:43:58,2017-05-05 16:28:36,,2017-05-05 16:43:58
45,357,9,10,33,2016-06-01 00:00:00,0,0,0,Approval Awaited,52,,2017-05-05 16:43:58,2017-05-05 16:28:36,,2017-05-05 16:43:58
46,358,10,10,33,2016-06-01 00:00:00,0,0,0,Approval Awaited,52,,2017-05-05 16:43:58,2017-05-05 16:28:36,,2017-05-05 16:43:58
47,359,11,10,33,2016-06-01 00:00:00,0,0,0,Approval Awaited,52,,2017-05-05 16:43:58,2017-05-05 16:28:36,,2017-05-05 16:43:58
48,360,12,10,33,2016-06-01 00:00:00,0,0,0,Approval Awaited,52,,2017-05-05 16:43:58,2017-05-05 16:28:36,,2017-05-05 16:43:58
49,361,1,10,33,2016-11-01 00:00:00,0,0,0,Approval Awaited,52,,2017-05-05 16:44:24,2017-05-05 16:29:37,,2017-05-05 16:44:24
50,362,2,10,33,2016-11-01 00:00:00,0,2435,2435,Approval Awaited,52,,2017-05-05 16:44:24,2017-05-05 16:29:37,,2017-05-05 16:44:24
51,363,3,10,33,2016-11-01 00:00:00,0,0,0,Approval Awaited,52,,2017-05-05 16:44:24,2017-05-05 16:29:37,,2017-05-05 16:44:24
52,364,4,10,33,2016-11-01 00:00:00,0,0,0,Approval Awaited,52,,2017-05-05 16:44:24,2017-05-05 16:29:37,,2017-05-05 16:44:24
53,365,5,10,33,2016-11-01 00:00:00,0,0,0,Approval Awaited,52,,2017-05-05 16:44:24,2017-05-05 16:29:37,,2017-05-05 16:44:24
54,366,6,10,33,2016-11-01 00:00:00,0,0,0,Approval Awaited,52,,2017-05-05 16:44:24,2017-05-05 16:29:37,,2017-05-05 16:44:24
55,367,7,10,33,2016-11-01 00:00:00,0,0,0,Approval Awaited,52,,2017-05-05 16:44:24,2017-05-05 16:29:37,,2017-05-05 16:44:24
56,368,8,10,33,2016-11-01 00:00:00,0,0,0,Approval Awaited,52,,2017-05-05 16:44:24,2017-05-05 16:29:37,,2017-05-05 16:44:24
57,369,9,10,33,2016-11-01 00:00:00,0,0,0,Approval Awaited,52,,2017-05-05 16:44:24,2017-05-05 16:29:37,,2017-05-05 16:44:24
58,370,10,10,33,2016-11-01 00:00:00,0,0,0,Approval Awaited,52,,2017-05-05 16:44:24,2017-05-05 16:29:37,,2017-05-05 16:44:24
59,371,11,10,33,2016-11-01 00:00:00,0,0,0,Approval Awaited,52,,2017-05-05 16:44:24,2017-05-05 16:29:37,,2017-05-05 16:44:24
60,372,12,10,33,2016-11-01 00:00:00,0,0,0,Approval Awaited,52,,2017-05-05 16:44:24,2017-05-05 16:29:37,,2017-05-05 16:44:24
61,373,1,10,33,2017-01-01 00:00:00,0,0,0,Approval Awaited,52,,2017-05-05 16:44:47,2017-05-05 16:30:50,,2017-05-05 16:44:47
62,374,2,10,33,2017-01-01 00:00:00,0,2999,2999,Approval Awaited,52,,2017-05-05 16:44:47,2017-05-05 16:30:50,,2017-05-05 16:44:47
63,375,3,10,33,2017-01-01 00:00:00,0,0,0,Approval Awaited,52,,2017-05-05 16:44:47,2017-05-05 16:30:50,,2017-05-05 16:44:47
64,376,4,10,33,2017-01-01 00:00:00,0,0,0,Approval Awaited,52,,2017-05-05 16:44:47,2017-05-05 16:30:50,,2017-05-05 16:44:47
65,377,5,10,33,2017-01-01 00:00:00,0,0,0,Approval Awaited,52,,2017-05-05 16:44:47,2017-05-05 16:30:50,,2017-05-05 16:44:47
66,378,6,10,33,2017-01-01 00:00:00,0,0,0,Approval Awaited,52,,2017-05-05 16:44:47,2017-05-05 16:30:50,,2017-05-05 16:44:47
67,379,7,10,33,2017-01-01 00:00:00,0,0,0,Approval Awaited,52,,2017-05-05 16:44:47,2017-05-05 16:30:50,,2017-05-05 16:44:47
68,380,8,10,33,2017-01-01 00:00:00,0,0,0,Approval Awaited,52,,2017-05-05 16:44:47,2017-05-05 16:30:50,,2017-05-05 16:44:47
69,381,9,10,33,2017-01-01 00:00:00,0,0,0,Approval Awaited,52,,2017-05-05 16:44:47,2017-05-05 16:30:50,,2017-05-05 16:44:47
70,382,10,10,33,2017-01-01 00:00:00,0,0,0,Approval Awaited,52,,2017-05-05 16:44:47,2017-05-05 16:30:50,,2017-05-05 16:44:47
71,383,11,10,33,2017-01-01 00:00:00,0,0,0,Approval Awaited,52,,2017-05-05 16:44:47,2017-05-05 16:30:50,,2017-05-05 16:44:47
72,384,12,10,33,2017-01-01 00:00:00,0,0,0,Approval Awaited,52,,2017-05-05 16:44:47,2017-05-05 16:30:50,,2017-05-05 16:44:47
73,481,1,,9,2017-01-01 00:00:00,462175,1381703,1843878,Approval Awaited,25,,2017-05-17 15:13:21,2017-05-06 12:24:23,,2017-05-17 15:13:21
74,482,2,,9,2017-01-01 00:00:00,92747,65989,158736,Approval Awaited,25,,2017-05-17 15:13:21,2017-05-06 12:24:23,,2017-05-17 15:13:21
75,483,3,,9,2017-01-01 00:00:00,286343,217902,504245,Approval Awaited,25,,2017-05-17 15:13:21,2017-05-06 12:24:23,,2017-05-17 15:13:21
76,484,4,,9,2017-01-01 00:00:00,0,0,0,Approval Awaited,25,,2017-05-17 15:13:21,2017-05-06 12:24:23,,2017-05-17 15:13:21
77,485,5,,9,2017-01-01 00:00:00,0,15000,15000,Approval Awaited,25,,2017-05-17 15:13:21,2017-05-06 12:24:23,,2017-05-17 15:13:21
78,486,6,,9,2017-01-01 00:00:00,0,332759,332759,Approval Awaited,25,,2017-05-17 15:13:21,2017-05-06 12:24:23,,2017-05-17 15:13:21
79,487,7,,9,2017-01-01 00:00:00,0,0,0,Approval Awaited,25,,2017-05-17 15:13:21,2017-05-06 12:24:23,,2017-05-17 15:13:21
80,488,8,,9,2017-01-01 00:00:00,9322,53486,62808,Approval Awaited,25,,2017-05-17 15:13:21,2017-05-06 12:24:23,,2017-05-17 15:13:21
81,489,9,,9,2017-01-01 00:00:00,43436,77059,120495,Approval Awaited,25,,2017-05-17 15:13:21,2017-05-06 12:24:23,,2017-05-17 15:13:21
82,490,10,,9,2017-01-01 00:00:00,0,141339,141339,Approval Awaited,25,,2017-05-17 15:13:21,2017-05-06 12:24:23,,2017-05-17 15:13:21
83,491,11,,9,2017-01-01 00:00:00,5920,129208,135128,Approval Awaited,25,,2017-05-17 15:13:21,2017-05-06 12:24:23,,2017-05-17 15:13:21
84,492,12,,9,2017-01-01 00:00:00,0,0,0,Approval Awaited,25,,2017-05-17 15:13:21,2017-05-06 12:24:23,,2017-05-17 15:13:21
85,505,1,,9,2017-03-01 00:00:00,658766,1563257,2222023,Approval Awaited,25,,2017-05-17 15:25:49,2017-05-06 12:38:40,,2017-05-17 15:25:49
86,506,2,,9,2017-03-01 00:00:00,63830,57641,121471,Approval Awaited,25,,2017-05-17 15:25:49,2017-05-06 12:38:40,,2017-05-17 15:25:49
87,507,3,,9,2017-03-01 00:00:00,245072,260304,505376,Approval Awaited,25,,2017-05-17 15:25:49,2017-05-06 12:38:40,,2017-05-17 15:25:49
88,508,4,,9,2017-03-01 00:00:00,0,71571,71571,Approval Awaited,25,,2017-05-17 15:25:49,2017-05-06 12:38:40,,2017-05-17 15:25:49
89,509,5,,9,2017-03-01 00:00:00,0,0,0,Approval Awaited,25,,2017-05-17 15:25:49,2017-05-06 12:38:40,,2017-05-17 15:25:49
90,510,6,,9,2017-03-01 00:00:00,0,223213,223213,Approval Awaited,25,,2017-05-17 15:25:49,2017-05-06 12:38:40,,2017-05-17 15:25:49
91,511,7,,9,2017-03-01 00:00:00,0,0,0,Approval Awaited,25,,2017-05-17 15:25:49,2017-05-06 12:38:40,,2017-05-17 15:25:49
92,512,8,,9,2017-03-01 00:00:00,0,268528,268528,Approval Awaited,25,,2017-05-17 15:25:49,2017-05-06 12:38:40,,2017-05-17 15:25:49
93,513,9,,9,2017-03-01 00:00:00,82785,104860,187645,Approval Awaited,25,,2017-05-17 15:25:49,2017-05-06 12:38:40,,2017-05-17 15:25:49
94,514,10,,9,2017-03-01 00:00:00,0,222489,222489,Approval Awaited,25,,2017-05-17 15:25:49,2017-05-06 12:38:40,,2017-05-17 15:25:49
95,515,11,,9,2017-03-01 00:00:00,44487,147543,192030,Approval Awaited,25,,2017-05-17 15:25:49,2017-05-06 12:38:40,,2017-05-17 15:25:49
96,516,12,,9,2017-03-01 00:00:00,0,0,0,Approval Awaited,25,,2017-05-17 15:25:49,2017-05-06 12:38:40,,2017-05-17 15:25:49
97,769,1,,10,2017-04-01 00:00:00,0,49759,49759,Approval Awaited,61,,2017-05-30 16:49:53,2017-05-16 12:09:26,,2017-05-30 16:49:53
98,770,2,,10,2017-04-01 00:00:00,0,48732,48732,Approval Awaited,61,,2017-05-30 16:49:53,2017-05-16 12:09:26,,2017-05-30 16:49:53
99,771,3,,10,2017-04-01 00:00:00,2133704,0,2133704,Approval Awaited,61,,2017-05-30 16:49:53,2017-05-16 12:09:26,,2017-05-30 16:49:53
100,772,4,,10,2017-04-01 00:00:00,0,9585,9585,Approval Awaited,61,,2017-05-30 16:49:53,2017-05-16 12:09:26,,2017-05-30 16:49:53
101,773,5,,10,2017-04-01 00:00:00,0,0,0,Approval Awaited,61,,2017-05-30 16:49:53,2017-05-16 12:09:26,,2017-05-30 16:49:53
102,774,6,,10,2017-04-01 00:00:00,0,122881,122881,Approval Awaited,61,,2017-05-30 16:49:53,2017-05-16 12:09:26,,2017-05-30 16:49:53
103,775,7,,10,2017-04-01 00:00:00,0,853658,853658,Approval Awaited,61,,2017-05-30 16:49:53,2017-05-16 12:09:26,,2017-05-30 16:49:53
104,776,8,,10,2017-04-01 00:00:00,0,0,0,Approval Awaited,61,,2017-05-30 16:49:53,2017-05-16 12:09:26,,2017-05-30 16:49:53
105,777,9,,10,2017-04-01 00:00:00,9218,22414,31632,Approval Awaited,61,,2017-05-30 16:49:53,2017-05-16 12:09:26,,2017-05-30 16:49:53
106,778,10,,10,2017-04-01 00:00:00,0,0,0,Approval Awaited,61,,2017-05-30 16:49:53,2017-05-16 12:09:26,,2017-05-30 16:49:53
107,779,11,,10,2017-04-01 00:00:00,226676,169615,396291,Approval Awaited,61,,2017-05-30 16:49:53,2017-05-16 12:09:26,,2017-05-30 16:49:53
108,780,12,,10,2017-04-01 00:00:00,0,0,0,Approval Awaited,61,,2017-05-30 16:49:53,2017-05-16 12:09:26,,2017-05-30 16:49:53
109,313,1,,3,2017-05-01 00:00:00,270820,1902562,2173382,Approval Awaited,42,,2017-06-12 15:38:56,2017-05-04 16:45:33,,2017-06-12 15:38:56
110,314,2,,3,2017-05-01 00:00:00,0,130796,130796,Approval Awaited,42,,2017-06-12 15:38:56,2017-05-04 16:45:33,,2017-06-12 15:38:56
111,315,3,,3,2017-05-01 00:00:00,257050,0,257050,Approval Awaited,42,,2017-06-12 15:38:56,2017-05-04 16:45:33,,2017-06-12 15:38:56
112,316,4,,3,2017-05-01 00:00:00,0,0,0,Approval Awaited,42,,2017-06-12 15:38:56,2017-05-04 16:45:33,,2017-06-12 15:38:56
113,317,5,,3,2017-05-01 00:00:00,0,305525,305525,Approval Awaited,42,,2017-06-12 15:38:56,2017-05-04 16:45:33,,2017-06-12 15:38:56
114,318,6,,3,2017-05-01 00:00:00,1810287,445662,2255949,Approval Awaited,42,,2017-06-12 15:38:56,2017-05-04 16:45:33,,2017-06-12 15:38:56
115,319,7,,3,2017-05-01 00:00:00,0,627276,627276,Approval Awaited,42,,2017-06-12 15:38:56,2017-05-04 16:45:33,,2017-06-12 15:38:56
116,320,8,,3,2017-05-01 00:00:00,0,221683,221683,Approval Awaited,42,,2017-06-12 15:38:56,2017-05-04 16:45:33,,2017-06-12 15:38:56
117,321,9,,3,2017-05-01 00:00:00,2712,220,2932,Approval Awaited,42,,2017-06-12 15:38:56,2017-05-04 16:45:33,,2017-06-12 15:38:56
118,322,10,,3,2017-05-01 00:00:00,0,0,0,Approval Awaited,42,,2017-06-12 15:38:56,2017-05-04 16:45:33,,2017-06-12 15:38:56
119,323,11,,3,2017-05-01 00:00:00,823228,537499,1360727,Approval Awaited,42,,2017-06-12 15:38:56,2017-05-04 16:45:33,,2017-06-12 15:38:56
120,324,12,,3,2017-05-01 00:00:00,0,0,0,Approval Awaited,42,,2017-06-12 15:38:56,2017-05-04 16:45:33,,2017-06-12 15:38:56
121,973,1,3,30,2017-05-01 00:00:00,23959,8092,32051,Approval Awaited,69,,2017-06-20 11:34:39,2017-06-20 11:20:51,,2017-06-20 11:34:39
122,974,2,3,30,2017-05-01 00:00:00,0,0,0,Approval Awaited,69,,2017-06-20 11:34:39,2017-06-20 11:20:51,,2017-06-20 11:34:39
123,975,3,3,30,2017-05-01 00:00:00,0,0,0,Approval Awaited,69,,2017-06-20 11:34:39,2017-06-20 11:20:51,,2017-06-20 11:34:39
124,976,4,3,30,2017-05-01 00:00:00,0,0,0,Approval Awaited,69,,2017-06-20 11:34:39,2017-06-20 11:20:51,,2017-06-20 11:34:39
125,977,5,3,30,2017-05-01 00:00:00,0,0,0,Approval Awaited,69,,2017-06-20 11:34:39,2017-06-20 11:20:51,,2017-06-20 11:34:39
126,978,6,3,30,2017-05-01 00:00:00,0,0,0,Approval Awaited,69,,2017-06-20 11:34:39,2017-06-20 11:20:51,,2017-06-20 11:34:39
127,979,7,3,30,2017-05-01 00:00:00,0,0,0,Approval Awaited,69,,2017-06-20 11:34:39,2017-06-20 11:20:51,,2017-06-20 11:34:39
128,980,8,3,30,2017-05-01 00:00:00,0,0,0,Approval Awaited,69,,2017-06-20 11:34:39,2017-06-20 11:20:51,,2017-06-20 11:34:39
129,981,9,3,30,2017-05-01 00:00:00,0,0,0,Approval Awaited,69,,2017-06-20 11:34:39,2017-06-20 11:20:51,,2017-06-20 11:34:39
130,982,10,3,30,2017-05-01 00:00:00,0,0,0,Approval Awaited,69,,2017-06-20 11:34:39,2017-06-20 11:20:51,,2017-06-20 11:34:39
131,983,11,3,30,2017-05-01 00:00:00,0,0,0,Approval Awaited,69,,2017-06-20 11:34:39,2017-06-20 11:20:51,,2017-06-20 11:34:39
132,984,12,3,30,2017-05-01 00:00:00,0,0,0,Approval Awaited,69,,2017-06-20 11:34:39,2017-06-20 11:20:51,,2017-06-20 11:34:39
133,949,1,,11,2017-05-01 00:00:00,178288,162413,340701,Approval Awaited,30,,2017-07-20 13:06:08,2017-06-15 14:27:49,,2017-07-20 13:06:08
134,950,2,,11,2017-05-01 00:00:00,10639,181097,191736,Approval Awaited,30,,2017-07-20 13:06:08,2017-06-15 14:27:49,,2017-07-20 13:06:08
135,951,3,,11,2017-05-01 00:00:00,0,0,0,Approval Awaited,30,,2017-07-20 13:06:08,2017-06-15 14:27:49,,2017-07-20 13:06:08
136,952,4,,11,2017-05-01 00:00:00,0,0,0,Approval Awaited,30,,2017-07-20 13:06:08,2017-06-15 14:27:49,,2017-07-20 13:06:08
137,953,5,,11,2017-05-01 00:00:00,0,0,0,Approval Awaited,30,,2017-07-20 13:06:08,2017-06-15 14:27:49,,2017-07-20 13:06:08
138,954,6,,11,2017-05-01 00:00:00,0,0,0,Approval Awaited,30,,2017-07-20 13:06:08,2017-06-15 14:27:49,,2017-07-20 13:06:08
139,955,7,,11,2017-05-01 00:00:00,0,0,0,Approval Awaited,30,,2017-07-20 13:06:08,2017-06-15 14:27:49,,2017-07-20 13:06:08
140,956,8,,11,2017-05-01 00:00:00,0,0,0,Approval Awaited,30,,2017-07-20 13:06:08,2017-06-15 14:27:49,,2017-07-20 13:06:08
141,957,9,,11,2017-05-01 00:00:00,2132121,2685757,4817878,Approval Awaited,30,,2017-07-20 13:06:08,2017-06-15 14:27:49,,2017-07-20 13:06:08
142,958,10,,11,2017-05-01 00:00:00,0,57616,57616,Approval Awaited,30,,2017-07-20 13:06:08,2017-06-15 14:27:49,,2017-07-20 13:06:08
143,959,11,,11,2017-05-01 00:00:00,0,72448,72448,Approval Awaited,30,,2017-07-20 13:06:08,2017-06-15 14:27:49,,2017-07-20 13:06:08
144,960,12,,11,2017-05-01 00:00:00,1850,1429,3279,Approval Awaited,30,,2017-07-20 13:06:08,2017-06-15 14:27:49,,2017-07-20 13:06:08
145,1525,1,,1,2016-04-01 00:00:00,4000,31000,35000,Approval Awaited,75,,2017-07-28 12:05:47,2017-07-28 12:02:10,,2017-07-28 12:05:47
146,1526,2,,1,2016-04-01 00:00:00,0,52000,52000,Approval Awaited,75,,2017-07-28 12:05:47,2017-07-28 12:02:10,,2017-07-28 12:05:47
147,1527,3,,1,2016-04-01 00:00:00,0,0,0,Approval Awaited,75,,2017-07-28 12:05:47,2017-07-28 12:02:10,,2017-07-28 12:05:47
148,1528,4,,1,2016-04-01 00:00:00,0,0,0,Approval Awaited,75,,2017-07-28 12:05:47,2017-07-28 12:02:10,,2017-07-28 12:05:47
149,1529,5,,1,2016-04-01 00:00:00,0,0,0,Approval Awaited,75,,2017-07-28 12:05:47,2017-07-28 12:02:10,,2017-07-28 12:05:47
150,1530,6,,1,2016-04-01 00:00:00,0,0,0,Approval Awaited,75,,2017-07-28 12:05:47,2017-07-28 12:02:10,,2017-07-28 12:05:47
151,1531,7,,1,2016-04-01 00:00:00,0,10000,10000,Approval Awaited,75,,2017-07-28 12:05:47,2017-07-28 12:02:10,,2017-07-28 12:05:47
152,1532,8,,1,2016-04-01 00:00:00,0,73000,73000,Approval Awaited,75,,2017-07-28 12:05:47,2017-07-28 12:02:10,,2017-07-28 12:05:47
153,1533,9,,1,2016-04-01 00:00:00,357000,441000,798000,Approval Awaited,75,,2017-07-28 12:05:47,2017-07-28 12:02:10,,2017-07-28 12:05:47
154,1534,10,,1,2016-04-01 00:00:00,0,0,0,Approval Awaited,75,,2017-07-28 12:05:47,2017-07-28 12:02:10,,2017-07-28 12:05:47
155,1535,11,,1,2016-04-01 00:00:00,135000,183000,318000,Approval Awaited,75,,2017-07-28 12:05:47,2017-07-28 12:02:10,,2017-07-28 12:05:47
156,1536,12,,1,2016-04-01 00:00:00,0,0,0,Approval Awaited,75,,2017-07-28 12:05:47,2017-07-28 12:02:10,,2017-07-28 12:05:47
157,1369,1,,5,2016-04-01 00:00:00,0,272,272,Approval Awaited,27,,2017-07-29 16:06:31,2017-07-28 10:31:45,,2017-07-29 16:06:31
158,1370,2,,5,2016-04-01 00:00:00,0,9,9,Approval Awaited,27,,2017-07-29 16:06:31,2017-07-28 10:31:45,,2017-07-29 16:06:31
159,1371,3,,5,2016-04-01 00:00:00,0,0,0,Approval Awaited,27,,2017-07-29 16:06:31,2017-07-28 10:31:45,,2017-07-29 16:06:31
160,1372,4,,5,2016-04-01 00:00:00,0,0,0,Approval Awaited,27,,2017-07-29 16:06:31,2017-07-28 10:31:45,,2017-07-29 16:06:31
161,1373,5,,5,2016-04-01 00:00:00,0,0,0,Approval Awaited,27,,2017-07-29 16:06:31,2017-07-28 10:31:45,,2017-07-29 16:06:31
162,1374,6,,5,2016-04-01 00:00:00,0,2101,2101,Approval Awaited,27,,2017-07-29 16:06:31,2017-07-28 10:31:45,,2017-07-29 16:06:31
163,1375,7,,5,2016-04-01 00:00:00,0,0,0,Approval Awaited,27,,2017-07-29 16:06:31,2017-07-28 10:31:45,,2017-07-29 16:06:31
164,1376,8,,5,2016-04-01 00:00:00,0,0,0,Approval Awaited,27,,2017-07-29 16:06:31,2017-07-28 10:31:45,,2017-07-29 16:06:31
165,1377,9,,5,2016-04-01 00:00:00,0,0,0,Approval Awaited,27,,2017-07-29 16:06:31,2017-07-28 10:31:45,,2017-07-29 16:06:31
166,1378,10,,5,2016-04-01 00:00:00,0,83,83,Approval Awaited,27,,2017-07-29 16:06:31,2017-07-28 10:31:45,,2017-07-29 16:06:31
167,1379,11,,5,2016-04-01 00:00:00,171,0,171,Approval Awaited,27,,2017-07-29 16:06:31,2017-07-28 10:31:45,,2017-07-29 16:06:31
168,1380,12,,5,2016-04-01 00:00:00,0,0,0,Approval Awaited,27,,2017-07-29 16:06:31,2017-07-28 10:31:45,,2017-07-29 16:06:31
169,1381,1,,5,2016-05-01 00:00:00,0,209,209,Approval Awaited,27,,2017-07-29 16:09:37,2017-07-28 10:34:00,,2017-07-29 16:09:37
170,1382,2,,5,2016-05-01 00:00:00,0,13,13,Approval Awaited,27,,2017-07-29 16:09:37,2017-07-28 10:34:00,,2017-07-29 16:09:37
171,1383,3,,5,2016-05-01 00:00:00,0,0,0,Approval Awaited,27,,2017-07-29 16:09:37,2017-07-28 10:34:00,,2017-07-29 16:09:37
172,1384,4,,5,2016-05-01 00:00:00,0,0,0,Approval Awaited,27,,2017-07-29 16:09:37,2017-07-28 10:34:00,,2017-07-29 16:09:37
173,1385,5,,5,2016-05-01 00:00:00,0,0,0,Approval Awaited,27,,2017-07-29 16:09:37,2017-07-28 10:34:00,,2017-07-29 16:09:37
174,1386,6,,5,2016-05-01 00:00:00,0,2010,2010,Approval Awaited,27,,2017-07-29 16:09:37,2017-07-28 10:34:00,,2017-07-29 16:09:37
175,1387,7,,5,2016-05-01 00:00:00,0,0,0,Approval Awaited,27,,2017-07-29 16:09:37,2017-07-28 10:34:00,,2017-07-29 16:09:37
176,1388,8,,5,2016-05-01 00:00:00,0,0,0,Approval Awaited,27,,2017-07-29 16:09:37,2017-07-28 10:34:00,,2017-07-29 16:09:37
177,1389,9,,5,2016-05-01 00:00:00,0,0,0,Approval Awaited,27,,2017-07-29 16:09:37,2017-07-28 10:34:00,,2017-07-29 16:09:37
178,1390,10,,5,2016-05-01 00:00:00,0,109,109,Approval Awaited,27,,2017-07-29 16:09:37,2017-07-28 10:34:00,,2017-07-29 16:09:37
179,1391,11,,5,2016-05-01 00:00:00,199,0,199,Approval Awaited,27,,2017-07-29 16:09:37,2017-07-28 10:34:00,,2017-07-29 16:09:37
180,1392,12,,5,2016-05-01 00:00:00,0,0,0,Approval Awaited,27,,2017-07-29 16:09:37,2017-07-28 10:34:00,,2017-07-29 16:09:37
181,1393,1,,5,2016-06-01 00:00:00,0,206,206,Approval Awaited,27,,2017-07-29 16:11:49,2017-07-28 10:35:32,,2017-07-29 16:11:49
182,1394,2,,5,2016-06-01 00:00:00,0,6,6,Approval Awaited,27,,2017-07-29 16:11:49,2017-07-28 10:35:32,,2017-07-29 16:11:49
183,1395,3,,5,2016-06-01 00:00:00,0,0,0,Approval Awaited,27,,2017-07-29 16:11:49,2017-07-28 10:35:32,,2017-07-29 16:11:49
184,1396,4,,5,2016-06-01 00:00:00,0,0,0,Approval Awaited,27,,2017-07-29 16:11:49,2017-07-28 10:35:32,,2017-07-29 16:11:49
185,1397,5,,5,2016-06-01 00:00:00,0,0,0,Approval Awaited,27,,2017-07-29 16:11:49,2017-07-28 10:35:32,,2017-07-29 16:11:49
186,1398,6,,5,2016-06-01 00:00:00,0,2035,2035,Approval Awaited,27,,2017-07-29 16:11:49,2017-07-28 10:35:32,,2017-07-29 16:11:49
187,1399,7,,5,2016-06-01 00:00:00,0,0,0,Approval Awaited,27,,2017-07-29 16:11:49,2017-07-28 10:35:32,,2017-07-29 16:11:49
188,1400,8,,5,2016-06-01 00:00:00,0,0,0,Approval Awaited,27,,2017-07-29 16:11:49,2017-07-28 10:35:32,,2017-07-29 16:11:49
189,1401,9,,5,2016-06-01 00:00:00,1,0,1,Approval Awaited,27,,2017-07-29 16:11:49,2017-07-28 10:35:32,,2017-07-29 16:11:49
190,1402,10,,5,2016-06-01 00:00:00,0,120,120,Approval Awaited,27,,2017-07-29 16:11:49,2017-07-28 10:35:32,,2017-07-29 16:11:49
191,1403,11,,5,2016-06-01 00:00:00,201,0,201,Approval Awaited,27,,2017-07-29 16:11:49,2017-07-28 10:35:32,,2017-07-29 16:11:49
192,1404,12,,5,2016-06-01 00:00:00,0,0,0,Approval Awaited,27,,2017-07-29 16:11:49,2017-07-28 10:35:32,,2017-07-29 16:11:49
193,1405,1,,5,2016-07-01 00:00:00,0,209,209,Approval Awaited,27,,2017-07-29 16:15:00,2017-07-28 10:37:48,,2017-07-29 16:15:00
194,1406,2,,5,2016-07-01 00:00:00,0,11,11,Approval Awaited,27,,2017-07-29 16:15:00,2017-07-28 10:37:48,,2017-07-29 16:15:00
195,1407,3,,5,2016-07-01 00:00:00,0,0,0,Approval Awaited,27,,2017-07-29 16:15:00,2017-07-28 10:37:48,,2017-07-29 16:15:00
196,1408,4,,5,2016-07-01 00:00:00,0,0,0,Approval Awaited,27,,2017-07-29 16:15:00,2017-07-28 10:37:48,,2017-07-29 16:15:00
197,1409,5,,5,2016-07-01 00:00:00,0,0,0,Approval Awaited,27,,2017-07-29 16:15:00,2017-07-28 10:37:48,,2017-07-29 16:15:00
198,1410,6,,5,2016-07-01 00:00:00,0,1766,1766,Approval Awaited,27,,2017-07-29 16:15:00,2017-07-28 10:37:48,,2017-07-29 16:15:00
199,1411,7,,5,2016-07-01 00:00:00,0,79,79,Approval Awaited,27,,2017-07-29 16:15:00,2017-07-28 10:37:48,,2017-07-29 16:15:00
200,1412,8,,5,2016-07-01 00:00:00,0,0,0,Approval Awaited,27,,2017-07-29 16:15:00,2017-07-28 10:37:48,,2017-07-29 16:15:00
201,1413,9,,5,2016-07-01 00:00:00,0,0,0,Approval Awaited,27,,2017-07-29 16:15:00,2017-07-28 10:37:48,,2017-07-29 16:15:00
202,1414,10,,5,2016-07-01 00:00:00,0,119,119,Approval Awaited,27,,2017-07-29 16:15:00,2017-07-28 10:37:48,,2017-07-29 16:15:00
203,1415,11,,5,2016-07-01 00:00:00,195,0,195,Approval Awaited,27,,2017-07-29 16:15:00,2017-07-28 10:37:48,,2017-07-29 16:15:00
204,1416,12,,5,2016-07-01 00:00:00,0,0,0,Approval Awaited,27,,2017-07-29 16:15:00,2017-07-28 10:37:48,,2017-07-29 16:15:00
205,1417,1,,5,2016-08-01 00:00:00,0,227,227,Approval Awaited,27,,2017-07-29 16:16:36,2017-07-28 10:39:33,,2017-07-29 16:16:36
206,1418,2,,5,2016-08-01 00:00:00,0,6,6,Approval Awaited,27,,2017-07-29 16:16:36,2017-07-28 10:39:33,,2017-07-29 16:16:36
207,1419,3,,5,2016-08-01 00:00:00,0,0,0,Approval Awaited,27,,2017-07-29 16:16:36,2017-07-28 10:39:33,,2017-07-29 16:16:36
208,1420,4,,5,2016-08-01 00:00:00,0,0,0,Approval Awaited,27,,2017-07-29 16:16:36,2017-07-28 10:39:33,,2017-07-29 16:16:36
209,1421,5,,5,2016-08-01 00:00:00,0,0,0,Approval Awaited,27,,2017-07-29 16:16:36,2017-07-28 10:39:33,,2017-07-29 16:16:36
210,1422,6,,5,2016-08-01 00:00:00,0,1800,1800,Approval Awaited,27,,2017-07-29 16:16:36,2017-07-28 10:39:33,,2017-07-29 16:16:36
211,1423,7,,5,2016-08-01 00:00:00,0,0,0,Approval Awaited,27,,2017-07-29 16:16:36,2017-07-28 10:39:33,,2017-07-29 16:16:36
212,1424,8,,5,2016-08-01 00:00:00,0,0,0,Approval Awaited,27,,2017-07-29 16:16:36,2017-07-28 10:39:33,,2017-07-29 16:16:36
213,1425,9,,5,2016-08-01 00:00:00,0,0,0,Approval Awaited,27,,2017-07-29 16:16:36,2017-07-28 10:39:33,,2017-07-29 16:16:36
214,1426,10,,5,2016-08-01 00:00:00,0,132,132,Approval Awaited,27,,2017-07-29 16:16:36,2017-07-28 10:39:33,,2017-07-29 16:16:36
215,1427,11,,5,2016-08-01 00:00:00,242,0,242,Approval Awaited,27,,2017-07-29 16:16:36,2017-07-28 10:39:33,,2017-07-29 16:16:36
216,1428,12,,5,2016-08-01 00:00:00,0,0,0,Approval Awaited,27,,2017-07-29 16:16:36,2017-07-28 10:39:33,,2017-07-29 16:16:36
217,1429,1,,5,2016-09-01 00:00:00,0,242,242,Approval Awaited,27,,2017-07-29 16:17:56,2017-07-28 10:41:20,,2017-07-29 16:17:56
218,1430,2,,5,2016-09-01 00:00:00,0,10,10,Approval Awaited,27,,2017-07-29 16:17:56,2017-07-28 10:41:20,,2017-07-29 16:17:56
219,1431,3,,5,2016-09-01 00:00:00,0,0,0,Approval Awaited,27,,2017-07-29 16:17:56,2017-07-28 10:41:20,,2017-07-29 16:17:56
220,1432,4,,5,2016-09-01 00:00:00,0,0,0,Approval Awaited,27,,2017-07-29 16:17:56,2017-07-28 10:41:20,,2017-07-29 16:17:56
221,1433,5,,5,2016-09-01 00:00:00,0,0,0,Approval Awaited,27,,2017-07-29 16:17:56,2017-07-28 10:41:20,,2017-07-29 16:17:56
222,1434,6,,5,2016-09-01 00:00:00,0,1718,1718,Approval Awaited,27,,2017-07-29 16:17:56,2017-07-28 10:41:20,,2017-07-29 16:17:56
223,1435,7,,5,2016-09-01 00:00:00,0,0,0,Approval Awaited,27,,2017-07-29 16:17:56,2017-07-28 10:41:20,,2017-07-29 16:17:56
224,1436,8,,5,2016-09-01 00:00:00,0,0,0,Approval Awaited,27,,2017-07-29 16:17:56,2017-07-28 10:41:20,,2017-07-29 16:17:56
225,1437,9,,5,2016-09-01 00:00:00,0,0,0,Approval Awaited,27,,2017-07-29 16:17:56,2017-07-28 10:41:20,,2017-07-29 16:17:56
226,1438,10,,5,2016-09-01 00:00:00,0,103,103,Approval Awaited,27,,2017-07-29 16:17:56,2017-07-28 10:41:20,,2017-07-29 16:17:56
227,1439,11,,5,2016-09-01 00:00:00,275,0,275,Approval Awaited,27,,2017-07-29 16:17:56,2017-07-28 10:41:20,,2017-07-29 16:17:56
228,1440,12,,5,2016-09-01 00:00:00,0,0,0,Approval Awaited,27,,2017-07-29 16:17:56,2017-07-28 10:41:20,,2017-07-29 16:17:56
229,1441,1,,5,2016-10-01 00:00:00,0,189,189,Approval Awaited,27,,2017-07-29 16:19:49,2017-07-28 10:42:51,,2017-07-29 16:19:49
230,1442,2,,5,2016-10-01 00:00:00,0,10,10,Approval Awaited,27,,2017-07-29 16:19:49,2017-07-28 10:42:51,,2017-07-29 16:19:49
231,1443,3,,5,2016-10-01 00:00:00,0,0,0,Approval Awaited,27,,2017-07-29 16:19:49,2017-07-28 10:42:51,,2017-07-29 16:19:49
232,1444,4,,5,2016-10-01 00:00:00,0,0,0,Approval Awaited,27,,2017-07-29 16:19:49,2017-07-28 10:42:51,,2017-07-29 16:19:49
233,1445,5,,5,2016-10-01 00:00:00,0,0,0,Approval Awaited,27,,2017-07-29 16:19:49,2017-07-28 10:42:51,,2017-07-29 16:19:49
234,1446,6,,5,2016-10-01 00:00:00,0,1824,1824,Approval Awaited,27,,2017-07-29 16:19:49,2017-07-28 10:42:51,,2017-07-29 16:19:49
235,1447,7,,5,2016-10-01 00:00:00,0,0,0,Approval Awaited,27,,2017-07-29 16:19:49,2017-07-28 10:42:51,,2017-07-29 16:19:49
236,1448,8,,5,2016-10-01 00:00:00,0,0,0,Approval Awaited,27,,2017-07-29 16:19:49,2017-07-28 10:42:51,,2017-07-29 16:19:49
237,1449,9,,5,2016-10-01 00:00:00,0,0,0,Approval Awaited,27,,2017-07-29 16:19:49,2017-07-28 10:42:51,,2017-07-29 16:19:49
238,1450,10,,5,2016-10-01 00:00:00,0,141,141,Approval Awaited,27,,2017-07-29 16:19:49,2017-07-28 10:42:51,,2017-07-29 16:19:49
239,1451,11,,5,2016-10-01 00:00:00,238,7,245,Approval Awaited,27,,2017-07-29 16:19:49,2017-07-28 10:42:51,,2017-07-29 16:19:49
240,1452,12,,5,2016-10-01 00:00:00,0,0,0,Approval Awaited,27,,2017-07-29 16:19:49,2017-07-28 10:42:51,,2017-07-29 16:19:49
241,1453,1,,5,2016-11-01 00:00:00,0,239,239,Approval Awaited,27,,2017-07-29 16:21:30,2017-07-28 10:44:34,,2017-07-29 16:21:30
242,1454,2,,5,2016-11-01 00:00:00,0,8,8,Approval Awaited,27,,2017-07-29 16:21:30,2017-07-28 10:44:34,,2017-07-29 16:21:30
243,1455,3,,5,2016-11-01 00:00:00,0,0,0,Approval Awaited,27,,2017-07-29 16:21:30,2017-07-28 10:44:34,,2017-07-29 16:21:30
244,1456,4,,5,2016-11-01 00:00:00,0,0,0,Approval Awaited,27,,2017-07-29 16:21:30,2017-07-28 10:44:34,,2017-07-29 16:21:30
245,1457,5,,5,2016-11-01 00:00:00,0,0,0,Approval Awaited,27,,2017-07-29 16:21:30,2017-07-28 10:44:34,,2017-07-29 16:21:30
246,1458,6,,5,2016-11-01 00:00:00,0,1854,1854,Approval Awaited,27,,2017-07-29 16:21:30,2017-07-28 10:44:34,,2017-07-29 16:21:30
247,1459,7,,5,2016-11-01 00:00:00,0,0,0,Approval Awaited,27,,2017-07-29 16:21:30,2017-07-28 10:44:34,,2017-07-29 16:21:30
248,1460,8,,5,2016-11-01 00:00:00,0,0,0,Approval Awaited,27,,2017-07-29 16:21:30,2017-07-28 10:44:34,,2017-07-29 16:21:30
249,1461,9,,5,2016-11-01 00:00:00,0,0,0,Approval Awaited,27,,2017-07-29 16:21:30,2017-07-28 10:44:34,,2017-07-29 16:21:30
250,1462,10,,5,2016-11-01 00:00:00,0,112,112,Approval Awaited,27,,2017-07-29 16:21:30,2017-07-28 10:44:34,,2017-07-29 16:21:30
251,1463,11,,5,2016-11-01 00:00:00,259,2,261,Approval Awaited,27,,2017-07-29 16:21:30,2017-07-28 10:44:34,,2017-07-29 16:21:30
252,1464,12,,5,2016-11-01 00:00:00,0,0,0,Approval Awaited,27,,2017-07-29 16:21:30,2017-07-28 10:44:34,,2017-07-29 16:21:30
253,1465,1,,5,2016-12-01 00:00:00,0,176,176,Approval Awaited,27,,2017-07-29 16:23:02,2017-07-28 10:46:22,,2017-07-29 16:23:02
254,1466,2,,5,2016-12-01 00:00:00,0,6,6,Approval Awaited,27,,2017-07-29 16:23:02,2017-07-28 10:46:22,,2017-07-29 16:23:02
255,1467,3,,5,2016-12-01 00:00:00,0,0,0,Approval Awaited,27,,2017-07-29 16:23:02,2017-07-28 10:46:22,,2017-07-29 16:23:02
256,1468,4,,5,2016-12-01 00:00:00,0,0,0,Approval Awaited,27,,2017-07-29 16:23:02,2017-07-28 10:46:22,,2017-07-29 16:23:02
257,1469,5,,5,2016-12-01 00:00:00,0,0,0,Approval Awaited,27,,2017-07-29 16:23:02,2017-07-28 10:46:22,,2017-07-29 16:23:02
258,1470,6,,5,2016-12-01 00:00:00,0,1818,1818,Approval Awaited,27,,2017-07-29 16:23:02,2017-07-28 10:46:22,,2017-07-29 16:23:02
259,1471,7,,5,2016-12-01 00:00:00,0,0,0,Approval Awaited,27,,2017-07-29 16:23:02,2017-07-28 10:46:22,,2017-07-29 16:23:02
260,1472,8,,5,2016-12-01 00:00:00,0,0,0,Approval Awaited,27,,2017-07-29 16:23:02,2017-07-28 10:46:22,,2017-07-29 16:23:02
261,1473,9,,5,2016-12-01 00:00:00,0,0,0,Approval Awaited,27,,2017-07-29 16:23:02,2017-07-28 10:46:22,,2017-07-29 16:23:02
262,1474,10,,5,2016-12-01 00:00:00,0,129,129,Approval Awaited,27,,2017-07-29 16:23:02,2017-07-28 10:46:22,,2017-07-29 16:23:02
263,1475,11,,5,2016-12-01 00:00:00,276,2,278,Approval Awaited,27,,2017-07-29 16:23:02,2017-07-28 10:46:22,,2017-07-29 16:23:02
264,1476,12,,5,2016-12-01 00:00:00,0,0,0,Approval Awaited,27,,2017-07-29 16:23:02,2017-07-28 10:46:22,,2017-07-29 16:23:02
265,145,1,,5,2017-01-01 00:00:00,0,197,197,Approval Awaited,27,,2017-07-29 16:25:05,2017-03-23 11:40:12,,2017-07-29 16:25:05
266,146,2,,5,2017-01-01 00:00:00,0,8,8,Approval Awaited,27,,2017-07-29 16:25:05,2017-03-23 11:40:12,,2017-07-29 16:25:05
267,147,3,,5,2017-01-01 00:00:00,0,0,0,Approval Awaited,27,,2017-07-29 16:25:05,2017-03-23 11:40:12,,2017-07-29 16:25:05
268,148,4,,5,2017-01-01 00:00:00,0,0,0,Approval Awaited,27,,2017-07-29 16:25:05,2017-03-23 11:40:12,,2017-07-29 16:25:05
269,149,5,,5,2017-01-01 00:00:00,0,0,0,Approval Awaited,27,,2017-07-29 16:25:05,2017-03-23 11:40:12,,2017-07-29 16:25:05
270,150,6,,5,2017-01-01 00:00:00,0,2169,2169,Approval Awaited,27,,2017-07-29 16:25:05,2017-03-23 11:40:12,,2017-07-29 16:25:05
271,151,7,,5,2017-01-01 00:00:00,0,0,0,Approval Awaited,27,,2017-07-29 16:25:05,2017-03-23 11:40:12,,2017-07-29 16:25:05
272,152,8,,5,2017-01-01 00:00:00,0,0,0,Approval Awaited,27,,2017-07-29 16:25:05,2017-03-23 11:40:12,,2017-07-29 16:25:05
273,153,9,,5,2017-01-01 00:00:00,0,0,0,Approval Awaited,27,,2017-07-29 16:25:05,2017-03-23 11:40:12,,2017-07-29 16:25:05
274,154,10,,5,2017-01-01 00:00:00,0,137,137,Approval Awaited,27,,2017-07-29 16:25:05,2017-03-23 11:40:12,,2017-07-29 16:25:05
275,155,11,,5,2017-01-01 00:00:00,5,160,164,Approval Awaited,27,,2017-07-29 16:25:05,2017-03-23 11:40:12,,2017-07-29 16:25:05
276,156,12,,5,2017-01-01 00:00:00,0,0,0,Approval Awaited,27,,2017-07-29 16:25:05,2017-03-23 11:40:12,,2017-07-29 16:25:05
277,133,1,,5,2017-02-01 00:00:00,0,176,176,Approval Awaited,27,,2017-07-29 16:28:59,2017-03-23 11:25:00,,2017-07-29 16:28:59
278,134,2,,5,2017-02-01 00:00:00,0,10,10,Approval Awaited,27,,2017-07-29 16:28:59,2017-03-23 11:25:00,,2017-07-29 16:28:59
279,135,3,,5,2017-02-01 00:00:00,0,0,0,Approval Awaited,27,,2017-07-29 16:28:59,2017-03-23 11:25:00,,2017-07-29 16:28:59
280,136,4,,5,2017-02-01 00:00:00,0,0,0,Approval Awaited,27,,2017-07-29 16:28:59,2017-03-23 11:25:00,,2017-07-29 16:28:59
281,137,5,,5,2017-02-01 00:00:00,0,0,0,Approval Awaited,27,,2017-07-29 16:28:59,2017-03-23 11:25:00,,2017-07-29 16:28:59
282,138,6,,5,2017-02-01 00:00:00,0,1912,1912,Approval Awaited,27,,2017-07-29 16:28:59,2017-03-23 11:25:00,,2017-07-29 16:28:59
283,139,7,,5,2017-02-01 00:00:00,0,0,0,Approval Awaited,27,,2017-07-29 16:28:59,2017-03-23 11:25:00,,2017-07-29 16:28:59
284,140,8,,5,2017-02-01 00:00:00,0,0,0,Approval Awaited,27,,2017-07-29 16:28:59,2017-03-23 11:25:00,,2017-07-29 16:28:59
285,141,9,,5,2017-02-01 00:00:00,0,0,0,Approval Awaited,27,,2017-07-29 16:28:59,2017-03-23 11:25:00,,2017-07-29 16:28:59
286,142,10,,5,2017-02-01 00:00:00,0,104,104,Approval Awaited,27,,2017-07-29 16:28:59,2017-03-23 11:25:00,,2017-07-29 16:28:59
287,143,11,,5,2017-02-01 00:00:00,0,239,239,Approval Awaited,27,,2017-07-29 16:28:59,2017-03-23 11:25:00,,2017-07-29 16:28:59
288,144,12,,5,2017-02-01 00:00:00,0,0,0,Approval Awaited,27,,2017-07-29 16:28:59,2017-03-23 11:25:00,,2017-07-29 16:28:59
289,1477,1,,5,2017-03-01 00:00:00,0,176,176,Approval Awaited,27,,2017-07-29 16:31:05,2017-07-28 10:56:04,,2017-07-29 16:31:05
290,1478,2,,5,2017-03-01 00:00:00,0,10,10,Approval Awaited,27,,2017-07-29 16:31:05,2017-07-28 10:56:04,,2017-07-29 16:31:05
291,1479,3,,5,2017-03-01 00:00:00,0,0,0,Approval Awaited,27,,2017-07-29 16:31:05,2017-07-28 10:56:04,,2017-07-29 16:31:05
292,1480,4,,5,2017-03-01 00:00:00,0,0,0,Approval Awaited,27,,2017-07-29 16:31:05,2017-07-28 10:56:04,,2017-07-29 16:31:05
293,1481,5,,5,2017-03-01 00:00:00,0,0,0,Approval Awaited,27,,2017-07-29 16:31:05,2017-07-28 10:56:04,,2017-07-29 16:31:05
294,1482,6,,5,2017-03-01 00:00:00,0,1912,1912,Approval Awaited,27,,2017-07-29 16:31:05,2017-07-28 10:56:04,,2017-07-29 16:31:05
295,1483,7,,5,2017-03-01 00:00:00,0,0,0,Approval Awaited,27,,2017-07-29 16:31:05,2017-07-28 10:56:04,,2017-07-29 16:31:05
296,1484,8,,5,2017-03-01 00:00:00,0,0,0,Approval Awaited,27,,2017-07-29 16:31:05,2017-07-28 10:56:04,,2017-07-29 16:31:05
297,1485,9,,5,2017-03-01 00:00:00,0,0,0,Approval Awaited,27,,2017-07-29 16:31:05,2017-07-28 10:56:04,,2017-07-29 16:31:05
298,1486,10,,5,2017-03-01 00:00:00,0,104,104,Approval Awaited,27,,2017-07-29 16:31:05,2017-07-28 10:56:04,,2017-07-29 16:31:05
299,1487,11,,5,2017-03-01 00:00:00,237,2,239,Approval Awaited,27,,2017-07-29 16:31:05,2017-07-28 10:56:04,,2017-07-29 16:31:05
300,1488,12,,5,2017-03-01 00:00:00,0,0,0,Approval Awaited,27,,2017-07-29 16:31:05,2017-07-28 10:56:04,,2017-07-29 16:31:05
301,913,1,,5,2017-04-01 00:00:00,1238756,0,1238756,Approval Awaited,27,,2017-07-29 16:34:20,2017-06-09 16:08:48,,2017-07-29 16:34:20
302,914,2,,5,2017-04-01 00:00:00,14457,0,14457,Approval Awaited,27,,2017-07-29 16:34:20,2017-06-09 16:08:48,,2017-07-29 16:34:20
303,915,3,,5,2017-04-01 00:00:00,0,0,0,Approval Awaited,27,,2017-07-29 16:34:20,2017-06-09 16:08:48,,2017-07-29 16:34:20
304,916,4,,5,2017-04-01 00:00:00,0,0,0,Approval Awaited,27,,2017-07-29 16:34:20,2017-06-09 16:08:48,,2017-07-29 16:34:20
305,917,5,,5,2017-04-01 00:00:00,0,0,0,Approval Awaited,27,,2017-07-29 16:34:20,2017-06-09 16:08:48,,2017-07-29 16:34:20
306,918,6,,5,2017-04-01 00:00:00,1238756,0,1238756,Approval Awaited,27,,2017-07-29 16:34:20,2017-06-09 16:08:48,,2017-07-29 16:34:20
307,919,7,,5,2017-04-01 00:00:00,0,0,0,Approval Awaited,27,,2017-07-29 16:34:20,2017-06-09 16:08:48,,2017-07-29 16:34:20
308,920,8,,5,2017-04-01 00:00:00,864633,0,864633,Approval Awaited,27,,2017-07-29 16:34:20,2017-06-09 16:08:48,,2017-07-29 16:34:20
309,921,9,,5,2017-04-01 00:00:00,0,0,0,Approval Awaited,27,,2017-07-29 16:34:20,2017-06-09 16:08:48,,2017-07-29 16:34:20
310,922,10,,5,2017-04-01 00:00:00,123563,0,123563,Approval Awaited,27,,2017-07-29 16:34:20,2017-06-09 16:08:48,,2017-07-29 16:34:20
311,923,11,,5,2017-04-01 00:00:00,6404,231335,237739,Approval Awaited,27,,2017-07-29 16:34:20,2017-06-09 16:08:48,,2017-07-29 16:34:20
312,924,12,,5,2017-04-01 00:00:00,0,0,0,Approval Awaited,27,,2017-07-29 16:34:20,2017-06-09 16:08:48,,2017-07-29 16:34:20
313,925,1,,5,2017-05-01 00:00:00,311746,0,311746,Approval Awaited,27,,2017-07-29 16:38:36,2017-06-09 16:41:47,,2017-07-29 16:38:36
314,926,2,,5,2017-05-01 00:00:00,3577,0,3577,Approval Awaited,27,,2017-07-29 16:38:36,2017-06-09 16:41:47,,2017-07-29 16:38:36
315,927,3,,5,2017-05-01 00:00:00,0,0,0,Approval Awaited,27,,2017-07-29 16:38:36,2017-06-09 16:41:47,,2017-07-29 16:38:36
316,928,4,,5,2017-05-01 00:00:00,0,0,0,Approval Awaited,27,,2017-07-29 16:38:36,2017-06-09 16:41:47,,2017-07-29 16:38:36
317,929,5,,5,2017-05-01 00:00:00,0,0,0,Approval Awaited,27,,2017-07-29 16:38:36,2017-06-09 16:41:47,,2017-07-29 16:38:36
318,930,6,,5,2017-05-01 00:00:00,1352238,0,1352238,Approval Awaited,27,,2017-07-29 16:38:36,2017-06-09 16:41:47,,2017-07-29 16:38:36
319,931,7,,5,2017-05-01 00:00:00,0,0,0,Approval Awaited,27,,2017-07-29 16:38:36,2017-06-09 16:41:47,,2017-07-29 16:38:36
320,932,8,,5,2017-05-01 00:00:00,854241,0,854241,Approval Awaited,27,,2017-07-29 16:38:36,2017-06-09 16:41:47,,2017-07-29 16:38:36
321,933,9,,5,2017-05-01 00:00:00,0,0,0,Approval Awaited,27,,2017-07-29 16:38:36,2017-06-09 16:41:47,,2017-07-29 16:38:36
322,934,10,,5,2017-05-01 00:00:00,113153,0,113153,Approval Awaited,27,,2017-07-29 16:38:36,2017-06-09 16:41:47,,2017-07-29 16:38:36
323,935,11,,5,2017-05-01 00:00:00,173702,827,174529,Approval Awaited,27,,2017-07-29 16:38:36,2017-06-09 16:41:47,,2017-07-29 16:38:36
324,936,12,,5,2017-05-01 00:00:00,0,0,0,Approval Awaited,27,,2017-07-29 16:38:36,2017-06-09 16:41:47,,2017-07-29 16:38:36
325,1777,1,,11,2017-07-01 00:00:00,100315,142121,242436,Approval Awaited,30,,2017-08-08 16:06:33,2017-08-08 14:43:33,,2017-08-08 16:06:33
326,1778,2,,11,2017-07-01 00:00:00,1497,125243,126740,Approval Awaited,30,,2017-08-08 16:06:33,2017-08-08 14:43:33,,2017-08-08 16:06:33
327,1779,3,,11,2017-07-01 00:00:00,0,0,0,Approval Awaited,30,,2017-08-08 16:06:33,2017-08-08 14:43:33,,2017-08-08 16:06:33
328,1780,4,,11,2017-07-01 00:00:00,0,0,0,Approval Awaited,30,,2017-08-08 16:06:33,2017-08-08 14:43:33,,2017-08-08 16:06:33
329,1781,5,,11,2017-07-01 00:00:00,0,0,0,Approval Awaited,30,,2017-08-08 16:06:33,2017-08-08 14:43:33,,2017-08-08 16:06:33
330,1782,6,,11,2017-07-01 00:00:00,0,0,0,Approval Awaited,30,,2017-08-08 16:06:33,2017-08-08 14:43:33,,2017-08-08 16:06:33
331,1783,7,,11,2017-07-01 00:00:00,0,0,0,Approval Awaited,30,,2017-08-08 16:06:33,2017-08-08 14:43:33,,2017-08-08 16:06:33
332,1784,8,,11,2017-07-01 00:00:00,0,0,0,Approval Awaited,30,,2017-08-08 16:06:33,2017-08-08 14:43:33,,2017-08-08 16:06:33
333,1785,9,,11,2017-07-01 00:00:00,2139,336419,338558,Approval Awaited,30,,2017-08-08 16:06:33,2017-08-08 14:43:33,,2017-08-08 16:06:33
334,1786,10,,11,2017-07-01 00:00:00,0,57480,57480,Approval Awaited,30,,2017-08-08 16:06:33,2017-08-08 14:43:33,,2017-08-08 16:06:33
335,1787,11,,11,2017-07-01 00:00:00,0,39642,39642,Approval Awaited,30,,2017-08-08 16:06:33,2017-08-08 14:43:33,,2017-08-08 16:06:33
336,1788,12,,11,2017-07-01 00:00:00,1153,2264,3417,Approval Awaited,30,,2017-08-08 16:06:33,2017-08-08 14:43:33,,2017-08-08 16:06:33
337,2149,1,,12,2017-08-01 00:00:00,1778470,1538522,3316992,Approval Awaited,44,,2017-09-01 12:41:19,2017-09-01 12:37:21,,2017-09-01 12:41:19
338,2150,2,,12,2017-08-01 00:00:00,500,177318,177818,Approval Awaited,44,,2017-09-01 12:41:19,2017-09-01 12:37:21,,2017-09-01 12:41:19
339,2151,3,,12,2017-08-01 00:00:00,0,723581,723581,Approval Awaited,44,,2017-09-01 12:41:19,2017-09-01 12:37:21,,2017-09-01 12:41:19
340,2152,4,,12,2017-08-01 00:00:00,0,22000,22000,Approval Awaited,44,,2017-09-01 12:41:19,2017-09-01 12:37:21,,2017-09-01 12:41:19
341,2153,5,,12,2017-08-01 00:00:00,0,0,0,Approval Awaited,44,,2017-09-01 12:41:19,2017-09-01 12:37:21,,2017-09-01 12:41:19
342,2154,6,,12,2017-08-01 00:00:00,0,261605,261605,Approval Awaited,44,,2017-09-01 12:41:19,2017-09-01 12:37:21,,2017-09-01 12:41:19
343,2155,7,,12,2017-08-01 00:00:00,0,284328,284328,Approval Awaited,44,,2017-09-01 12:41:19,2017-09-01 12:37:21,,2017-09-01 12:41:19
344,2156,8,,12,2017-08-01 00:00:00,0,0,0,Approval Awaited,44,,2017-09-01 12:41:19,2017-09-01 12:37:21,,2017-09-01 12:41:19
345,2157,9,,12,2017-08-01 00:00:00,7113,42393,49506,Approval Awaited,44,,2017-09-01 12:41:19,2017-09-01 12:37:21,,2017-09-01 12:41:19
346,2158,10,,12,2017-08-01 00:00:00,0,71039,71039,Approval Awaited,44,,2017-09-01 12:41:19,2017-09-01 12:37:21,,2017-09-01 12:41:19
347,2159,11,,12,2017-08-01 00:00:00,133794,462780,596574,Approval Awaited,44,,2017-09-01 12:41:19,2017-09-01 12:37:21,,2017-09-01 12:41:19
348,2160,12,,12,2017-08-01 00:00:00,0,0,0,Approval Awaited,44,,2017-09-01 12:41:19,2017-09-01 12:37:21,,2017-09-01 12:41:19
349,1705,1,,5,2017-07-01 00:00:00,0,239782,239782,Approval Awaited,27,,2017-09-02 15:28:10,2017-08-03 10:52:01,,2017-09-02 15:28:10
350,1706,2,,5,2017-07-01 00:00:00,0,7509,7509,Approval Awaited,27,,2017-09-02 15:28:10,2017-08-03 10:52:01,,2017-09-02 15:28:10
351,1707,3,,5,2017-07-01 00:00:00,0,0,0,Approval Awaited,27,,2017-09-02 15:28:10,2017-08-03 10:52:01,,2017-09-02 15:28:10
352,1708,4,,5,2017-07-01 00:00:00,0,0,0,Approval Awaited,27,,2017-09-02 15:28:10,2017-08-03 10:52:01,,2017-09-02 15:28:10
353,1709,5,,5,2017-07-01 00:00:00,0,0,0,Approval Awaited,27,,2017-09-02 15:28:10,2017-08-03 10:52:01,,2017-09-02 15:28:10
354,1710,6,,5,2017-07-01 00:00:00,0,1726675,1726675,Approval Awaited,27,,2017-09-02 15:28:10,2017-08-03 10:52:01,,2017-09-02 15:28:10
355,1711,7,,5,2017-07-01 00:00:00,0,0,0,Approval Awaited,27,,2017-09-02 15:28:10,2017-08-03 10:52:01,,2017-09-02 15:28:10
356,1712,8,,5,2017-07-01 00:00:00,0,0,0,Approval Awaited,27,,2017-09-02 15:28:10,2017-08-03 10:52:01,,2017-09-02 15:28:10
357,1713,9,,5,2017-07-01 00:00:00,0,0,0,Approval Awaited,27,,2017-09-02 15:28:10,2017-08-03 10:52:01,,2017-09-02 15:28:10
358,1714,10,,5,2017-07-01 00:00:00,0,110327,110327,Approval Awaited,27,,2017-09-02 15:28:10,2017-08-03 10:52:01,,2017-09-02 15:28:10
359,1715,11,,5,2017-07-01 00:00:00,217074,3793,220867,Approval Awaited,27,,2017-09-02 15:28:10,2017-08-03 10:52:01,,2017-09-02 15:28:10
360,1716,12,,5,2017-07-01 00:00:00,0,0,0,Approval Awaited,27,,2017-09-02 15:28:10,2017-08-03 10:52:01,,2017-09-02 15:28:10
