id,state_board_id,port_board_id,data_table_type_id,commodity_id,created_by_user_id,created_on
321,,12,2,7,43,2017-04-27 15:17:25
322,,12,2,8,43,2017-04-27 15:17:25
323,,12,2,9,43,2017-04-27 15:17:25
324,,12,2,10,43,2017-04-27 15:17:25
325,,12,2,25,43,2017-04-27 15:17:25
326,,12,2,17,43,2017-04-27 15:17:25
327,,12,2,26,43,2017-04-27 15:17:25
328,,12,2,27,43,2017-04-27 15:17:25
329,,12,2,28,43,2017-04-27 15:17:25
330,,12,2,29,43,2017-04-27 15:17:25
331,,12,2,34,43,2017-04-27 15:17:25
332,,12,2,20,43,2017-04-27 15:17:25
333,,12,2,21,43,2017-04-27 15:17:25
334,,12,2,38,43,2017-04-27 15:17:25
335,,12,2,39,43,2017-04-27 15:17:25
336,,12,2,40,43,2017-04-27 15:17:25
337,,12,2,42,43,2017-04-27 15:17:25
338,,12,2,43,43,2017-04-27 15:17:25
339,,12,2,22,43,2017-04-27 15:17:25
340,,12,2,23,43,2017-04-27 15:17:25
341,,12,2,24,43,2017-04-27 15:17:25
342,,12,3,7,43,2017-04-27 15:18:42
343,,12,3,8,43,2017-04-27 15:18:42
344,,12,3,9,43,2017-04-27 15:18:42
345,,12,3,10,43,2017-04-27 15:18:42
346,,12,3,25,43,2017-04-27 15:18:42
347,,12,3,17,43,2017-04-27 15:18:42
348,,12,3,26,43,2017-04-27 15:18:42
349,,12,3,27,43,2017-04-27 15:18:42
350,,12,3,28,43,2017-04-27 15:18:42
351,,12,3,29,43,2017-04-27 15:18:42
352,,12,3,34,43,2017-04-27 15:18:42
353,,12,3,20,43,2017-04-27 15:18:42
354,,12,3,21,43,2017-04-27 15:18:42
355,,12,3,38,43,2017-04-27 15:18:42
356,,12,3,39,43,2017-04-27 15:18:42
357,,12,3,40,43,2017-04-27 15:18:42
358,,12,3,42,43,2017-04-27 15:18:42
359,,12,3,43,43,2017-04-27 15:18:42
360,,12,3,22,43,2017-04-27 15:18:42
361,,12,3,23,43,2017-04-27 15:18:42
635,,10,2,8,45,2017-05-05 17:18:34
636,,10,2,10,45,2017-05-05 17:18:34
637,,10,2,11,45,2017-05-05 17:18:34
638,,10,2,25,45,2017-05-05 17:18:34
639,,10,2,14,45,2017-05-05 17:18:34
640,,10,2,15,45,2017-05-05 17:18:34
641,,10,2,16,45,2017-05-05 17:18:34
642,,10,2,17,45,2017-05-05 17:18:34
643,,10,2,18,45,2017-05-05 17:18:34
644,,10,2,26,45,2017-05-05 17:18:34
645,,10,2,34,45,2017-05-05 17:18:34
646,,10,2,20,45,2017-05-05 17:18:34
647,,10,2,43,45,2017-05-05 17:18:34
648,,10,2,22,45,2017-05-05 17:18:34
984,,11,3,7,31,2017-06-03 12:17:56
985,,11,3,8,31,2017-06-03 12:17:56
986,,11,3,9,31,2017-06-03 12:17:56
987,,11,3,10,31,2017-06-03 12:17:56
988,,11,3,11,31,2017-06-03 12:17:56
989,,11,3,25,31,2017-06-03 12:17:56
990,,11,3,31,31,2017-06-03 12:17:56
991,,11,3,43,31,2017-06-03 12:17:56
992,,11,3,22,31,2017-06-03 12:17:56
993,,11,3,23,31,2017-06-03 12:17:56
1040,,1,3,8,76,2017-06-14 15:11:01
1041,,1,3,10,76,2017-06-14 15:11:01
1055,,11,2,7,31,2017-06-14 15:38:48
1056,,11,2,8,31,2017-06-14 15:38:48
1057,,11,2,9,31,2017-06-14 15:38:48
1058,,11,2,10,31,2017-06-14 15:38:48
1059,,11,2,11,31,2017-06-14 15:38:48
1060,,11,2,25,31,2017-06-14 15:38:48
1061,,11,2,31,31,2017-06-14 15:38:48
1062,,11,2,43,31,2017-06-14 15:38:48
1063,,11,2,22,31,2017-06-14 15:38:48
1064,,11,2,23,31,2017-06-14 15:38:48
1065,3,27,1,11,63,2017-06-16 14:26:17
1066,3,27,2,11,63,2017-06-16 15:41:07
1067,3,27,3,11,63,2017-06-16 15:41:18
1535,,5,2,8,26,2017-07-31 12:01:42
1536,,5,2,9,26,2017-07-31 12:01:42
1537,,5,2,25,26,2017-07-31 12:01:42
1538,,5,2,17,26,2017-07-31 12:01:42
1539,,5,2,18,26,2017-07-31 12:01:42
1540,,5,2,40,26,2017-07-31 12:01:42
1541,,5,2,42,26,2017-07-31 12:01:42
1542,,5,2,22,26,2017-07-31 12:01:42
1552,6,38,2,16,92,2017-08-05 17:32:14
1553,6,38,3,16,92,2017-08-05 17:32:41
1658,6,36,1,25,91,2017-08-11 15:37:02
1659,6,36,1,17,91,2017-08-11 15:37:02
1702,3,30,1,8,67,2017-08-27 17:38:12
1703,3,30,1,10,67,2017-08-27 17:38:12
1710,10,33,1,8,56,2017-08-28 14:25:03
1711,3,26,2,20,64,2017-08-28 14:42:49
1712,3,26,2,40,64,2017-08-28 14:42:49
1713,3,26,2,42,64,2017-08-28 14:42:49
1714,3,26,2,43,64,2017-08-28 14:42:49
1715,3,26,2,22,64,2017-08-28 14:42:49
1716,3,26,3,20,64,2017-08-28 14:43:20
1717,3,26,3,42,64,2017-08-28 14:43:20
1718,3,26,3,43,64,2017-08-28 14:43:20
1719,3,26,3,22,64,2017-08-28 14:43:20
1824,3,28,2,7,65,2017-08-29 16:31:10
1825,3,28,2,8,65,2017-08-29 16:31:10
1826,3,28,2,28,65,2017-08-29 16:31:10
1827,3,28,2,33,65,2017-08-29 16:31:10
1832,9,51,1,8,109,2017-09-07 11:54:13
1833,9,51,1,28,109,2017-09-07 11:54:13
1834,9,51,1,34,109,2017-09-07 11:54:13
1835,9,51,1,22,109,2017-09-07 11:54:13
1836,9,51,1,46,109,2017-09-07 11:54:13
1874,3,28,1,7,65,2017-09-11 12:16:12
1875,3,28,1,8,65,2017-09-11 12:16:12
1876,3,28,1,28,65,2017-09-11 12:16:12
1877,3,28,1,45,65,2017-09-11 12:16:12
1878,3,28,1,47,65,2017-09-11 12:16:12
1879,3,28,1,48,65,2017-09-11 12:16:12
1880,6,46,1,31,81,2017-09-15 12:30:37
2091,3,30,2,8,67,2017-12-18 15:03:36
2092,3,30,2,25,67,2017-12-18 15:03:36
2096,9,50,1,34,110,2018-01-19 13:20:19
2097,9,50,1,43,110,2018-01-19 13:20:19
2098,9,50,1,22,110,2018-01-19 13:20:19
2099,9,50,1,24,110,2018-01-19 13:20:19
2100,9,50,1,48,110,2018-01-19 13:20:19
2101,9,51,2,8,109,2018-01-22 16:32:03
2102,9,51,2,28,109,2018-01-22 16:32:03
2103,9,51,2,34,109,2018-01-22 16:32:03
2104,9,51,2,22,109,2018-01-22 16:32:03
2127,,1,1,8,76,2018-01-25 12:16:48
2128,,1,1,10,76,2018-01-25 12:16:48
2129,,1,1,25,76,2018-01-25 12:16:48
2130,,1,1,14,76,2018-01-25 12:16:48
2131,,1,1,16,76,2018-01-25 12:16:48
2132,,1,1,18,76,2018-01-25 12:16:48
2133,,1,1,19,76,2018-01-25 12:16:48
2134,,1,1,27,76,2018-01-25 12:16:48
2135,,1,1,31,76,2018-01-25 12:16:48
2136,,1,1,32,76,2018-01-25 12:16:48
2137,,1,1,33,76,2018-01-25 12:16:48
2138,,1,1,34,76,2018-01-25 12:16:48
2139,,1,1,20,76,2018-01-25 12:16:48
2140,,1,1,21,76,2018-01-25 12:16:48
2141,,1,1,37,76,2018-01-25 12:16:48
2142,,1,1,38,76,2018-01-25 12:16:48
2143,,1,1,41,76,2018-01-25 12:16:48
2144,,1,1,42,76,2018-01-25 12:16:48
2145,,1,1,43,76,2018-01-25 12:16:48
2146,,1,1,22,76,2018-01-25 12:16:48
2147,,1,1,46,76,2018-01-25 12:16:48
2148,10,33,2,8,56,2018-01-25 12:42:28
2149,10,33,3,8,56,2018-01-25 12:42:42
2154,10,32,1,7,57,2018-01-25 15:44:22
2155,10,32,1,10,57,2018-01-25 15:44:22
2156,10,32,1,15,57,2018-01-25 15:44:22
2157,10,32,1,19,57,2018-01-25 15:44:22
2158,10,32,1,28,57,2018-01-25 15:44:22
2159,10,32,1,30,57,2018-01-25 15:44:22
2160,10,32,1,31,57,2018-01-25 15:44:22
2161,10,32,1,32,57,2018-01-25 15:44:22
2162,10,32,1,34,57,2018-01-25 15:44:22
2163,10,32,1,40,57,2018-01-25 15:44:22
2164,10,31,2,30,59,2018-01-30 12:28:05
2165,10,31,2,31,59,2018-01-30 12:28:05
2166,10,31,2,22,59,2018-01-30 12:28:05
2167,10,31,3,30,59,2018-01-30 12:28:26
2168,10,31,3,31,59,2018-01-30 12:28:26
2169,10,31,3,22,59,2018-01-30 12:28:26
2170,10,32,2,7,57,2018-02-01 12:30:44
2171,10,32,2,10,57,2018-02-01 12:30:44
2172,10,32,2,15,57,2018-02-01 12:30:44
2173,10,32,2,19,57,2018-02-01 12:30:44
2174,10,32,2,28,57,2018-02-01 12:30:44
2175,10,32,2,30,57,2018-02-01 12:30:44
2176,10,32,2,31,57,2018-02-01 12:30:44
2177,10,32,2,32,57,2018-02-01 12:30:44
2178,10,32,2,34,57,2018-02-01 12:30:44
2179,10,32,2,40,57,2018-02-01 12:30:44
2180,10,32,3,7,57,2018-02-01 12:31:36
2181,10,32,3,10,57,2018-02-01 12:31:36
2182,10,32,3,15,57,2018-02-01 12:31:36
2183,10,32,3,19,57,2018-02-01 12:31:36
2184,10,32,3,28,57,2018-02-01 12:31:36
2185,10,32,3,30,57,2018-02-01 12:31:36
2186,10,32,3,31,57,2018-02-01 12:31:36
2187,10,32,3,32,57,2018-02-01 12:31:36
2188,10,32,3,34,57,2018-02-01 12:31:36
2189,10,32,3,40,57,2018-02-01 12:31:36
2190,9,51,3,8,109,2018-02-09 11:40:01
2191,9,51,3,34,109,2018-02-09 11:40:01
2192,9,51,3,22,109,2018-02-09 11:40:01
2193,9,51,3,46,109,2018-02-09 11:40:01
2194,6,36,2,25,91,2018-02-12 15:55:07
2195,6,36,2,17,91,2018-02-12 15:55:07
2198,6,36,3,25,91,2018-02-12 15:56:40
2199,6,36,3,17,91,2018-02-12 15:56:40
2275,6,42,2,9,83,2018-02-22 16:04:01
2276,6,42,2,10,83,2018-02-22 16:04:01
2277,6,42,2,25,83,2018-02-22 16:04:01
2278,6,42,2,15,83,2018-02-22 16:04:01
2279,6,42,2,16,83,2018-02-22 16:04:01
2280,6,42,2,17,83,2018-02-22 16:04:01
2281,6,42,2,18,83,2018-02-22 16:04:01
2282,6,42,2,19,83,2018-02-22 16:04:01
2283,6,42,2,26,83,2018-02-22 16:04:01
2284,6,42,2,27,83,2018-02-22 16:04:01
2285,6,42,2,28,83,2018-02-22 16:04:01
2286,6,42,2,30,83,2018-02-22 16:04:01
2287,6,42,2,34,83,2018-02-22 16:04:01
2288,6,42,2,20,83,2018-02-22 16:04:01
2289,6,42,2,36,83,2018-02-22 16:04:01
2290,6,42,2,38,83,2018-02-22 16:04:01
2291,6,42,2,40,83,2018-02-22 16:04:01
2292,6,42,2,41,83,2018-02-22 16:04:01
2293,6,42,2,43,83,2018-02-22 16:04:01
2294,6,42,2,24,83,2018-02-22 16:04:01
2295,6,42,3,9,83,2018-02-22 16:04:49
2296,6,42,3,10,83,2018-02-22 16:04:49
2297,6,42,3,25,83,2018-02-22 16:04:49
2298,6,42,3,15,83,2018-02-22 16:04:49
2299,6,42,3,16,83,2018-02-22 16:04:49
2300,6,42,3,17,83,2018-02-22 16:04:49
2301,6,42,3,18,83,2018-02-22 16:04:49
2302,6,42,3,19,83,2018-02-22 16:04:49
2303,6,42,3,26,83,2018-02-22 16:04:49
2304,6,42,3,27,83,2018-02-22 16:04:49
2305,6,42,3,28,83,2018-02-22 16:04:49
2306,6,42,3,30,83,2018-02-22 16:04:49
2307,6,42,3,34,83,2018-02-22 16:04:49
2308,6,42,3,20,83,2018-02-22 16:04:49
2309,6,42,3,36,83,2018-02-22 16:04:49
2310,6,42,3,38,83,2018-02-22 16:04:49
2311,6,42,3,40,83,2018-02-22 16:04:49
2312,6,42,3,41,83,2018-02-22 16:04:49
2313,6,42,3,43,83,2018-02-22 16:04:49
2314,6,42,3,24,83,2018-02-22 16:04:49
2355,6,46,2,31,81,2018-03-22 15:46:43
2356,6,46,3,31,81,2018-03-22 15:47:28
2357,6,43,1,17,82,2018-03-24 15:43:31
2358,6,43,2,17,82,2018-03-24 15:46:30
2359,6,43,3,17,82,2018-03-24 15:46:57
2360,,3,2,7,54,2018-04-05 13:22:50
2361,,3,2,8,54,2018-04-05 13:22:50
2362,,3,2,10,54,2018-04-05 13:22:50
2363,,3,2,11,54,2018-04-05 13:22:50
2364,,3,2,25,54,2018-04-05 13:22:50
2365,,3,2,14,54,2018-04-05 13:22:50
2366,,3,2,15,54,2018-04-05 13:22:50
2367,,3,2,16,54,2018-04-05 13:22:50
2368,,3,2,17,54,2018-04-05 13:22:50
2369,,3,2,18,54,2018-04-05 13:22:50
2370,,3,2,19,54,2018-04-05 13:22:50
2371,,3,2,26,54,2018-04-05 13:22:50
2372,,3,2,27,54,2018-04-05 13:22:50
2373,,3,2,33,54,2018-04-05 13:22:50
2374,,3,2,34,54,2018-04-05 13:22:50
2375,,3,2,20,54,2018-04-05 13:22:50
2376,,3,2,40,54,2018-04-05 13:22:50
2377,,3,2,41,54,2018-04-05 13:22:50
2378,,3,2,43,54,2018-04-05 13:22:50
2379,,3,2,22,54,2018-04-05 13:22:50
2380,,3,2,46,54,2018-04-05 13:22:50
2381,,3,2,23,54,2018-04-05 13:22:50
2382,,3,2,24,54,2018-04-05 13:22:50
2383,,3,3,7,54,2018-04-05 13:37:12
2384,,3,3,8,54,2018-04-05 13:37:12
2385,,3,3,10,54,2018-04-05 13:37:12
2386,,3,3,11,54,2018-04-05 13:37:12
2387,,3,3,25,54,2018-04-05 13:37:12
2388,,3,3,14,54,2018-04-05 13:37:12
2389,,3,3,15,54,2018-04-05 13:37:12
2390,,3,3,16,54,2018-04-05 13:37:12
2391,,3,3,17,54,2018-04-05 13:37:12
2392,,3,3,18,54,2018-04-05 13:37:12
2393,,3,3,19,54,2018-04-05 13:37:12
2394,,3,3,26,54,2018-04-05 13:37:12
2395,,3,3,27,54,2018-04-05 13:37:12
2396,,3,3,33,54,2018-04-05 13:37:12
2397,,3,3,34,54,2018-04-05 13:37:12
2398,,3,3,20,54,2018-04-05 13:37:12
2399,,3,3,40,54,2018-04-05 13:37:12
2400,,3,3,41,54,2018-04-05 13:37:12
2401,,3,3,43,54,2018-04-05 13:37:12
2402,,3,3,22,54,2018-04-05 13:37:12
2403,,3,3,46,54,2018-04-05 13:37:12
2404,,3,3,23,54,2018-04-05 13:37:12
2405,,3,3,24,54,2018-04-05 13:37:12
2625,,2,1,7,154,2018-04-19 15:30:51
2626,,2,1,8,154,2018-04-19 15:30:51
2627,,2,1,9,154,2018-04-19 15:30:51
2628,,2,1,10,154,2018-04-19 15:30:51
2629,,2,1,11,154,2018-04-19 15:30:51
2630,,2,1,25,154,2018-04-19 15:30:51
2631,,2,1,14,154,2018-04-19 15:30:51
2632,,2,1,15,154,2018-04-19 15:30:51
2633,,2,1,16,154,2018-04-19 15:30:51
2634,,2,1,17,154,2018-04-19 15:30:51
2635,,2,1,18,154,2018-04-19 15:30:51
2636,,2,1,19,154,2018-04-19 15:30:51
2637,,2,1,26,154,2018-04-19 15:30:51
2638,,2,1,27,154,2018-04-19 15:30:51
2639,,2,1,28,154,2018-04-19 15:30:51
2640,,2,1,29,154,2018-04-19 15:30:51
2641,,2,1,30,154,2018-04-19 15:30:51
2642,,2,1,31,154,2018-04-19 15:30:51
2643,,2,1,32,154,2018-04-19 15:30:51
2644,,2,1,33,154,2018-04-19 15:30:51
2645,,2,1,34,154,2018-04-19 15:30:51
2646,,2,1,20,154,2018-04-19 15:30:51
2647,,2,1,21,154,2018-04-19 15:30:51
2648,,2,1,35,154,2018-04-19 15:30:51
2649,,2,1,36,154,2018-04-19 15:30:51
2650,,2,1,37,154,2018-04-19 15:30:51
2651,,2,1,38,154,2018-04-19 15:30:51
2652,,2,1,39,154,2018-04-19 15:30:51
2653,,2,1,40,154,2018-04-19 15:30:51
2654,,2,1,41,154,2018-04-19 15:30:51
2655,,2,1,42,154,2018-04-19 15:30:51
2656,,2,1,43,154,2018-04-19 15:30:51
2657,,2,1,22,154,2018-04-19 15:30:51
2658,,2,1,46,154,2018-04-19 15:30:51
2659,,2,1,23,154,2018-04-19 15:30:51
2660,,2,1,24,154,2018-04-19 15:30:51
2661,,2,1,45,154,2018-04-19 15:30:51
2662,,2,1,47,154,2018-04-19 15:30:51
2663,,2,1,48,154,2018-04-19 15:30:51
2664,,2,2,7,154,2018-04-19 15:39:35
2665,,2,2,8,154,2018-04-19 15:39:35
2666,,2,2,9,154,2018-04-19 15:39:35
2667,,2,2,10,154,2018-04-19 15:39:35
2668,,2,2,11,154,2018-04-19 15:39:35
2669,,2,2,25,154,2018-04-19 15:39:35
2670,,2,2,14,154,2018-04-19 15:39:35
2671,,2,2,15,154,2018-04-19 15:39:35
2672,,2,2,16,154,2018-04-19 15:39:35
2673,,2,2,17,154,2018-04-19 15:39:35
2674,,2,2,18,154,2018-04-19 15:39:35
2675,,2,2,19,154,2018-04-19 15:39:35
2676,,2,2,26,154,2018-04-19 15:39:35
2677,,2,2,27,154,2018-04-19 15:39:35
2678,,2,2,28,154,2018-04-19 15:39:35
2679,,2,2,29,154,2018-04-19 15:39:35
2680,,2,2,30,154,2018-04-19 15:39:35
2681,,2,2,31,154,2018-04-19 15:39:35
2682,,2,2,32,154,2018-04-19 15:39:35
2683,,2,2,33,154,2018-04-19 15:39:35
2684,,2,2,34,154,2018-04-19 15:39:35
2685,,2,2,20,154,2018-04-19 15:39:35
2686,,2,2,21,154,2018-04-19 15:39:35
2687,,2,2,35,154,2018-04-19 15:39:35
2688,,2,2,36,154,2018-04-19 15:39:35
2689,,2,2,37,154,2018-04-19 15:39:35
2690,,2,2,38,154,2018-04-19 15:39:35
2691,,2,2,39,154,2018-04-19 15:39:35
2692,,2,2,40,154,2018-04-19 15:39:35
2693,,2,2,41,154,2018-04-19 15:39:35
2694,,2,2,42,154,2018-04-19 15:39:35
2695,,2,2,43,154,2018-04-19 15:39:35
2696,,2,2,22,154,2018-04-19 15:39:35
2697,,2,2,46,154,2018-04-19 15:39:35
2698,,2,2,23,154,2018-04-19 15:39:35
2699,,2,2,24,154,2018-04-19 15:39:35
2700,,2,3,7,154,2018-04-19 15:40:08
2701,,2,3,8,154,2018-04-19 15:40:08
2702,,2,3,9,154,2018-04-19 15:40:08
2703,,2,3,10,154,2018-04-19 15:40:08
2704,,2,3,11,154,2018-04-19 15:40:08
2705,,2,3,25,154,2018-04-19 15:40:08
2706,,2,3,14,154,2018-04-19 15:40:08
2707,,2,3,15,154,2018-04-19 15:40:08
2708,,2,3,16,154,2018-04-19 15:40:08
2709,,2,3,17,154,2018-04-19 15:40:08
2710,,2,3,18,154,2018-04-19 15:40:08
2711,,2,3,19,154,2018-04-19 15:40:08
2712,,2,3,26,154,2018-04-19 15:40:08
2713,,2,3,27,154,2018-04-19 15:40:08
2714,,2,3,28,154,2018-04-19 15:40:08
2715,,2,3,29,154,2018-04-19 15:40:08
2716,,2,3,30,154,2018-04-19 15:40:08
2717,,2,3,31,154,2018-04-19 15:40:08
2718,,2,3,32,154,2018-04-19 15:40:08
2719,,2,3,33,154,2018-04-19 15:40:08
2720,,2,3,34,154,2018-04-19 15:40:08
2721,,2,3,20,154,2018-04-19 15:40:08
2722,,2,3,21,154,2018-04-19 15:40:08
2723,,2,3,35,154,2018-04-19 15:40:08
2724,,2,3,36,154,2018-04-19 15:40:08
2725,,2,3,37,154,2018-04-19 15:40:08
2726,,2,3,38,154,2018-04-19 15:40:08
2727,,2,3,39,154,2018-04-19 15:40:08
2728,,2,3,40,154,2018-04-19 15:40:08
2729,,2,3,41,154,2018-04-19 15:40:08
2730,,2,3,42,154,2018-04-19 15:40:08
2731,,2,3,43,154,2018-04-19 15:40:08
2732,,2,3,22,154,2018-04-19 15:40:08
2733,,2,3,46,154,2018-04-19 15:40:08
2734,,2,3,23,154,2018-04-19 15:40:08
2735,,2,3,24,154,2018-04-19 15:40:08
2767,6,34,3,19,101,2018-05-17 16:33:41
2768,6,34,3,31,101,2018-05-17 16:33:41
2769,6,34,3,34,101,2018-05-17 16:33:41
2770,6,34,3,20,101,2018-05-17 16:33:41
2771,6,34,3,23,101,2018-05-17 16:33:41
2956,,9,3,7,28,2018-06-13 15:24:27
2957,,9,3,8,28,2018-06-13 15:24:27
2958,,9,3,9,28,2018-06-13 15:24:27
2959,,9,3,10,28,2018-06-13 15:24:27
2960,,9,3,11,28,2018-06-13 15:24:27
2961,,9,3,25,28,2018-06-13 15:24:27
2962,,9,3,14,28,2018-06-13 15:24:27
2963,,9,3,15,28,2018-06-13 15:24:27
2964,,9,3,16,28,2018-06-13 15:24:27
2965,,9,3,17,28,2018-06-13 15:24:27
2966,,9,3,18,28,2018-06-13 15:24:27
2967,,9,3,19,28,2018-06-13 15:24:27
2968,,9,3,26,28,2018-06-13 15:24:27
2969,,9,3,27,28,2018-06-13 15:24:27
2970,,9,3,28,28,2018-06-13 15:24:27
2971,,9,3,29,28,2018-06-13 15:24:27
2972,,9,3,30,28,2018-06-13 15:24:27
2973,,9,3,31,28,2018-06-13 15:24:27
2974,,9,3,32,28,2018-06-13 15:24:27
2975,,9,3,33,28,2018-06-13 15:24:27
2976,,9,3,34,28,2018-06-13 15:24:27
2977,,9,3,20,28,2018-06-13 15:24:27
2978,,9,3,21,28,2018-06-13 15:24:27
2979,,9,3,35,28,2018-06-13 15:24:27
2980,,9,3,36,28,2018-06-13 15:24:27
2981,,9,3,37,28,2018-06-13 15:24:27
2982,,9,3,38,28,2018-06-13 15:24:27
2983,,9,3,39,28,2018-06-13 15:24:27
2984,,9,3,40,28,2018-06-13 15:24:27
2985,,9,3,41,28,2018-06-13 15:24:27
2986,,9,3,42,28,2018-06-13 15:24:27
2987,,9,3,43,28,2018-06-13 15:24:27
2988,,9,3,49,28,2018-06-13 15:24:27
2989,,9,3,50,28,2018-06-13 15:24:27
2990,,9,3,22,28,2018-06-13 15:24:27
2991,,9,3,46,28,2018-06-13 15:24:27
2992,,9,3,23,28,2018-06-13 15:24:27
2993,,9,3,24,28,2018-06-13 15:24:27
3059,5,66,1,25,124,2018-06-20 15:43:28
3060,5,66,1,17,124,2018-06-20 15:43:28
3061,5,66,1,18,124,2018-06-20 15:43:28
3062,5,66,1,19,124,2018-06-20 15:43:28
3063,5,66,1,26,124,2018-06-20 15:43:28
3064,5,66,1,27,124,2018-06-20 15:43:28
3065,5,66,1,28,124,2018-06-20 15:43:28
3066,5,66,1,30,124,2018-06-20 15:43:28
3067,5,66,1,31,124,2018-06-20 15:43:28
3068,5,66,1,32,124,2018-06-20 15:43:28
3069,5,66,1,33,124,2018-06-20 15:43:28
3070,5,66,1,34,124,2018-06-20 15:43:28
3071,5,66,1,20,124,2018-06-20 15:43:28
3072,5,66,1,36,124,2018-06-20 15:43:28
3073,5,66,1,37,124,2018-06-20 15:43:28
3074,5,66,1,38,124,2018-06-20 15:43:28
3075,5,66,1,39,124,2018-06-20 15:43:28
3076,5,66,1,40,124,2018-06-20 15:43:28
3077,5,66,1,41,124,2018-06-20 15:43:28
3078,5,66,1,43,124,2018-06-20 15:43:28
3079,5,66,1,24,124,2018-06-20 15:43:28
3107,,8,1,7,123,2018-06-30 10:48:05
3108,,8,1,8,123,2018-06-30 10:48:05
3109,,8,1,9,123,2018-06-30 10:48:05
3110,,8,1,10,123,2018-06-30 10:48:05
3111,,8,1,11,123,2018-06-30 10:48:05
3112,,8,1,25,123,2018-06-30 10:48:05
3113,,8,1,17,123,2018-06-30 10:48:05
3114,,8,1,26,123,2018-06-30 10:48:05
3115,,8,1,27,123,2018-06-30 10:48:05
3116,,8,1,28,123,2018-06-30 10:48:05
3117,,8,1,31,123,2018-06-30 10:48:05
3118,,8,1,32,123,2018-06-30 10:48:05
3119,,8,1,33,123,2018-06-30 10:48:05
3120,,8,1,34,123,2018-06-30 10:48:05
3121,,8,1,20,123,2018-06-30 10:48:05
3122,,8,1,21,123,2018-06-30 10:48:05
3123,,8,1,39,123,2018-06-30 10:48:05
3124,,8,1,40,123,2018-06-30 10:48:05
3125,,8,1,42,123,2018-06-30 10:48:05
3126,,8,1,43,123,2018-06-30 10:48:05
3127,,8,1,22,123,2018-06-30 10:48:05
3128,,8,1,46,123,2018-06-30 10:48:05
3129,,8,1,23,123,2018-06-30 10:48:05
3130,,8,3,7,123,2018-06-30 11:59:02
3131,,8,3,8,123,2018-06-30 11:59:02
3132,,8,3,9,123,2018-06-30 11:59:02
3133,,8,3,10,123,2018-06-30 11:59:02
3134,,8,3,11,123,2018-06-30 11:59:02
3135,,8,3,25,123,2018-06-30 11:59:02
3136,,8,3,17,123,2018-06-30 11:59:02
3137,,8,3,26,123,2018-06-30 11:59:02
3138,,8,3,27,123,2018-06-30 11:59:02
3139,,8,3,28,123,2018-06-30 11:59:02
3140,,8,3,31,123,2018-06-30 11:59:02
3141,,8,3,32,123,2018-06-30 11:59:02
3142,,8,3,33,123,2018-06-30 11:59:02
3143,,8,3,34,123,2018-06-30 11:59:02
3144,,8,3,20,123,2018-06-30 11:59:02
3145,,8,3,21,123,2018-06-30 11:59:02
3146,,8,3,39,123,2018-06-30 11:59:02
3147,,8,3,40,123,2018-06-30 11:59:02
3148,,8,3,41,123,2018-06-30 11:59:02
3149,,8,3,42,123,2018-06-30 11:59:02
3150,,8,3,43,123,2018-06-30 11:59:02
3151,,8,3,22,123,2018-06-30 11:59:02
3152,,8,3,46,123,2018-06-30 11:59:02
3153,,8,3,23,123,2018-06-30 11:59:02
3154,,8,2,7,123,2018-06-30 12:00:13
3155,,8,2,8,123,2018-06-30 12:00:13
3156,,8,2,9,123,2018-06-30 12:00:13
3157,,8,2,10,123,2018-06-30 12:00:13
3158,,8,2,11,123,2018-06-30 12:00:13
3159,,8,2,25,123,2018-06-30 12:00:13
3160,,8,2,17,123,2018-06-30 12:00:13
3161,,8,2,26,123,2018-06-30 12:00:13
3162,,8,2,27,123,2018-06-30 12:00:13
3163,,8,2,28,123,2018-06-30 12:00:13
3164,,8,2,31,123,2018-06-30 12:00:13
3165,,8,2,32,123,2018-06-30 12:00:13
3166,,8,2,33,123,2018-06-30 12:00:13
3167,,8,2,34,123,2018-06-30 12:00:13
3168,,8,2,20,123,2018-06-30 12:00:13
3169,,8,2,21,123,2018-06-30 12:00:13
3170,,8,2,39,123,2018-06-30 12:00:13
3171,,8,2,40,123,2018-06-30 12:00:13
3172,,8,2,42,123,2018-06-30 12:00:13
3173,,8,2,43,123,2018-06-30 12:00:13
3174,,8,2,22,123,2018-06-30 12:00:13
3175,,8,2,46,123,2018-06-30 12:00:13
3176,,8,2,23,123,2018-06-30 12:00:13
3177,,8,2,24,123,2018-06-30 12:00:13
3209,,10,1,8,45,2018-07-06 16:13:51
3210,,10,1,10,45,2018-07-06 16:13:51
3211,,10,1,11,45,2018-07-06 16:13:51
3212,,10,1,25,45,2018-07-06 16:13:51
3213,,10,1,14,45,2018-07-06 16:13:51
3214,,10,1,15,45,2018-07-06 16:13:51
3215,,10,1,16,45,2018-07-06 16:13:51
3216,,10,1,17,45,2018-07-06 16:13:51
3217,,10,1,18,45,2018-07-06 16:13:51
3218,,10,1,26,45,2018-07-06 16:13:51
3219,,10,1,30,45,2018-07-06 16:13:51
3220,,10,1,34,45,2018-07-06 16:13:51
3221,,10,1,20,45,2018-07-06 16:13:51
3222,,10,1,43,45,2018-07-06 16:13:51
3223,,10,1,22,45,2018-07-06 16:13:51
3224,,10,1,46,45,2018-07-06 16:13:51
3247,,6,1,7,39,2018-07-25 16:58:25
3248,,6,1,8,39,2018-07-25 16:58:25
3249,,6,1,10,39,2018-07-25 16:58:25
3250,,6,1,11,39,2018-07-25 16:58:25
3251,,6,1,25,39,2018-07-25 16:58:25
3252,,6,1,16,39,2018-07-25 16:58:25
3253,,6,1,26,39,2018-07-25 16:58:25
3254,,6,1,27,39,2018-07-25 16:58:25
3255,,6,1,28,39,2018-07-25 16:58:25
3256,,6,1,29,39,2018-07-25 16:58:25
3257,,6,1,30,39,2018-07-25 16:58:25
3258,,6,1,31,39,2018-07-25 16:58:25
3259,,6,1,32,39,2018-07-25 16:58:25
3260,,6,1,33,39,2018-07-25 16:58:25
3261,,6,1,34,39,2018-07-25 16:58:25
3262,,6,1,20,39,2018-07-25 16:58:25
3263,,6,1,21,39,2018-07-25 16:58:25
3264,,6,1,40,39,2018-07-25 16:58:25
3265,,6,1,42,39,2018-07-25 16:58:25
3266,,6,1,43,39,2018-07-25 16:58:25
3267,,6,1,22,39,2018-07-25 16:58:25
3268,,6,1,46,39,2018-07-25 16:58:25
3269,,6,1,23,39,2018-07-25 16:58:25
3270,,6,1,24,39,2018-07-25 16:58:25
3364,,6,3,7,39,2018-07-26 17:37:41
3365,,6,3,8,39,2018-07-26 17:37:41
3366,,6,3,10,39,2018-07-26 17:37:41
3367,,6,3,11,39,2018-07-26 17:37:41
3368,,6,3,25,39,2018-07-26 17:37:41
3369,,6,3,16,39,2018-07-26 17:37:41
3370,,6,3,26,39,2018-07-26 17:37:41
3371,,6,3,27,39,2018-07-26 17:37:41
3372,,6,3,28,39,2018-07-26 17:37:41
3373,,6,3,29,39,2018-07-26 17:37:41
3374,,6,3,30,39,2018-07-26 17:37:41
3375,,6,3,31,39,2018-07-26 17:37:41
3376,,6,3,32,39,2018-07-26 17:37:41
3377,,6,3,33,39,2018-07-26 17:37:41
3378,,6,3,34,39,2018-07-26 17:37:41
3379,,6,3,20,39,2018-07-26 17:37:41
3380,,6,3,21,39,2018-07-26 17:37:41
3381,,6,3,38,39,2018-07-26 17:37:41
3382,,6,3,39,39,2018-07-26 17:37:41
3383,,6,3,40,39,2018-07-26 17:37:41
3384,,6,3,42,39,2018-07-26 17:37:41
3385,,6,3,43,39,2018-07-26 17:37:41
3386,,6,3,22,39,2018-07-26 17:37:41
3387,,6,3,46,39,2018-07-26 17:37:41
3388,,6,3,23,39,2018-07-26 17:37:41
3389,,6,3,24,39,2018-07-26 17:37:41
3390,,6,2,7,39,2018-07-26 17:57:08
3391,,6,2,8,39,2018-07-26 17:57:08
3392,,6,2,10,39,2018-07-26 17:57:08
3393,,6,2,11,39,2018-07-26 17:57:08
3394,,6,2,25,39,2018-07-26 17:57:08
3395,,6,2,14,39,2018-07-26 17:57:08
3396,,6,2,16,39,2018-07-26 17:57:08
3397,,6,2,26,39,2018-07-26 17:57:08
3398,,6,2,27,39,2018-07-26 17:57:08
3399,,6,2,28,39,2018-07-26 17:57:08
3400,,6,2,29,39,2018-07-26 17:57:08
3401,,6,2,30,39,2018-07-26 17:57:08
3402,,6,2,31,39,2018-07-26 17:57:08
3403,,6,2,32,39,2018-07-26 17:57:08
3404,,6,2,33,39,2018-07-26 17:57:08
3405,,6,2,34,39,2018-07-26 17:57:08
3406,,6,2,20,39,2018-07-26 17:57:08
3407,,6,2,21,39,2018-07-26 17:57:08
3408,,6,2,36,39,2018-07-26 17:57:08
3409,,6,2,37,39,2018-07-26 17:57:08
3410,,6,2,38,39,2018-07-26 17:57:08
3411,,6,2,39,39,2018-07-26 17:57:08
3412,,6,2,40,39,2018-07-26 17:57:08
3413,,6,2,42,39,2018-07-26 17:57:08
3414,,6,2,43,39,2018-07-26 17:57:08
3415,,6,2,22,39,2018-07-26 17:57:08
3416,,6,2,46,39,2018-07-26 17:57:08
3417,,6,2,23,39,2018-07-26 17:57:08
3418,,6,2,24,39,2018-07-26 17:57:08
3465,5,66,3,25,124,2018-08-18 13:07:54
3466,5,66,3,17,124,2018-08-18 13:07:54
3467,5,66,3,26,124,2018-08-18 13:07:54
3468,5,66,3,32,124,2018-08-18 13:07:54
3469,5,66,3,33,124,2018-08-18 13:07:54
3470,5,66,3,34,124,2018-08-18 13:07:54
3515,5,94,2,8,146,2018-08-18 15:53:23
3516,5,94,2,9,146,2018-08-18 15:53:23
3517,5,94,2,25,146,2018-08-18 15:53:23
3518,5,94,2,14,146,2018-08-18 15:53:23
3519,5,94,2,15,146,2018-08-18 15:53:23
3520,5,94,2,19,146,2018-08-18 15:53:23
3521,5,94,2,26,146,2018-08-18 15:53:23
3522,5,94,2,31,146,2018-08-18 15:53:23
3523,5,94,2,33,146,2018-08-18 15:53:23
3524,5,94,2,34,146,2018-08-18 15:53:23
3525,5,94,2,20,146,2018-08-18 15:53:23
3526,5,94,2,40,146,2018-08-18 15:53:23
3527,5,94,2,41,146,2018-08-18 15:53:23
3528,5,94,2,43,146,2018-08-18 15:53:23
3529,5,94,2,50,146,2018-08-18 15:53:23
3530,5,94,2,24,146,2018-08-18 15:53:23
3576,5,61,2,19,129,2018-08-20 17:18:11
3577,5,61,2,31,129,2018-08-20 17:18:11
3578,5,61,2,32,129,2018-08-20 17:18:11
3579,5,61,2,34,129,2018-08-20 17:18:11
3580,5,61,2,50,129,2018-08-20 17:18:11
3581,5,61,2,24,129,2018-08-20 17:18:11
3617,5,83,1,17,137,2018-08-20 18:11:00
3618,5,83,1,18,137,2018-08-20 18:11:00
3619,5,83,1,19,137,2018-08-20 18:11:00
3620,5,83,1,31,137,2018-08-20 18:11:00
3621,5,83,1,34,137,2018-08-20 18:11:00
3622,5,83,1,50,137,2018-08-20 18:11:00
3649,,4,1,7,77,2018-09-04 14:48:54
3650,,4,1,8,77,2018-09-04 14:48:54
3651,,4,1,9,77,2018-09-04 14:48:54
3652,,4,1,10,77,2018-09-04 14:48:54
3653,,4,1,11,77,2018-09-04 14:48:54
3654,,4,1,25,77,2018-09-04 14:48:54
3655,,4,1,14,77,2018-09-04 14:48:54
3656,,4,1,15,77,2018-09-04 14:48:54
3657,,4,1,16,77,2018-09-04 14:48:54
3658,,4,1,17,77,2018-09-04 14:48:54
3659,,4,1,18,77,2018-09-04 14:48:54
3660,,4,1,19,77,2018-09-04 14:48:54
3661,,4,1,26,77,2018-09-04 14:48:54
3662,,4,1,27,77,2018-09-04 14:48:54
3663,,4,1,28,77,2018-09-04 14:48:54
3664,,4,1,32,77,2018-09-04 14:48:54
3665,,4,1,34,77,2018-09-04 14:48:54
3666,,4,1,20,77,2018-09-04 14:48:54
3667,,4,1,21,77,2018-09-04 14:48:54
3668,,4,1,36,77,2018-09-04 14:48:54
3669,,4,1,40,77,2018-09-04 14:48:54
3670,,4,1,41,77,2018-09-04 14:48:54
3671,,4,1,43,77,2018-09-04 14:48:54
3672,,4,1,22,77,2018-09-04 14:48:54
3673,,4,1,46,77,2018-09-04 14:48:54
3674,,4,1,24,77,2018-09-04 14:48:54
3753,,4,2,7,77,2018-09-05 16:51:25
3754,,4,2,8,77,2018-09-05 16:51:25
3755,,4,2,9,77,2018-09-05 16:51:25
3756,,4,2,10,77,2018-09-05 16:51:25
3757,,4,2,11,77,2018-09-05 16:51:25
3758,,4,2,25,77,2018-09-05 16:51:25
3759,,4,2,14,77,2018-09-05 16:51:25
3760,,4,2,15,77,2018-09-05 16:51:25
3761,,4,2,16,77,2018-09-05 16:51:25
3762,,4,2,17,77,2018-09-05 16:51:25
3763,,4,2,18,77,2018-09-05 16:51:25
3764,,4,2,19,77,2018-09-05 16:51:25
3765,,4,2,26,77,2018-09-05 16:51:25
3766,,4,2,27,77,2018-09-05 16:51:25
3767,,4,2,28,77,2018-09-05 16:51:25
3768,,4,2,32,77,2018-09-05 16:51:25
3769,,4,2,34,77,2018-09-05 16:51:25
3770,,4,2,20,77,2018-09-05 16:51:25
3771,,4,2,21,77,2018-09-05 16:51:25
3772,,4,2,36,77,2018-09-05 16:51:25
3773,,4,2,40,77,2018-09-05 16:51:25
3774,,4,2,41,77,2018-09-05 16:51:25
3775,,4,2,43,77,2018-09-05 16:51:25
3776,,4,2,22,77,2018-09-05 16:51:25
3777,,4,2,46,77,2018-09-05 16:51:25
3778,,4,2,24,77,2018-09-05 16:51:25
3779,,4,3,7,77,2018-09-05 17:13:36
3780,,4,3,8,77,2018-09-05 17:13:36
3781,,4,3,9,77,2018-09-05 17:13:36
3782,,4,3,10,77,2018-09-05 17:13:36
3783,,4,3,11,77,2018-09-05 17:13:36
3784,,4,3,25,77,2018-09-05 17:13:36
3785,,4,3,14,77,2018-09-05 17:13:36
3786,,4,3,15,77,2018-09-05 17:13:36
3787,,4,3,16,77,2018-09-05 17:13:36
3788,,4,3,17,77,2018-09-05 17:13:36
3789,,4,3,18,77,2018-09-05 17:13:36
3790,,4,3,19,77,2018-09-05 17:13:36
3791,,4,3,26,77,2018-09-05 17:13:36
3792,,4,3,27,77,2018-09-05 17:13:36
3793,,4,3,28,77,2018-09-05 17:13:36
3794,,4,3,32,77,2018-09-05 17:13:36
3795,,4,3,34,77,2018-09-05 17:13:36
3796,,4,3,20,77,2018-09-05 17:13:36
3797,,4,3,21,77,2018-09-05 17:13:36
3798,,4,3,36,77,2018-09-05 17:13:36
3799,,4,3,40,77,2018-09-05 17:13:36
3800,,4,3,41,77,2018-09-05 17:13:36
3801,,4,3,43,77,2018-09-05 17:13:36
3802,,4,3,22,77,2018-09-05 17:13:36
3803,,4,3,46,77,2018-09-05 17:13:36
3804,,4,3,24,77,2018-09-05 17:13:36
3805,9,52,1,33,114,2018-09-13 16:21:52
3806,9,52,1,34,114,2018-09-13 16:21:52
3807,9,52,1,20,114,2018-09-13 16:21:52
3808,9,52,1,35,114,2018-09-13 16:21:52
3809,9,52,1,39,114,2018-09-13 16:21:52
3810,9,52,1,42,114,2018-09-13 16:21:52
3811,9,52,1,43,114,2018-09-13 16:21:52
3812,9,52,1,50,114,2018-09-13 16:21:52
3813,9,52,1,22,114,2018-09-13 16:21:52
3814,9,52,1,46,114,2018-09-13 16:21:52
3815,9,52,1,23,114,2018-09-13 16:21:52
3816,9,52,1,24,114,2018-09-13 16:21:52
4090,9,52,3,27,114,2018-09-26 11:10:51
4091,9,52,3,29,114,2018-09-26 11:10:51
4092,9,52,3,31,114,2018-09-26 11:10:51
4093,9,52,3,33,114,2018-09-26 11:10:51
4094,9,52,3,34,114,2018-09-26 11:10:51
4095,9,52,3,20,114,2018-09-26 11:10:51
4096,9,52,3,35,114,2018-09-26 11:10:51
4097,9,52,3,39,114,2018-09-26 11:10:51
4098,9,52,3,41,114,2018-09-26 11:10:51
4099,9,52,3,42,114,2018-09-26 11:10:51
4100,9,52,3,43,114,2018-09-26 11:10:51
4101,9,52,3,50,114,2018-09-26 11:10:51
4102,9,52,3,22,114,2018-09-26 11:10:51
4103,9,52,3,46,114,2018-09-26 11:10:51
4104,9,52,3,23,114,2018-09-26 11:10:51
4105,9,52,3,24,114,2018-09-26 11:10:51
4106,9,52,2,29,114,2018-09-26 11:11:08
4107,9,52,2,31,114,2018-09-26 11:11:08
4108,9,52,2,33,114,2018-09-26 11:11:08
4109,9,52,2,34,114,2018-09-26 11:11:08
4110,9,52,2,20,114,2018-09-26 11:11:08
4111,9,52,2,35,114,2018-09-26 11:11:08
4112,9,52,2,39,114,2018-09-26 11:11:08
4113,9,52,2,40,114,2018-09-26 11:11:08
4114,9,52,2,42,114,2018-09-26 11:11:08
4115,9,52,2,43,114,2018-09-26 11:11:08
4116,9,52,2,50,114,2018-09-26 11:11:08
4117,9,52,2,22,114,2018-09-26 11:11:08
4118,9,52,2,46,114,2018-09-26 11:11:08
4119,9,52,2,23,114,2018-09-26 11:11:08
4120,9,52,2,24,114,2018-09-26 11:11:08
4121,4,14,1,14,32,2018-09-26 16:10:17
4122,4,14,1,17,32,2018-09-26 16:10:17
4123,4,14,1,18,32,2018-09-26 16:10:17
4124,4,14,1,26,32,2018-09-26 16:10:17
4125,4,14,1,28,32,2018-09-26 16:10:17
4126,4,14,1,31,32,2018-09-26 16:10:17
4127,4,14,1,32,32,2018-09-26 16:10:17
4128,4,14,1,33,32,2018-09-26 16:10:17
4129,4,14,1,34,32,2018-09-26 16:10:17
4130,4,14,1,24,32,2018-09-26 16:10:17
4193,,7,2,7,19,2018-10-03 13:32:30
4194,,7,2,8,19,2018-10-03 13:32:30
4195,,7,2,9,19,2018-10-03 13:32:30
4196,,7,2,10,19,2018-10-03 13:32:30
4197,,7,2,11,19,2018-10-03 13:32:30
4198,,7,2,25,19,2018-10-03 13:32:30
4199,,7,2,14,19,2018-10-03 13:32:30
4200,,7,2,16,19,2018-10-03 13:32:30
4201,,7,2,17,19,2018-10-03 13:32:30
4202,,7,2,19,19,2018-10-03 13:32:30
4203,,7,2,26,19,2018-10-03 13:32:30
4204,,7,2,27,19,2018-10-03 13:32:30
4205,,7,2,28,19,2018-10-03 13:32:30
4206,,7,2,29,19,2018-10-03 13:32:30
4207,,7,2,30,19,2018-10-03 13:32:30
4208,,7,2,32,19,2018-10-03 13:32:30
4209,,7,2,34,19,2018-10-03 13:32:30
4210,,7,2,20,19,2018-10-03 13:32:30
4211,,7,2,21,19,2018-10-03 13:32:30
4212,,7,2,39,19,2018-10-03 13:32:30
4213,,7,2,40,19,2018-10-03 13:32:30
4214,,7,2,43,19,2018-10-03 13:32:30
4215,,7,2,22,19,2018-10-03 13:32:30
4216,,7,2,46,19,2018-10-03 13:32:30
4217,,7,3,7,19,2018-10-03 13:32:41
4218,,7,3,8,19,2018-10-03 13:32:41
4219,,7,3,9,19,2018-10-03 13:32:41
4220,,7,3,10,19,2018-10-03 13:32:41
4221,,7,3,11,19,2018-10-03 13:32:41
4222,,7,3,25,19,2018-10-03 13:32:41
4223,,7,3,14,19,2018-10-03 13:32:41
4224,,7,3,16,19,2018-10-03 13:32:41
4225,,7,3,17,19,2018-10-03 13:32:41
4226,,7,3,19,19,2018-10-03 13:32:41
4227,,7,3,26,19,2018-10-03 13:32:41
4228,,7,3,27,19,2018-10-03 13:32:41
4229,,7,3,28,19,2018-10-03 13:32:41
4230,,7,3,29,19,2018-10-03 13:32:41
4231,,7,3,30,19,2018-10-03 13:32:41
4232,,7,3,32,19,2018-10-03 13:32:41
4233,,7,3,34,19,2018-10-03 13:32:41
4234,,7,3,20,19,2018-10-03 13:32:41
4235,,7,3,21,19,2018-10-03 13:32:41
4236,,7,3,39,19,2018-10-03 13:32:41
4237,,7,3,40,19,2018-10-03 13:32:41
4238,,7,3,43,19,2018-10-03 13:32:41
4239,,7,3,22,19,2018-10-03 13:32:41
4240,,7,3,46,19,2018-10-03 13:32:41
4264,6,47,1,34,95,2018-10-05 18:19:21
4312,6,34,2,31,101,2018-10-09 15:47:44
4313,6,34,2,34,101,2018-10-09 15:47:44
4314,6,34,2,20,101,2018-10-09 15:47:44
4315,6,34,2,23,101,2018-10-09 15:47:44
4491,6,39,1,14,165,2018-10-13 18:31:48
4492,6,39,1,15,165,2018-10-13 18:31:48
4493,6,39,1,16,165,2018-10-13 18:31:48
4494,6,39,1,17,165,2018-10-13 18:31:48
4495,6,39,1,18,165,2018-10-13 18:31:48
4496,6,39,1,19,165,2018-10-13 18:31:48
4497,6,39,1,26,165,2018-10-13 18:31:48
4498,6,39,1,27,165,2018-10-13 18:31:48
4499,6,39,1,31,165,2018-10-13 18:31:48
4500,6,39,1,33,165,2018-10-13 18:31:48
4501,6,39,1,34,165,2018-10-13 18:31:48
4502,6,39,1,20,165,2018-10-13 18:31:48
4503,6,39,1,39,165,2018-10-13 18:31:48
4518,6,38,1,34,89,2018-10-15 10:47:03
4530,5,79,1,7,130,2018-10-19 15:48:00
4531,5,79,1,25,130,2018-10-19 15:48:00
4532,5,79,1,19,130,2018-10-19 15:48:00
4533,5,79,1,34,130,2018-10-19 15:48:00
4534,5,79,1,36,130,2018-10-19 15:48:00
4535,5,79,1,43,130,2018-10-19 15:48:00
4536,5,79,1,50,130,2018-10-19 15:48:00
4537,5,59,1,17,164,2018-10-20 12:15:55
4538,5,59,1,31,164,2018-10-20 12:15:55
4539,5,59,1,32,164,2018-10-20 12:15:55
4540,5,59,1,34,164,2018-10-20 12:15:55
4541,6,45,1,34,97,2018-10-22 15:30:23
4562,9,49,1,9,111,2018-10-24 10:43:50
4563,9,49,1,10,111,2018-10-24 10:43:50
4564,9,49,1,25,111,2018-10-24 10:43:50
4565,9,49,1,26,111,2018-10-24 10:43:50
4566,9,49,1,28,111,2018-10-24 10:43:50
4567,9,49,1,29,111,2018-10-24 10:43:50
4568,9,49,1,30,111,2018-10-24 10:43:50
4569,9,49,1,31,111,2018-10-24 10:43:50
4570,9,49,1,32,111,2018-10-24 10:43:50
4571,9,49,1,33,111,2018-10-24 10:43:50
4572,9,49,1,34,111,2018-10-24 10:43:50
4573,9,49,1,35,111,2018-10-24 10:43:50
4574,9,49,1,36,111,2018-10-24 10:43:50
4575,9,49,1,37,111,2018-10-24 10:43:50
4576,9,49,1,38,111,2018-10-24 10:43:50
4577,9,49,1,39,111,2018-10-24 10:43:50
4578,9,49,1,41,111,2018-10-24 10:43:50
4579,9,49,1,42,111,2018-10-24 10:43:50
4580,9,49,1,43,111,2018-10-24 10:43:50
4581,9,49,2,9,111,2018-10-24 10:44:36
4582,9,49,2,10,111,2018-10-24 10:44:36
4583,9,49,2,25,111,2018-10-24 10:44:36
4584,9,49,2,26,111,2018-10-24 10:44:36
4585,9,49,2,28,111,2018-10-24 10:44:36
4586,9,49,2,29,111,2018-10-24 10:44:36
4587,9,49,2,30,111,2018-10-24 10:44:36
4588,9,49,2,31,111,2018-10-24 10:44:36
4589,9,49,2,32,111,2018-10-24 10:44:36
4590,9,49,2,33,111,2018-10-24 10:44:36
4591,9,49,2,34,111,2018-10-24 10:44:36
4592,9,49,2,20,111,2018-10-24 10:44:36
4593,9,49,2,21,111,2018-10-24 10:44:36
4594,9,49,2,35,111,2018-10-24 10:44:36
4595,9,49,2,36,111,2018-10-24 10:44:36
4596,9,49,2,37,111,2018-10-24 10:44:36
4597,9,49,2,38,111,2018-10-24 10:44:36
4598,9,49,2,39,111,2018-10-24 10:44:36
4599,9,49,2,41,111,2018-10-24 10:44:36
4600,9,49,2,42,111,2018-10-24 10:44:36
4601,9,49,2,43,111,2018-10-24 10:44:36
4602,9,49,2,49,111,2018-10-24 10:44:36
4603,9,49,2,50,111,2018-10-24 10:44:36
4604,9,49,3,8,111,2018-10-24 10:45:15
4605,9,49,3,9,111,2018-10-24 10:45:15
4606,9,49,3,10,111,2018-10-24 10:45:15
4607,9,49,3,26,111,2018-10-24 10:45:15
4608,9,49,3,28,111,2018-10-24 10:45:15
4609,9,49,3,29,111,2018-10-24 10:45:15
4610,9,49,3,30,111,2018-10-24 10:45:15
4611,9,49,3,31,111,2018-10-24 10:45:15
4612,9,49,3,32,111,2018-10-24 10:45:15
4613,9,49,3,33,111,2018-10-24 10:45:15
4614,9,49,3,34,111,2018-10-24 10:45:15
4615,9,49,3,20,111,2018-10-24 10:45:15
4616,9,49,3,21,111,2018-10-24 10:45:15
4617,9,49,3,35,111,2018-10-24 10:45:15
4618,9,49,3,36,111,2018-10-24 10:45:15
4619,9,49,3,37,111,2018-10-24 10:45:15
4620,9,49,3,38,111,2018-10-24 10:45:15
4621,9,49,3,39,111,2018-10-24 10:45:15
4622,9,49,3,40,111,2018-10-24 10:45:15
4623,9,49,3,41,111,2018-10-24 10:45:15
4624,9,49,3,42,111,2018-10-24 10:45:15
4625,9,49,3,43,111,2018-10-24 10:45:15
4626,9,49,3,49,111,2018-10-24 10:45:15
4627,9,49,3,50,111,2018-10-24 10:45:15
4633,6,40,1,7,106,2018-10-31 16:09:53
4634,6,40,1,8,106,2018-10-31 16:09:53
4635,6,40,1,9,106,2018-10-31 16:09:53
4636,6,40,1,10,106,2018-10-31 16:09:53
4637,6,40,1,11,106,2018-10-31 16:09:53
4638,6,40,1,25,106,2018-10-31 16:09:53
4639,6,40,1,14,106,2018-10-31 16:09:53
4640,6,40,1,15,106,2018-10-31 16:09:53
4641,6,40,1,16,106,2018-10-31 16:09:53
4642,6,40,1,17,106,2018-10-31 16:09:53
4643,6,40,1,18,106,2018-10-31 16:09:53
4644,6,40,1,19,106,2018-10-31 16:09:53
4645,6,40,1,26,106,2018-10-31 16:09:53
4646,6,40,1,27,106,2018-10-31 16:09:53
4647,6,40,1,28,106,2018-10-31 16:09:53
4648,6,40,1,29,106,2018-10-31 16:09:53
4649,6,40,1,30,106,2018-10-31 16:09:53
4650,6,40,1,31,106,2018-10-31 16:09:53
4651,6,40,1,32,106,2018-10-31 16:09:53
4652,6,40,1,33,106,2018-10-31 16:09:53
4653,6,40,1,34,106,2018-10-31 16:09:53
4654,6,40,1,20,106,2018-10-31 16:09:53
4655,6,40,1,21,106,2018-10-31 16:09:53
4656,6,40,1,35,106,2018-10-31 16:09:53
4657,6,40,1,36,106,2018-10-31 16:09:53
4658,6,40,1,37,106,2018-10-31 16:09:53
4659,6,40,1,38,106,2018-10-31 16:09:53
4660,6,40,1,39,106,2018-10-31 16:09:53
4661,6,40,1,40,106,2018-10-31 16:09:53
4662,6,40,1,41,106,2018-10-31 16:09:53
4663,6,40,1,42,106,2018-10-31 16:09:53
4664,6,40,1,43,106,2018-10-31 16:09:53
4665,6,40,1,49,106,2018-10-31 16:09:53
4666,6,40,1,50,106,2018-10-31 16:09:53
4667,6,40,1,22,106,2018-10-31 16:09:53
4668,6,40,1,46,106,2018-10-31 16:09:53
4669,6,40,1,23,106,2018-10-31 16:09:53
4670,6,40,1,24,106,2018-10-31 16:09:53
4709,6,40,3,7,106,2018-10-31 16:12:12
4710,6,40,3,8,106,2018-10-31 16:12:12
4711,6,40,3,9,106,2018-10-31 16:12:12
4712,6,40,3,10,106,2018-10-31 16:12:12
4713,6,40,3,11,106,2018-10-31 16:12:12
4714,6,40,3,25,106,2018-10-31 16:12:12
4715,6,40,3,14,106,2018-10-31 16:12:12
4716,6,40,3,15,106,2018-10-31 16:12:12
4717,6,40,3,16,106,2018-10-31 16:12:12
4718,6,40,3,17,106,2018-10-31 16:12:12
4719,6,40,3,18,106,2018-10-31 16:12:12
4720,6,40,3,19,106,2018-10-31 16:12:12
4721,6,40,3,26,106,2018-10-31 16:12:12
4722,6,40,3,27,106,2018-10-31 16:12:12
4723,6,40,3,28,106,2018-10-31 16:12:12
4724,6,40,3,29,106,2018-10-31 16:12:12
4725,6,40,3,30,106,2018-10-31 16:12:12
4726,6,40,3,31,106,2018-10-31 16:12:12
4727,6,40,3,32,106,2018-10-31 16:12:12
4728,6,40,3,33,106,2018-10-31 16:12:12
4729,6,40,3,34,106,2018-10-31 16:12:12
4730,6,40,3,20,106,2018-10-31 16:12:12
4731,6,40,3,21,106,2018-10-31 16:12:12
4732,6,40,3,35,106,2018-10-31 16:12:12
4733,6,40,3,36,106,2018-10-31 16:12:12
4734,6,40,3,37,106,2018-10-31 16:12:12
4735,6,40,3,38,106,2018-10-31 16:12:12
4736,6,40,3,39,106,2018-10-31 16:12:12
4737,6,40,3,40,106,2018-10-31 16:12:12
4738,6,40,3,41,106,2018-10-31 16:12:12
4739,6,40,3,42,106,2018-10-31 16:12:12
4740,6,40,3,43,106,2018-10-31 16:12:12
4741,6,40,3,49,106,2018-10-31 16:12:12
4742,6,40,3,50,106,2018-10-31 16:12:12
4743,6,40,3,22,106,2018-10-31 16:12:12
4744,6,40,3,46,106,2018-10-31 16:12:12
4745,6,40,3,23,106,2018-10-31 16:12:12
4746,6,40,3,24,106,2018-10-31 16:12:12
4747,6,41,2,9,118,2018-11-01 14:50:24
4748,6,41,3,9,118,2018-11-01 14:50:59
4749,6,40,2,7,106,2018-11-01 15:01:54
4750,6,40,2,8,106,2018-11-01 15:01:54
4751,6,40,2,9,106,2018-11-01 15:01:54
4752,6,40,2,10,106,2018-11-01 15:01:54
4753,6,40,2,11,106,2018-11-01 15:01:54
4754,6,40,2,25,106,2018-11-01 15:01:54
4755,6,40,2,14,106,2018-11-01 15:01:54
4756,6,40,2,15,106,2018-11-01 15:01:54
4757,6,40,2,16,106,2018-11-01 15:01:54
4758,6,40,2,17,106,2018-11-01 15:01:54
4759,6,40,2,18,106,2018-11-01 15:01:54
4760,6,40,2,19,106,2018-11-01 15:01:54
4761,6,40,2,26,106,2018-11-01 15:01:54
4762,6,40,2,27,106,2018-11-01 15:01:54
4763,6,40,2,20,106,2018-11-01 15:01:54
4764,6,40,2,40,106,2018-11-01 15:01:54
4790,5,55,1,28,173,2018-11-03 14:24:22
4791,5,55,1,30,173,2018-11-03 14:24:22
4792,5,55,1,34,173,2018-11-03 14:24:22
4940,6,37,2,10,90,2018-11-03 18:01:44
4941,6,37,2,25,90,2018-11-03 18:01:44
4942,6,37,2,16,90,2018-11-03 18:01:44
4943,6,37,2,17,90,2018-11-03 18:01:44
4944,6,37,2,19,90,2018-11-03 18:01:44
4945,6,37,2,26,90,2018-11-03 18:01:44
4946,6,37,2,28,90,2018-11-03 18:01:44
4947,6,37,2,30,90,2018-11-03 18:01:44
4948,6,37,2,33,90,2018-11-03 18:01:44
4949,6,37,2,34,90,2018-11-03 18:01:44
4950,6,37,2,20,90,2018-11-03 18:01:44
4951,6,37,2,36,90,2018-11-03 18:01:44
4952,6,37,2,38,90,2018-11-03 18:01:44
4953,6,37,2,39,90,2018-11-03 18:01:44
4954,6,37,2,40,90,2018-11-03 18:01:44
4955,6,37,2,41,90,2018-11-03 18:01:44
4956,6,37,2,42,90,2018-11-03 18:01:44
4957,6,37,2,43,90,2018-11-03 18:01:44
4958,6,37,2,49,90,2018-11-03 18:01:44
4959,6,37,2,22,90,2018-11-03 18:01:44
4960,6,37,2,46,90,2018-11-03 18:01:44
4961,6,37,2,23,90,2018-11-03 18:01:44
4962,6,37,2,24,90,2018-11-03 18:01:44
5013,6,37,3,10,90,2018-11-03 18:03:04
5014,6,37,3,25,90,2018-11-03 18:03:04
5015,6,37,3,16,90,2018-11-03 18:03:04
5016,6,37,3,17,90,2018-11-03 18:03:04
5017,6,37,3,19,90,2018-11-03 18:03:04
5018,6,37,3,26,90,2018-11-03 18:03:04
5019,6,37,3,28,90,2018-11-03 18:03:04
5020,6,37,3,30,90,2018-11-03 18:03:04
5021,6,37,3,33,90,2018-11-03 18:03:04
5022,6,37,3,34,90,2018-11-03 18:03:04
5023,6,37,3,20,90,2018-11-03 18:03:04
5024,6,37,3,36,90,2018-11-03 18:03:04
5025,6,37,3,38,90,2018-11-03 18:03:04
5026,6,37,3,40,90,2018-11-03 18:03:04
5027,6,37,3,41,90,2018-11-03 18:03:04
5028,6,37,3,42,90,2018-11-03 18:03:04
5029,6,37,3,43,90,2018-11-03 18:03:04
5030,6,37,3,49,90,2018-11-03 18:03:04
5031,6,37,3,22,90,2018-11-03 18:03:04
5032,6,37,3,46,90,2018-11-03 18:03:04
5033,6,37,3,23,90,2018-11-03 18:03:04
5034,6,37,3,24,90,2018-11-03 18:03:04
5054,5,99,1,9,170,2018-11-06 15:41:21
5207,,9,2,7,28,2018-11-10 11:07:17
5208,,9,2,8,28,2018-11-10 11:07:17
5209,,9,2,9,28,2018-11-10 11:07:17
5210,,9,2,10,28,2018-11-10 11:07:17
5211,,9,2,11,28,2018-11-10 11:07:17
5212,,9,2,25,28,2018-11-10 11:07:17
5213,,9,2,14,28,2018-11-10 11:07:17
5214,,9,2,15,28,2018-11-10 11:07:17
5215,,9,2,16,28,2018-11-10 11:07:17
5216,,9,2,17,28,2018-11-10 11:07:17
5217,,9,2,18,28,2018-11-10 11:07:17
5218,,9,2,19,28,2018-11-10 11:07:17
5219,,9,2,26,28,2018-11-10 11:07:17
5220,,9,2,27,28,2018-11-10 11:07:17
5221,,9,2,28,28,2018-11-10 11:07:17
5222,,9,2,29,28,2018-11-10 11:07:17
5223,,9,2,30,28,2018-11-10 11:07:17
5224,,9,2,31,28,2018-11-10 11:07:17
5225,,9,2,32,28,2018-11-10 11:07:17
5226,,9,2,33,28,2018-11-10 11:07:17
5227,,9,2,34,28,2018-11-10 11:07:17
5228,,9,2,20,28,2018-11-10 11:07:17
5229,,9,2,21,28,2018-11-10 11:07:17
5230,,9,2,35,28,2018-11-10 11:07:17
5231,,9,2,36,28,2018-11-10 11:07:17
5232,,9,2,37,28,2018-11-10 11:07:17
5233,,9,2,38,28,2018-11-10 11:07:17
5234,,9,2,39,28,2018-11-10 11:07:17
5235,,9,2,40,28,2018-11-10 11:07:17
5236,,9,2,41,28,2018-11-10 11:07:17
5237,,9,2,42,28,2018-11-10 11:07:17
5238,,9,2,43,28,2018-11-10 11:07:17
5239,,9,2,49,28,2018-11-10 11:07:17
5240,,9,2,50,28,2018-11-10 11:07:17
5241,,9,2,22,28,2018-11-10 11:07:17
5242,,9,2,46,28,2018-11-10 11:07:17
5243,,9,2,23,28,2018-11-10 11:07:17
5244,,9,2,24,28,2018-11-10 11:07:17
5246,5,85,1,31,144,2018-11-13 11:40:45
5247,5,85,1,34,144,2018-11-13 11:40:45
5248,5,100,1,7,177,2018-11-14 12:45:03
5249,5,100,1,8,177,2018-11-14 12:45:03
5250,5,100,1,9,177,2018-11-14 12:45:03
5251,5,100,1,10,177,2018-11-14 12:45:03
5252,5,100,1,11,177,2018-11-14 12:45:03
5253,5,100,1,25,177,2018-11-14 12:45:03
5254,5,100,1,14,177,2018-11-14 12:45:03
5255,5,100,1,15,177,2018-11-14 12:45:03
5256,5,100,1,16,177,2018-11-14 12:45:03
5257,5,100,1,17,177,2018-11-14 12:45:03
5258,5,100,1,18,177,2018-11-14 12:45:03
5259,5,100,1,19,177,2018-11-14 12:45:03
5260,5,100,1,26,177,2018-11-14 12:45:03
5261,5,100,1,27,177,2018-11-14 12:45:03
5262,5,100,1,28,177,2018-11-14 12:45:03
5263,5,100,1,29,177,2018-11-14 12:45:03
5264,5,100,1,30,177,2018-11-14 12:45:03
5265,5,100,1,31,177,2018-11-14 12:45:03
5266,5,100,1,32,177,2018-11-14 12:45:03
5267,5,100,1,33,177,2018-11-14 12:45:03
5268,5,100,1,34,177,2018-11-14 12:45:03
5269,5,100,1,20,177,2018-11-14 12:45:03
5270,5,100,1,21,177,2018-11-14 12:45:03
5271,5,100,1,35,177,2018-11-14 12:45:03
5272,5,100,1,36,177,2018-11-14 12:45:03
5273,5,100,1,37,177,2018-11-14 12:45:03
5274,5,100,1,38,177,2018-11-14 12:45:03
5275,5,100,1,39,177,2018-11-14 12:45:03
5276,5,100,1,40,177,2018-11-14 12:45:03
5277,5,100,1,41,177,2018-11-14 12:45:03
5278,5,100,1,42,177,2018-11-14 12:45:03
5279,5,100,1,43,177,2018-11-14 12:45:03
5280,5,100,1,49,177,2018-11-14 12:45:03
5281,5,100,1,50,177,2018-11-14 12:45:03
5282,5,100,1,22,177,2018-11-14 12:45:03
5283,5,100,1,46,177,2018-11-14 12:45:03
5284,5,100,1,23,177,2018-11-14 12:45:03
5285,5,100,1,24,177,2018-11-14 12:45:03
5286,5,87,1,8,162,2018-11-15 11:57:25
5287,5,87,1,9,162,2018-11-15 11:57:25
5288,5,87,1,10,162,2018-11-15 11:57:25
5289,5,87,1,25,162,2018-11-15 11:57:25
5290,5,87,1,14,162,2018-11-15 11:57:25
5291,5,87,1,15,162,2018-11-15 11:57:25
5292,5,87,1,16,162,2018-11-15 11:57:25
5293,5,87,1,17,162,2018-11-15 11:57:25
5294,5,87,1,18,162,2018-11-15 11:57:25
5295,5,87,1,19,162,2018-11-15 11:57:25
5296,5,87,1,26,162,2018-11-15 11:57:25
5297,5,87,1,28,162,2018-11-15 11:57:25
5298,5,87,1,33,162,2018-11-15 11:57:25
5299,5,87,1,34,162,2018-11-15 11:57:25
5300,5,87,1,20,162,2018-11-15 11:57:25
5301,5,87,1,36,162,2018-11-15 11:57:25
5302,5,87,1,40,162,2018-11-15 11:57:25
5303,5,87,1,42,162,2018-11-15 11:57:25
5304,5,87,1,43,162,2018-11-15 11:57:25
5305,5,87,1,22,162,2018-11-15 11:57:25
5306,5,87,1,46,162,2018-11-15 11:57:25
5307,5,87,1,23,162,2018-11-15 11:57:25
5308,5,87,1,24,162,2018-11-15 11:57:25
5333,6,105,1,31,174,2018-11-15 13:24:19
5334,6,105,1,20,174,2018-11-15 13:24:19
5335,6,105,1,40,174,2018-11-15 13:24:19
5336,6,105,1,50,174,2018-11-15 13:24:19
5337,6,105,2,31,174,2018-11-15 13:25:28
5338,6,105,2,20,174,2018-11-15 13:25:28
5339,6,105,2,40,174,2018-11-15 13:25:28
5340,6,105,2,50,174,2018-11-15 13:25:28
5341,6,105,3,31,174,2018-11-15 13:26:29
5342,6,105,3,20,174,2018-11-15 13:26:29
5343,6,105,3,40,174,2018-11-15 13:26:29
5344,6,105,3,50,174,2018-11-15 13:26:29
5345,6,106,1,40,175,2018-11-15 13:28:11
5346,6,106,2,40,175,2018-11-15 13:28:25
5347,6,106,3,40,175,2018-11-15 13:28:48
5348,6,104,1,40,166,2018-11-15 15:14:33
5349,6,104,2,40,166,2018-11-15 15:14:53
5350,6,104,3,40,166,2018-11-15 15:15:13
5370,6,35,1,14,84,2018-11-30 14:35:41
5371,6,35,1,15,84,2018-11-30 14:35:41
5372,6,35,1,16,84,2018-11-30 14:35:41
5373,6,35,1,34,84,2018-11-30 14:35:41
5400,,5,1,8,26,2018-12-13 15:38:06
5401,,5,1,9,26,2018-12-13 15:38:06
5402,,5,1,25,26,2018-12-13 15:38:06
5403,,5,1,17,26,2018-12-13 15:38:06
5404,,5,1,18,26,2018-12-13 15:38:06
5405,,5,1,19,26,2018-12-13 15:38:06
5406,,5,1,28,26,2018-12-13 15:38:06
5407,,5,1,34,26,2018-12-13 15:38:06
5408,,5,1,20,26,2018-12-13 15:38:06
5409,,5,1,40,26,2018-12-13 15:38:06
5410,,5,1,42,26,2018-12-13 15:38:06
5411,,5,1,43,26,2018-12-13 15:38:06
5412,,5,1,22,26,2018-12-13 15:38:06
5413,,5,1,46,26,2018-12-13 15:38:06
5596,5,53,1,16,127,2019-01-01 13:19:09
5597,5,53,1,18,127,2019-01-01 13:19:09
5598,5,53,1,19,127,2019-01-01 13:19:09
5599,5,53,1,32,127,2019-01-01 13:19:09
5600,5,53,1,34,127,2019-01-01 13:19:09
5601,3,29,3,8,66,2019-01-03 12:20:00
5614,1,111,2,36,180,2019-01-10 13:21:06
5615,1,111,2,39,180,2019-01-10 13:21:06
5616,1,111,2,43,180,2019-01-10 13:21:06
5617,1,111,3,36,180,2019-01-10 13:21:21
5618,1,111,3,39,180,2019-01-10 13:21:21
5619,1,111,3,43,180,2019-01-10 13:21:21
5620,1,107,1,8,181,2019-01-10 14:55:49
5621,1,107,1,10,181,2019-01-10 14:55:49
5622,1,107,1,11,181,2019-01-10 14:55:49
5623,1,107,1,25,181,2019-01-10 14:55:49
5624,1,107,1,14,181,2019-01-10 14:55:49
5625,1,107,1,15,181,2019-01-10 14:55:49
5626,1,107,1,16,181,2019-01-10 14:55:49
5627,1,107,1,17,181,2019-01-10 14:55:49
5628,1,107,1,19,181,2019-01-10 14:55:49
5629,1,107,1,26,181,2019-01-10 14:55:49
5630,1,107,1,28,181,2019-01-10 14:55:49
5631,1,107,1,30,181,2019-01-10 14:55:49
5632,1,107,1,34,181,2019-01-10 14:55:49
5633,1,107,1,20,181,2019-01-10 14:55:49
5634,1,107,1,21,181,2019-01-10 14:55:49
5635,1,107,1,36,181,2019-01-10 14:55:49
5636,1,107,1,38,181,2019-01-10 14:55:49
5637,1,107,1,40,181,2019-01-10 14:55:49
5638,1,107,1,43,181,2019-01-10 14:55:49
5639,1,107,1,22,181,2019-01-10 14:55:49
5640,1,107,1,46,181,2019-01-10 14:55:49
5641,1,107,2,8,181,2019-01-10 14:57:29
5642,1,107,2,10,181,2019-01-10 14:57:29
5643,1,107,2,11,181,2019-01-10 14:57:29
5644,1,107,2,25,181,2019-01-10 14:57:29
5645,1,107,2,14,181,2019-01-10 14:57:29
5646,1,107,2,15,181,2019-01-10 14:57:29
5647,1,107,2,17,181,2019-01-10 14:57:29
5648,1,107,2,19,181,2019-01-10 14:57:29
5649,1,107,2,26,181,2019-01-10 14:57:29
5650,1,107,2,28,181,2019-01-10 14:57:29
5651,1,107,2,30,181,2019-01-10 14:57:29
5652,1,107,2,34,181,2019-01-10 14:57:29
5653,1,107,2,20,181,2019-01-10 14:57:29
5654,1,107,2,21,181,2019-01-10 14:57:29
5655,1,107,2,38,181,2019-01-10 14:57:29
5656,1,107,2,40,181,2019-01-10 14:57:29
5657,1,107,2,43,181,2019-01-10 14:57:29
5658,1,107,2,22,181,2019-01-10 14:57:29
5659,1,107,2,46,181,2019-01-10 14:57:29
5660,1,107,3,8,181,2019-01-10 14:58:13
5661,1,107,3,10,181,2019-01-10 14:58:13
5662,1,107,3,11,181,2019-01-10 14:58:13
5663,1,107,3,25,181,2019-01-10 14:58:13
5664,1,107,3,14,181,2019-01-10 14:58:13
5665,1,107,3,15,181,2019-01-10 14:58:13
5666,1,107,3,17,181,2019-01-10 14:58:13
5667,1,107,3,19,181,2019-01-10 14:58:13
5668,1,107,3,26,181,2019-01-10 14:58:13
5669,1,107,3,28,181,2019-01-10 14:58:13
5670,1,107,3,30,181,2019-01-10 14:58:13
5671,1,107,3,34,181,2019-01-10 14:58:13
5672,1,107,3,20,181,2019-01-10 14:58:13
5673,1,107,3,21,181,2019-01-10 14:58:13
5674,1,107,3,38,181,2019-01-10 14:58:13
5675,1,107,3,40,181,2019-01-10 14:58:13
5676,1,107,3,43,181,2019-01-10 14:58:13
5677,1,107,3,22,181,2019-01-10 14:58:13
5678,1,107,3,46,181,2019-01-10 14:58:13
5751,6,37,1,10,90,2019-02-05 14:59:17
5752,6,37,1,25,90,2019-02-05 14:59:17
5753,6,37,1,16,90,2019-02-05 14:59:17
5754,6,37,1,17,90,2019-02-05 14:59:17
5755,6,37,1,18,90,2019-02-05 14:59:17
5756,6,37,1,19,90,2019-02-05 14:59:17
5757,6,37,1,26,90,2019-02-05 14:59:17
5758,6,37,1,28,90,2019-02-05 14:59:17
5759,6,37,1,30,90,2019-02-05 14:59:17
5760,6,37,1,31,90,2019-02-05 14:59:17
5761,6,37,1,32,90,2019-02-05 14:59:17
5762,6,37,1,33,90,2019-02-05 14:59:17
5763,6,37,1,34,90,2019-02-05 14:59:17
5764,6,37,1,20,90,2019-02-05 14:59:17
5765,6,37,1,21,90,2019-02-05 14:59:17
5766,6,37,1,36,90,2019-02-05 14:59:17
5767,6,37,1,38,90,2019-02-05 14:59:17
5768,6,37,1,40,90,2019-02-05 14:59:17
5769,6,37,1,41,90,2019-02-05 14:59:17
5770,6,37,1,42,90,2019-02-05 14:59:17
5771,6,37,1,43,90,2019-02-05 14:59:17
5772,6,37,1,49,90,2019-02-05 14:59:17
5773,6,37,1,22,90,2019-02-05 14:59:17
5774,6,37,1,46,90,2019-02-05 14:59:17
5775,6,37,1,23,90,2019-02-05 14:59:17
5776,6,37,1,24,90,2019-02-05 14:59:17
5877,8,114,3,14,212,2019-04-05 10:11:36
5878,8,114,3,15,212,2019-04-05 10:11:36
5879,8,114,3,16,212,2019-04-05 10:11:36
5880,8,114,3,17,212,2019-04-05 10:11:36
5881,8,114,3,18,212,2019-04-05 10:11:36
5882,8,114,3,19,212,2019-04-05 10:11:36
5883,8,114,3,26,212,2019-04-05 10:11:36
5884,8,114,3,31,212,2019-04-05 10:11:36
5885,8,114,3,32,212,2019-04-05 10:11:36
5886,8,114,3,33,212,2019-04-05 10:11:36
5887,8,114,3,34,212,2019-04-05 10:11:36
5888,8,114,3,20,212,2019-04-05 10:11:36
5889,8,114,3,40,212,2019-04-05 10:11:36
5890,8,114,3,41,212,2019-04-05 10:11:36
5891,8,114,3,43,212,2019-04-05 10:11:36
5894,6,115,1,15,221,2019-04-09 12:06:02
5895,6,115,2,15,221,2019-04-09 12:06:32
5896,6,115,3,15,221,2019-04-09 12:06:50
5915,1,111,1,36,180,2019-04-25 15:52:08
5916,1,111,1,39,180,2019-04-25 15:52:08
5917,1,111,1,43,180,2019-04-25 15:52:08
6031,5,61,1,17,129,2019-05-02 15:21:24
6032,5,61,1,18,129,2019-05-02 15:21:24
6033,5,61,1,19,129,2019-05-02 15:21:24
6034,5,61,1,31,129,2019-05-02 15:21:24
6035,5,61,1,32,129,2019-05-02 15:21:24
6036,5,61,1,34,129,2019-05-02 15:21:24
6037,5,61,1,20,129,2019-05-02 15:21:24
6038,5,61,1,39,129,2019-05-02 15:21:24
6039,5,61,1,50,129,2019-05-02 15:21:24
6044,,10,3,8,45,2019-05-07 14:35:47
6045,,10,3,10,45,2019-05-07 14:35:47
6046,,10,3,11,45,2019-05-07 14:35:47
6047,,10,3,25,45,2019-05-07 14:35:47
6048,,10,3,15,45,2019-05-07 14:35:47
6049,,10,3,16,45,2019-05-07 14:35:47
6050,,10,3,17,45,2019-05-07 14:35:47
6051,,10,3,18,45,2019-05-07 14:35:47
6052,,10,3,26,45,2019-05-07 14:35:47
6053,,10,3,34,45,2019-05-07 14:35:47
6054,,10,3,20,45,2019-05-07 14:35:47
6055,,10,3,43,45,2019-05-07 14:35:47
6056,,10,3,22,45,2019-05-07 14:35:47
6057,,10,3,46,45,2019-05-07 14:35:47
6082,1,110,1,7,216,2019-05-17 15:16:29
6083,1,110,1,8,216,2019-05-17 15:16:29
6084,1,110,1,25,216,2019-05-17 15:16:29
6085,1,110,2,7,216,2019-05-17 15:16:45
6086,1,110,2,8,216,2019-05-17 15:16:45
6087,1,110,2,25,216,2019-05-17 15:16:45
6088,1,110,3,7,216,2019-05-17 15:17:01
6089,1,110,3,8,216,2019-05-17 15:17:01
6090,1,110,3,25,216,2019-05-17 15:17:01
6091,5,103,2,17,160,2019-06-07 17:51:58
6092,5,103,2,18,160,2019-06-07 17:51:58
6093,5,103,2,19,160,2019-06-07 17:51:58
6094,5,103,2,34,160,2019-06-07 17:51:58
6095,5,103,1,17,160,2019-06-07 17:52:36
6096,5,103,1,19,160,2019-06-07 17:52:36
6097,5,103,1,34,160,2019-06-07 17:52:36
6098,5,103,1,40,160,2019-06-07 17:52:36
6099,5,103,3,17,160,2019-06-07 17:53:06
6100,5,103,3,18,160,2019-06-07 17:53:06
6101,5,103,3,19,160,2019-06-07 17:53:06
6102,5,103,3,34,160,2019-06-07 17:53:06
6107,2,117,1,28,229,2019-06-11 17:07:52
6108,2,117,1,31,229,2019-06-11 17:07:52
6109,2,117,1,33,229,2019-06-11 17:07:52
6110,2,117,1,34,229,2019-06-11 17:07:52
6111,2,117,1,50,229,2019-06-11 17:07:52
6112,2,117,3,28,229,2019-06-11 17:10:41
6113,2,117,3,31,229,2019-06-11 17:10:41
6114,2,117,3,33,229,2019-06-11 17:10:41
6115,2,117,3,34,229,2019-06-11 17:10:41
6116,2,117,3,20,229,2019-06-11 17:10:41
6117,2,117,3,50,229,2019-06-11 17:10:41
6118,2,117,2,31,229,2019-06-11 17:12:50
6119,2,117,2,33,229,2019-06-11 17:12:50
6120,2,117,2,34,229,2019-06-11 17:12:50
6121,2,117,2,20,229,2019-06-11 17:12:50
6122,2,117,2,50,229,2019-06-11 17:12:50
6123,2,116,1,8,225,2019-06-25 16:07:21
6124,2,116,1,10,225,2019-06-25 16:07:21
6125,2,116,1,25,225,2019-06-25 16:07:21
6126,2,116,1,32,225,2019-06-25 16:07:21
6127,2,116,1,34,225,2019-06-25 16:07:21
6142,,3,1,7,54,2019-08-31 16:28:33
6143,,3,1,8,54,2019-08-31 16:28:33
6144,,3,1,10,54,2019-08-31 16:28:33
6145,,3,1,11,54,2019-08-31 16:28:33
6146,,3,1,25,54,2019-08-31 16:28:33
6147,,3,1,14,54,2019-08-31 16:28:33
6148,,3,1,15,54,2019-08-31 16:28:33
6149,,3,1,16,54,2019-08-31 16:28:33
6150,,3,1,17,54,2019-08-31 16:28:33
6151,,3,1,18,54,2019-08-31 16:28:33
6152,,3,1,19,54,2019-08-31 16:28:33
6153,,3,1,26,54,2019-08-31 16:28:33
6154,,3,1,27,54,2019-08-31 16:28:33
6155,,3,1,33,54,2019-08-31 16:28:33
6156,,3,1,34,54,2019-08-31 16:28:33
6157,,3,1,20,54,2019-08-31 16:28:33
6158,,3,1,40,54,2019-08-31 16:28:33
6159,,3,1,41,54,2019-08-31 16:28:33
6160,,3,1,43,54,2019-08-31 16:28:33
6161,,3,1,22,54,2019-08-31 16:28:33
6162,,3,1,46,54,2019-08-31 16:28:33
6163,,3,1,23,54,2019-08-31 16:28:33
6164,,3,1,24,54,2019-08-31 16:28:33
6165,,3,1,52,54,2019-08-31 16:28:33
6193,,9,1,7,28,2019-09-04 11:08:47
6194,,9,1,8,28,2019-09-04 11:08:47
6195,,9,1,9,28,2019-09-04 11:08:47
6196,,9,1,10,28,2019-09-04 11:08:47
6197,,9,1,11,28,2019-09-04 11:08:47
6198,,9,1,25,28,2019-09-04 11:08:47
6199,,9,1,14,28,2019-09-04 11:08:47
6200,,9,1,15,28,2019-09-04 11:08:47
6201,,9,1,16,28,2019-09-04 11:08:47
6202,,9,1,17,28,2019-09-04 11:08:47
6203,,9,1,18,28,2019-09-04 11:08:47
6204,,9,1,19,28,2019-09-04 11:08:47
6205,,9,1,26,28,2019-09-04 11:08:47
6206,,9,1,27,28,2019-09-04 11:08:47
6207,,9,1,28,28,2019-09-04 11:08:47
6208,,9,1,29,28,2019-09-04 11:08:47
6209,,9,1,30,28,2019-09-04 11:08:47
6210,,9,1,31,28,2019-09-04 11:08:47
6211,,9,1,32,28,2019-09-04 11:08:47
6212,,9,1,33,28,2019-09-04 11:08:47
6213,,9,1,34,28,2019-09-04 11:08:47
6214,,9,1,20,28,2019-09-04 11:08:47
6215,,9,1,21,28,2019-09-04 11:08:47
6216,,9,1,35,28,2019-09-04 11:08:47
6217,,9,1,36,28,2019-09-04 11:08:47
6218,,9,1,37,28,2019-09-04 11:08:47
6219,,9,1,38,28,2019-09-04 11:08:47
6220,,9,1,39,28,2019-09-04 11:08:47
6221,,9,1,40,28,2019-09-04 11:08:47
6222,,9,1,41,28,2019-09-04 11:08:47
6223,,9,1,42,28,2019-09-04 11:08:47
6224,,9,1,43,28,2019-09-04 11:08:47
6225,,9,1,49,28,2019-09-04 11:08:47
6226,,9,1,50,28,2019-09-04 11:08:47
6227,,9,1,22,28,2019-09-04 11:08:47
6228,,9,1,46,28,2019-09-04 11:08:47
6229,,9,1,23,28,2019-09-04 11:08:47
6230,,9,1,24,28,2019-09-04 11:08:47
6231,,9,1,51,28,2019-09-04 11:08:47
6232,,9,1,52,28,2019-09-04 11:08:47
6233,,9,1,54,28,2019-09-04 11:08:47
6234,3,29,1,8,66,2019-09-04 15:37:22
6235,,11,1,7,31,2019-09-09 11:01:46
6236,,11,1,8,31,2019-09-09 11:01:46
6237,,11,1,9,31,2019-09-09 11:01:46
6238,,11,1,10,31,2019-09-09 11:01:46
6239,,11,1,11,31,2019-09-09 11:01:46
6240,,11,1,25,31,2019-09-09 11:01:46
6241,,11,1,31,31,2019-09-09 11:01:46
6242,,11,1,43,31,2019-09-09 11:01:46
6243,,11,1,22,31,2019-09-09 11:01:46
6244,,11,1,46,31,2019-09-09 11:01:46
6245,,11,1,23,31,2019-09-09 11:01:46
6246,,11,1,52,31,2019-09-09 11:01:46
6270,10,31,1,30,59,2019-09-12 12:06:53
6271,10,31,1,31,59,2019-09-12 12:06:53
6272,10,31,1,22,59,2019-09-12 12:06:53
6273,3,29,2,8,66,2019-10-04 13:37:43
6288,1,108,1,14,183,2019-10-09 15:17:06
6289,1,108,1,15,183,2019-10-09 15:17:06
6290,1,108,1,16,183,2019-10-09 15:17:06
6291,1,108,1,17,183,2019-10-09 15:17:06
6292,1,108,1,18,183,2019-10-09 15:17:06
6293,1,108,1,19,183,2019-10-09 15:17:06
6294,1,108,1,26,183,2019-10-09 15:17:06
6295,1,108,1,27,183,2019-10-09 15:17:06
6296,1,108,1,28,183,2019-10-09 15:17:06
6297,1,108,1,29,183,2019-10-09 15:17:06
6298,1,108,1,30,183,2019-10-09 15:17:06
6299,1,108,1,31,183,2019-10-09 15:17:06
6300,1,108,1,32,183,2019-10-09 15:17:06
6301,1,108,1,33,183,2019-10-09 15:17:06
6302,1,108,1,34,183,2019-10-09 15:17:06
6303,1,108,1,20,183,2019-10-09 15:17:06
6304,1,108,1,21,183,2019-10-09 15:17:06
6305,1,108,1,36,183,2019-10-09 15:17:06
6306,1,108,1,40,183,2019-10-09 15:17:06
6307,1,108,1,41,183,2019-10-09 15:17:06
6308,1,108,1,43,183,2019-10-09 15:17:06
6379,8,114,1,14,212,2020-02-03 13:27:08
6380,8,114,1,15,212,2020-02-03 13:27:08
6381,8,114,1,16,212,2020-02-03 13:27:08
6382,8,114,1,17,212,2020-02-03 13:27:08
6383,8,114,1,18,212,2020-02-03 13:27:08
6384,8,114,1,19,212,2020-02-03 13:27:08
6385,8,114,1,26,212,2020-02-03 13:27:08
6386,8,114,1,31,212,2020-02-03 13:27:08
6387,8,114,1,32,212,2020-02-03 13:27:08
6388,8,114,1,33,212,2020-02-03 13:27:08
6389,8,114,1,34,212,2020-02-03 13:27:08
6390,8,114,1,20,212,2020-02-03 13:27:08
6391,8,114,1,40,212,2020-02-03 13:27:08
6392,8,114,1,43,212,2020-02-03 13:27:08
6400,6,44,1,17,103,2020-02-05 18:04:36
6401,6,44,1,26,103,2020-02-05 18:04:36
6402,,7,1,7,19,2020-04-08 13:27:41
6403,,7,1,8,19,2020-04-08 13:27:41
6404,,7,1,9,19,2020-04-08 13:27:41
6405,,7,1,10,19,2020-04-08 13:27:41
6406,,7,1,11,19,2020-04-08 13:27:41
6407,,7,1,25,19,2020-04-08 13:27:41
6408,,7,1,14,19,2020-04-08 13:27:41
6409,,7,1,16,19,2020-04-08 13:27:41
6410,,7,1,17,19,2020-04-08 13:27:41
6411,,7,1,18,19,2020-04-08 13:27:41
6412,,7,1,19,19,2020-04-08 13:27:41
6413,,7,1,26,19,2020-04-08 13:27:41
6414,,7,1,27,19,2020-04-08 13:27:41
6415,,7,1,28,19,2020-04-08 13:27:41
6416,,7,1,29,19,2020-04-08 13:27:41
6417,,7,1,30,19,2020-04-08 13:27:41
6418,,7,1,32,19,2020-04-08 13:27:41
6419,,7,1,34,19,2020-04-08 13:27:41
6420,,7,1,20,19,2020-04-08 13:27:41
6421,,7,1,21,19,2020-04-08 13:27:41
6422,,7,1,39,19,2020-04-08 13:27:41
6423,,7,1,40,19,2020-04-08 13:27:41
6424,,7,1,43,19,2020-04-08 13:27:41
6425,,7,1,22,19,2020-04-08 13:27:41
6426,,7,1,46,19,2020-04-08 13:27:41
6427,,5,3,8,26,2020-04-28 20:08:06
6428,,5,3,9,26,2020-04-28 20:08:06
6429,,5,3,25,26,2020-04-28 20:08:06
6430,,5,3,17,26,2020-04-28 20:08:06
6431,,5,3,18,26,2020-04-28 20:08:06
6432,,5,3,26,26,2020-04-28 20:08:06
6433,,5,3,28,26,2020-04-28 20:08:06
6434,,5,3,34,26,2020-04-28 20:08:06
6435,,5,3,20,26,2020-04-28 20:08:06
6436,,5,3,40,26,2020-04-28 20:08:06
6437,,5,3,42,26,2020-04-28 20:08:06
6438,,5,3,22,26,2020-04-28 20:08:06
6439,,5,3,46,26,2020-04-28 20:08:06
6440,3,28,3,7,65,2020-05-08 11:13:39
6441,3,28,3,8,65,2020-05-08 11:13:39
6442,3,28,3,16,65,2020-05-08 11:13:39
6443,3,28,3,33,65,2020-05-08 11:13:39
6444,3,28,3,43,65,2020-05-08 11:13:39
6489,7,112,1,8,219,2020-06-17 12:10:13
6490,7,112,1,9,219,2020-06-17 12:10:13
6491,7,112,1,18,219,2020-06-17 12:10:13
6492,7,112,1,28,219,2020-06-17 12:10:13
6493,7,112,1,31,219,2020-06-17 12:10:13
6494,7,112,1,34,219,2020-06-17 12:10:13
6495,7,112,1,20,219,2020-06-17 12:10:13
6496,7,112,1,21,219,2020-06-17 12:10:13
6497,7,112,1,36,219,2020-06-17 12:10:13
6498,7,112,1,39,219,2020-06-17 12:10:13
6499,7,112,1,43,219,2020-06-17 12:10:13
6500,7,112,1,50,219,2020-06-17 12:10:13
6501,7,112,1,22,219,2020-06-17 12:10:13
6502,7,112,1,46,219,2020-06-17 12:10:13
6503,7,112,1,23,219,2020-06-17 12:10:13
6504,7,112,1,24,219,2020-06-17 12:10:13
6505,7,112,1,52,219,2020-06-17 12:10:13
6555,9,48,2,8,108,2020-07-10 15:46:57
6556,9,48,2,9,108,2020-07-10 15:46:57
6557,9,48,2,10,108,2020-07-10 15:46:57
6558,9,48,2,11,108,2020-07-10 15:46:57
6559,9,48,2,25,108,2020-07-10 15:46:57
6560,9,48,2,14,108,2020-07-10 15:46:57
6561,9,48,2,15,108,2020-07-10 15:46:57
6562,9,48,2,16,108,2020-07-10 15:46:57
6563,9,48,2,17,108,2020-07-10 15:46:57
6564,9,48,2,18,108,2020-07-10 15:46:57
6565,9,48,2,19,108,2020-07-10 15:46:57
6566,9,48,2,26,108,2020-07-10 15:46:57
6567,9,48,2,27,108,2020-07-10 15:46:57
6568,9,48,2,28,108,2020-07-10 15:46:57
6569,9,48,2,29,108,2020-07-10 15:46:57
6570,9,48,2,30,108,2020-07-10 15:46:57
6571,9,48,2,31,108,2020-07-10 15:46:57
6572,9,48,2,32,108,2020-07-10 15:46:57
6573,9,48,2,33,108,2020-07-10 15:46:57
6574,9,48,2,34,108,2020-07-10 15:46:57
6575,9,48,2,20,108,2020-07-10 15:46:57
6576,9,48,2,21,108,2020-07-10 15:46:57
6577,9,48,2,35,108,2020-07-10 15:46:57
6578,9,48,2,36,108,2020-07-10 15:46:57
6579,9,48,2,37,108,2020-07-10 15:46:57
6580,9,48,2,38,108,2020-07-10 15:46:57
6581,9,48,2,39,108,2020-07-10 15:46:57
6582,9,48,2,40,108,2020-07-10 15:46:57
6583,9,48,2,41,108,2020-07-10 15:46:57
6584,9,48,2,42,108,2020-07-10 15:46:57
6585,9,48,2,43,108,2020-07-10 15:46:57
6586,9,48,2,49,108,2020-07-10 15:46:57
6587,9,48,2,50,108,2020-07-10 15:46:57
6588,9,48,2,22,108,2020-07-10 15:46:57
6589,9,48,2,46,108,2020-07-10 15:46:57
6590,9,48,2,23,108,2020-07-10 15:46:57
6591,9,48,2,24,108,2020-07-10 15:46:57
6594,9,48,3,7,108,2020-07-10 15:47:53
6595,9,48,3,8,108,2020-07-10 15:47:53
6596,9,48,3,9,108,2020-07-10 15:47:53
6597,9,48,3,10,108,2020-07-10 15:47:53
6598,9,48,3,11,108,2020-07-10 15:47:53
6599,9,48,3,25,108,2020-07-10 15:47:53
6600,9,48,3,14,108,2020-07-10 15:47:53
6601,9,48,3,15,108,2020-07-10 15:47:53
6602,9,48,3,16,108,2020-07-10 15:47:53
6603,9,48,3,17,108,2020-07-10 15:47:53
6604,9,48,3,19,108,2020-07-10 15:47:53
6605,9,48,3,26,108,2020-07-10 15:47:53
6606,9,48,3,27,108,2020-07-10 15:47:53
6607,9,48,3,28,108,2020-07-10 15:47:53
6608,9,48,3,29,108,2020-07-10 15:47:53
6609,9,48,3,30,108,2020-07-10 15:47:53
6610,9,48,3,31,108,2020-07-10 15:47:53
6611,9,48,3,32,108,2020-07-10 15:47:53
6612,9,48,3,33,108,2020-07-10 15:47:53
6613,9,48,3,34,108,2020-07-10 15:47:53
6614,9,48,3,20,108,2020-07-10 15:47:53
6615,9,48,3,21,108,2020-07-10 15:47:53
6616,9,48,3,35,108,2020-07-10 15:47:53
6617,9,48,3,36,108,2020-07-10 15:47:53
6618,9,48,3,37,108,2020-07-10 15:47:53
6619,9,48,3,38,108,2020-07-10 15:47:53
6620,9,48,3,39,108,2020-07-10 15:47:53
6621,9,48,3,40,108,2020-07-10 15:47:53
6622,9,48,3,41,108,2020-07-10 15:47:53
6623,9,48,3,42,108,2020-07-10 15:47:53
6624,9,48,3,43,108,2020-07-10 15:47:53
6625,9,48,3,49,108,2020-07-10 15:47:53
6626,9,48,3,50,108,2020-07-10 15:47:53
6627,9,48,3,22,108,2020-07-10 15:47:53
6628,9,48,3,23,108,2020-07-10 15:47:53
6629,9,48,3,24,108,2020-07-10 15:47:53
6668,6,124,1,25,250,2020-07-24 12:13:32
6669,6,124,1,34,250,2020-07-24 12:13:32
6670,5,60,1,7,179,2020-07-24 13:21:26
6671,5,60,1,8,179,2020-07-24 13:21:26
6672,5,60,1,9,179,2020-07-24 13:21:26
6673,5,60,1,10,179,2020-07-24 13:21:26
6674,5,60,1,11,179,2020-07-24 13:21:26
6675,5,60,1,25,179,2020-07-24 13:21:26
6676,5,60,1,14,179,2020-07-24 13:21:26
6677,5,60,1,15,179,2020-07-24 13:21:26
6678,5,60,1,16,179,2020-07-24 13:21:26
6679,5,60,1,17,179,2020-07-24 13:21:26
6680,5,60,1,18,179,2020-07-24 13:21:26
6681,5,60,1,19,179,2020-07-24 13:21:26
6682,5,60,1,26,179,2020-07-24 13:21:26
6683,5,60,1,27,179,2020-07-24 13:21:26
6684,5,60,1,28,179,2020-07-24 13:21:26
6685,5,60,1,29,179,2020-07-24 13:21:26
6686,5,60,1,30,179,2020-07-24 13:21:26
6687,5,60,1,31,179,2020-07-24 13:21:26
6688,5,60,1,32,179,2020-07-24 13:21:26
6689,5,60,1,33,179,2020-07-24 13:21:26
6690,5,60,1,34,179,2020-07-24 13:21:26
6691,5,60,1,20,179,2020-07-24 13:21:26
6692,5,60,1,21,179,2020-07-24 13:21:26
6693,5,60,1,35,179,2020-07-24 13:21:26
6694,5,60,1,36,179,2020-07-24 13:21:26
6695,5,60,1,37,179,2020-07-24 13:21:26
6696,5,60,1,38,179,2020-07-24 13:21:26
6697,5,60,1,39,179,2020-07-24 13:21:26
6698,5,60,1,40,179,2020-07-24 13:21:26
6699,5,60,1,41,179,2020-07-24 13:21:26
6700,5,60,1,42,179,2020-07-24 13:21:26
6701,5,60,1,43,179,2020-07-24 13:21:26
6702,5,60,1,49,179,2020-07-24 13:21:26
6703,5,60,1,50,179,2020-07-24 13:21:26
6704,5,60,1,22,179,2020-07-24 13:21:26
6705,5,60,1,46,179,2020-07-24 13:21:26
6706,5,60,1,52,179,2020-07-24 13:21:26
6709,6,125,1,34,251,2020-07-29 16:00:50
6710,5,126,1,55,253,2020-07-31 17:39:33
6738,1,109,1,10,188,2021-04-03 11:47:22
6739,1,109,1,25,188,2021-04-03 11:47:22
6740,1,109,1,14,188,2021-04-03 11:47:22
6741,1,109,1,15,188,2021-04-03 11:47:22
6742,1,109,1,18,188,2021-04-03 11:47:22
6743,1,109,1,19,188,2021-04-03 11:47:22
6744,1,109,1,26,188,2021-04-03 11:47:22
6745,1,109,1,28,188,2021-04-03 11:47:22
6746,1,109,1,31,188,2021-04-03 11:47:22
6747,1,109,1,34,188,2021-04-03 11:47:22
6748,1,109,1,40,188,2021-04-03 11:47:22
6749,1,109,1,43,188,2021-04-03 11:47:22
6750,1,109,1,22,188,2021-04-03 11:47:22
6751,1,109,1,46,188,2021-04-03 11:47:22
6752,1,109,1,23,188,2021-04-03 11:47:22
6753,1,109,1,52,188,2021-04-03 11:47:22
6757,,12,1,7,43,2021-04-19 14:24:35
6758,,12,1,8,43,2021-04-19 14:24:35
6759,,12,1,9,43,2021-04-19 14:24:35
6760,,12,1,10,43,2021-04-19 14:24:35
6761,,12,1,25,43,2021-04-19 14:24:35
6762,,12,1,15,43,2021-04-19 14:24:35
6763,,12,1,17,43,2021-04-19 14:24:35
6764,,12,1,18,43,2021-04-19 14:24:35
6765,,12,1,26,43,2021-04-19 14:24:35
6766,,12,1,27,43,2021-04-19 14:24:35
6767,,12,1,28,43,2021-04-19 14:24:35
6768,,12,1,29,43,2021-04-19 14:24:35
6769,,12,1,30,43,2021-04-19 14:24:35
6770,,12,1,34,43,2021-04-19 14:24:35
6771,,12,1,20,43,2021-04-19 14:24:35
6772,,12,1,21,43,2021-04-19 14:24:35
6773,,12,1,38,43,2021-04-19 14:24:35
6774,,12,1,39,43,2021-04-19 14:24:35
6775,,12,1,40,43,2021-04-19 14:24:35
6776,,12,1,42,43,2021-04-19 14:24:35
6777,,12,1,43,43,2021-04-19 14:24:35
6778,,12,1,22,43,2021-04-19 14:24:35
6779,,12,1,46,43,2021-04-19 14:24:35
6780,,12,1,23,43,2021-04-19 14:24:35
6781,,12,1,24,43,2021-04-19 14:24:35
6782,,12,1,51,43,2021-04-19 14:24:35
6783,,12,1,52,43,2021-04-19 14:24:35
6784,,12,1,54,43,2021-04-19 14:24:35
6805,6,41,1,9,118,2021-05-07 22:57:37
6843,,13,1,7,14,2021-08-10 10:37:55
6844,,13,1,8,14,2021-08-10 10:37:55
6845,,13,1,10,14,2021-08-10 10:37:55
6846,,13,1,11,14,2021-08-10 10:37:55
6847,,13,1,25,14,2021-08-10 10:37:55
6848,,13,1,15,14,2021-08-10 10:37:55
6849,,13,1,16,14,2021-08-10 10:37:55
6850,,13,1,17,14,2021-08-10 10:37:55
6851,,13,1,18,14,2021-08-10 10:37:55
6852,,13,1,26,14,2021-08-10 10:37:55
6853,,13,1,27,14,2021-08-10 10:37:55
6854,,13,1,28,14,2021-08-10 10:37:55
6855,,13,1,30,14,2021-08-10 10:37:55
6856,,13,1,31,14,2021-08-10 10:37:55
6857,,13,1,32,14,2021-08-10 10:37:55
6858,,13,1,33,14,2021-08-10 10:37:55
6859,,13,1,34,14,2021-08-10 10:37:55
6860,,13,1,20,14,2021-08-10 10:37:55
6861,,13,1,21,14,2021-08-10 10:37:55
6862,,13,1,36,14,2021-08-10 10:37:55
6863,,13,1,38,14,2021-08-10 10:37:55
6864,,13,1,39,14,2021-08-10 10:37:55
6865,,13,1,40,14,2021-08-10 10:37:55
6866,,13,1,43,14,2021-08-10 10:37:55
6867,,13,1,22,14,2021-08-10 10:37:55
6868,,13,1,46,14,2021-08-10 10:37:55
6869,,13,1,24,14,2021-08-10 10:37:55
6928,9,48,1,7,108,2021-11-06 11:44:52
6929,9,48,1,8,108,2021-11-06 11:44:52
6930,9,48,1,9,108,2021-11-06 11:44:52
6931,9,48,1,11,108,2021-11-06 11:44:52
6932,9,48,1,16,108,2021-11-06 11:44:52
6933,9,48,1,55,108,2021-11-06 11:44:52
6934,9,48,1,36,108,2021-11-06 11:44:52
6935,9,48,1,39,108,2021-11-06 11:44:52
6936,9,48,1,40,108,2021-11-06 11:44:52
6937,9,48,1,41,108,2021-11-06 11:44:52
6938,9,48,1,42,108,2021-11-06 11:44:52
6939,9,48,1,43,108,2021-11-06 11:44:52
6940,9,48,1,49,108,2021-11-06 11:44:52
6941,9,48,1,50,108,2021-11-06 11:44:52
6942,9,48,1,22,108,2021-11-06 11:44:52
6943,9,48,1,46,108,2021-11-06 11:44:52
6944,9,48,1,23,108,2021-11-06 11:44:52
6945,9,48,1,24,108,2021-11-06 11:44:52
6946,9,48,1,51,108,2021-11-06 11:44:52
6947,9,48,1,52,108,2021-11-06 11:44:52
6948,9,48,1,54,108,2021-11-06 11:44:52
6949,3,122,1,40,259,2021-12-15 12:34:42
6950,5,81,1,9,157,2021-12-31 13:13:26
6951,5,81,1,16,157,2021-12-31 13:13:26
6952,5,81,1,19,157,2021-12-31 13:13:26
6953,5,81,1,28,157,2021-12-31 13:13:26
6954,5,81,1,30,157,2021-12-31 13:13:26
6955,5,81,1,32,157,2021-12-31 13:13:26
6956,5,81,1,34,157,2021-12-31 13:13:26
6957,5,81,1,39,157,2021-12-31 13:13:26
6958,5,81,1,40,157,2021-12-31 13:13:26
6959,5,81,1,43,157,2021-12-31 13:13:26
6960,5,81,1,49,157,2021-12-31 13:13:26
6961,5,81,1,50,157,2021-12-31 13:13:26
6962,5,81,1,24,157,2021-12-31 13:13:26
6963,6,127,1,7,261,2022-01-04 10:42:50
6964,6,127,1,8,261,2022-01-04 10:42:50
6965,6,127,1,9,261,2022-01-04 10:42:50
6966,6,127,1,10,261,2022-01-04 10:42:50
6967,6,127,1,11,261,2022-01-04 10:42:50
6968,6,127,1,25,261,2022-01-04 10:42:50
6969,6,127,1,14,261,2022-01-04 10:42:50
6970,6,127,1,15,261,2022-01-04 10:42:50
6971,6,127,1,16,261,2022-01-04 10:42:50
6972,6,127,1,17,261,2022-01-04 10:42:50
6973,6,127,1,18,261,2022-01-04 10:42:50
6974,6,127,1,19,261,2022-01-04 10:42:50
6975,6,127,1,26,261,2022-01-04 10:42:50
6976,6,127,1,27,261,2022-01-04 10:42:50
6977,6,127,1,28,261,2022-01-04 10:42:50
6978,6,127,1,29,261,2022-01-04 10:42:50
6979,6,127,1,30,261,2022-01-04 10:42:50
6980,6,127,1,31,261,2022-01-04 10:42:50
6981,6,127,1,32,261,2022-01-04 10:42:50
6982,6,127,1,33,261,2022-01-04 10:42:50
6983,6,127,1,34,261,2022-01-04 10:42:50
6984,6,127,1,55,261,2022-01-04 10:42:50
6985,6,127,1,20,261,2022-01-04 10:42:50
6986,6,127,1,21,261,2022-01-04 10:42:50
6987,6,127,1,35,261,2022-01-04 10:42:50
6988,6,127,1,36,261,2022-01-04 10:42:50
6989,6,127,1,37,261,2022-01-04 10:42:50
6990,6,127,1,38,261,2022-01-04 10:42:50
6991,6,127,1,39,261,2022-01-04 10:42:50
6992,6,127,1,40,261,2022-01-04 10:42:50
6993,6,127,1,41,261,2022-01-04 10:42:50
6994,6,127,1,42,261,2022-01-04 10:42:50
6995,6,127,1,43,261,2022-01-04 10:42:50
6996,6,127,1,49,261,2022-01-04 10:42:50
6997,6,127,1,50,261,2022-01-04 10:42:50
6998,6,127,1,22,261,2022-01-04 10:42:50
6999,6,127,1,46,261,2022-01-04 10:42:50
7000,6,127,1,23,261,2022-01-04 10:42:50
7001,6,127,1,24,261,2022-01-04 10:42:50
7002,6,127,1,51,261,2022-01-04 10:42:50
7003,6,127,1,52,261,2022-01-04 10:42:50
7004,6,127,1,54,261,2022-01-04 10:42:50
7013,3,26,1,25,64,2022-02-08 16:17:52
7014,3,26,1,20,64,2022-02-08 16:17:52
7015,3,26,1,40,64,2022-02-08 16:17:52
7016,3,26,1,42,64,2022-02-08 16:17:52
7017,3,26,1,43,64,2022-02-08 16:17:52
7018,3,26,1,22,64,2022-02-08 16:17:52
7019,3,26,1,46,64,2022-02-08 16:17:52
7025,6,123,1,15,247,2022-05-31 11:37:22
7026,6,123,1,16,247,2022-05-31 11:37:22
7027,6,123,1,17,247,2022-05-31 11:37:22
7028,6,123,1,34,247,2022-05-31 11:37:22
7029,6,123,1,20,247,2022-05-31 11:37:22
7030,6,123,1,39,247,2022-05-31 11:37:22
7031,5,73,1,7,161,2022-10-01 08:49:45
7032,5,73,1,8,161,2022-10-01 08:49:45
7033,5,73,1,9,161,2022-10-01 08:49:45
7034,5,73,1,25,161,2022-10-01 08:49:45
7035,5,73,1,16,161,2022-10-01 08:49:45
7036,5,73,1,19,161,2022-10-01 08:49:45
7037,5,73,1,31,161,2022-10-01 08:49:45
7038,5,73,1,32,161,2022-10-01 08:49:45
7039,5,73,1,20,161,2022-10-01 08:49:45
7040,5,73,1,39,161,2022-10-01 08:49:45
7041,5,73,1,40,161,2022-10-01 08:49:45
7042,5,73,1,41,161,2022-10-01 08:49:45
7043,5,73,1,50,161,2022-10-01 08:49:45
7044,6,34,1,15,101,2022-11-03 16:25:50
7045,6,34,1,19,101,2022-11-03 16:25:50
7046,6,34,1,31,101,2022-11-03 16:25:50
7047,6,34,1,34,101,2022-11-03 16:25:50
7048,6,34,1,20,101,2022-11-03 16:25:50
7049,6,34,1,23,101,2022-11-03 16:25:50
7063,8,113,2,9,214,2023-06-05 12:38:56
7114,5,88,1,7,159,2023-07-05 15:59:18
7115,5,88,1,8,159,2023-07-05 15:59:18
7116,5,88,1,9,159,2023-07-05 15:59:18
7117,5,88,1,10,159,2023-07-05 15:59:18
7118,5,88,1,11,159,2023-07-05 15:59:18
7119,5,88,1,25,159,2023-07-05 15:59:18
7120,5,88,1,14,159,2023-07-05 15:59:18
7121,5,88,1,15,159,2023-07-05 15:59:18
7122,5,88,1,16,159,2023-07-05 15:59:18
7123,5,88,1,17,159,2023-07-05 15:59:18
7124,5,88,1,18,159,2023-07-05 15:59:18
7125,5,88,1,19,159,2023-07-05 15:59:18
7126,5,88,1,26,159,2023-07-05 15:59:18
7127,5,88,1,27,159,2023-07-05 15:59:18
7128,5,88,1,28,159,2023-07-05 15:59:18
7129,5,88,1,29,159,2023-07-05 15:59:18
7130,5,88,1,30,159,2023-07-05 15:59:18
7131,5,88,1,31,159,2023-07-05 15:59:18
7132,5,88,1,32,159,2023-07-05 15:59:18
7133,5,88,1,33,159,2023-07-05 15:59:18
7134,5,88,1,34,159,2023-07-05 15:59:18
7135,5,88,1,20,159,2023-07-05 15:59:18
7136,5,88,1,21,159,2023-07-05 15:59:18
7137,5,88,1,35,159,2023-07-05 15:59:18
7138,5,88,1,36,159,2023-07-05 15:59:18
7139,5,88,1,37,159,2023-07-05 15:59:18
7140,5,88,1,38,159,2023-07-05 15:59:18
7141,5,88,1,39,159,2023-07-05 15:59:18
7142,5,88,1,40,159,2023-07-05 15:59:18
7143,5,88,1,41,159,2023-07-05 15:59:18
7144,5,88,1,42,159,2023-07-05 15:59:18
7145,5,88,1,43,159,2023-07-05 15:59:18
7146,5,88,1,49,159,2023-07-05 15:59:18
7147,5,88,1,50,159,2023-07-05 15:59:18
7148,5,88,1,22,159,2023-07-05 15:59:18
7149,5,88,1,46,159,2023-07-05 15:59:18
7150,5,88,1,23,159,2023-07-05 15:59:18
7151,5,88,1,24,159,2023-07-05 15:59:18
7153,6,127,3,40,261,2023-09-11 16:19:58
7154,5,94,1,7,146,2023-10-05 13:09:56
7155,5,94,1,8,146,2023-10-05 13:09:56
7156,5,94,1,10,146,2023-10-05 13:09:56
7157,5,94,1,25,146,2023-10-05 13:09:56
7158,5,94,1,14,146,2023-10-05 13:09:56
7159,5,94,1,15,146,2023-10-05 13:09:56
7160,5,94,1,16,146,2023-10-05 13:09:56
7161,5,94,1,17,146,2023-10-05 13:09:56
7162,5,94,1,18,146,2023-10-05 13:09:56
7163,5,94,1,19,146,2023-10-05 13:09:57
7164,5,94,1,26,146,2023-10-05 13:09:57
7165,5,94,1,34,146,2023-10-05 13:09:57
7166,5,94,1,20,146,2023-10-05 13:09:57
7167,5,94,1,39,146,2023-10-05 13:09:57
7168,5,94,1,40,146,2023-10-05 13:09:57
7169,5,94,1,41,146,2023-10-05 13:09:57
7170,5,94,1,43,146,2023-10-05 13:09:57
7171,5,94,1,49,146,2023-10-05 13:09:57
7172,5,94,1,50,146,2023-10-05 13:09:57
7173,5,94,1,24,146,2023-10-05 13:09:57
7174,5,87,3,26,162,2023-11-02 14:51:17
7175,8,113,1,9,214,2024-01-04 18:08:10
7176,8,113,1,14,214,2024-01-04 18:08:10
7177,8,113,1,15,214,2024-01-04 18:08:10
7178,8,113,1,16,214,2024-01-04 18:08:10
7179,8,113,1,17,214,2024-01-04 18:08:10
7180,8,113,1,18,214,2024-01-04 18:08:10
7181,8,113,1,19,214,2024-01-04 18:08:10
7182,8,113,1,26,214,2024-01-04 18:08:10
7183,8,113,1,30,214,2024-01-04 18:08:10
7184,8,113,1,34,214,2024-01-04 18:08:10
7185,8,113,1,20,214,2024-01-04 18:08:10
7186,8,113,1,40,214,2024-01-04 18:08:10
7187,8,113,1,43,214,2024-01-04 18:08:10
7188,8,113,1,24,214,2024-01-04 18:08:10
7189,5,87,2,18,162,2024-01-19 10:22:07
7190,5,87,2,22,162,2024-01-19 10:22:07
7191,5,87,2,46,162,2024-01-19 10:22:07
7192,6,42,1,9,244,2024-02-01 17:26:28
7193,6,42,1,10,244,2024-02-01 17:26:28
7194,6,42,1,25,244,2024-02-01 17:26:28
7195,6,42,1,15,244,2024-02-01 17:26:28
7196,6,42,1,17,244,2024-02-01 17:26:28
7197,6,42,1,18,244,2024-02-01 17:26:28
7198,6,42,1,19,244,2024-02-01 17:26:28
7199,6,42,1,26,244,2024-02-01 17:26:28
7200,6,42,1,27,244,2024-02-01 17:26:28
7201,6,42,1,28,244,2024-02-01 17:26:28
7202,6,42,1,30,244,2024-02-01 17:26:28
7203,6,42,1,34,244,2024-02-01 17:26:28
7204,6,42,1,20,244,2024-02-01 17:26:28
7205,6,42,1,36,244,2024-02-01 17:26:28
7206,6,42,1,40,244,2024-02-01 17:26:28
7207,6,42,1,41,244,2024-02-01 17:26:28
7208,6,42,1,43,244,2024-02-01 17:26:28
7209,6,42,1,46,244,2024-02-01 17:26:28
7210,6,42,1,23,244,2024-02-01 17:26:28
7211,6,42,1,24,244,2024-02-01 17:26:28
